recipe,size,depth,generator,feature,bucket,stone_trials,accuracy,macro_accuracy,overcounts,undercounts
Asynchronous,9,32,random,all,all,341388,0.9991388097999929,0.9990386097325149,145,149
Asynchronous,9,32,random,chain_distance_vs_depth,inside,341388,0.9991388097999929,0.9990386097325149,145,149
Asynchronous,9,32,random,chain_distance_vs_depth,outside,0,,,0,0
Asynchronous,9,32,random,chain_size,0–1,124002,0.9999677424557668,0.9999688179079864,2,2
Asynchronous,9,32,random,chain_size,17–32,1791,1.0,1.0,0,0
Asynchronous,9,32,random,chain_size,2–4,138573,0.9997762911966978,0.9993866028202946,24,7
Asynchronous,9,32,random,chain_size,5–8,56304,0.9974779766979256,0.9925430899298839,73,69
Asynchronous,9,32,random,chain_size,9–16,20718,0.9943527367506516,0.9669633811053513,46,71
Asynchronous,9,32,random,cycle,acyclic,306018,0.9996176695488501,0.9995375728316543,56,61
Asynchronous,9,32,random,cycle,cyclic,35370,0.9949957591178965,0.9871452031227295,89,88
Asynchronous,9,32,random,diameter,0–4,301653,0.9995955617878821,0.9994907737560444,83,39
Asynchronous,9,32,random,diameter,5–8,34515,0.9950166594234391,0.9802291507824075,62,110
Asynchronous,9,32,random,diameter,9–16,5220,1.0,1.0,0,0
Asynchronous,9,32,random,edge_distance,0–0,194193,0.9988259103057268,0.9988384352325888,96,132
Asynchronous,9,32,random,edge_distance,1–1,80946,0.9992464111877054,0.9986479260296519,49,12
Asynchronous,9,32,random,edge_distance,2–2,46845,0.9999146120183584,0.9999263236618079,0,4
Asynchronous,9,32,random,edge_distance,3–4,19404,0.9999484642341785,0.9999315818281336,0,1
Asynchronous,9,32,random,liberties_vs_grid_light_cone,inside,341388,0.9991388097999929,0.9990386097325149,145,149
Asynchronous,9,32,random,liberties_vs_grid_light_cone,outside,0,,,0,0
Asynchronous,9,32,structured,all,all,525267,0.9986825747667377,0.9985302241125189,392,300
Asynchronous,9,32,structured,chain_distance_vs_depth,inside,525267,0.9986825747667377,0.9985302241125189,392,300
Asynchronous,9,32,structured,chain_distance_vs_depth,outside,0,,,0,0
Asynchronous,9,32,structured,chain_size,0–1,21321,0.999765489423573,0.9992651381540271,5,0
Asynchronous,9,32,structured,chain_size,17–32,208035,0.9980676328502416,0.9981869167971436,250,152
Asynchronous,9,32,structured,chain_size,2–4,72882,0.9997941878653165,0.9990933158149493,11,4
Asynchronous,9,32,structured,chain_size,5–8,177408,0.9991319444444444,0.9943584131058292,88,66
Asynchronous,9,32,structured,chain_size,9–16,45621,0.9974573113259244,0.9973306994828264,38,78
Asynchronous,9,32,structured,cycle,acyclic,488187,0.998775059557096,0.9986091986090665,317,281
Asynchronous,9,32,structured,cycle,cyclic,37080,0.9974649406688242,0.9971597761278289,75,19
Asynchronous,9,32,structured,diameter,0–4,132381,0.9996902878811914,0.9989871099198411,22,19
Asynchronous,9,32,structured,diameter,17–31,182385,0.9984922005647394,0.9986017874766155,193,82
Asynchronous,9,32,structured,diameter,5–8,156204,0.9990269135233413,0.9965756739793084,101,51
Asynchronous,9,32,structured,diameter,9–16,54297,0.9958745418715583,0.9960185881538002,76,148
Asynchronous,9,32,structured,edge_distance,0–0,162261,0.9999815112688816,0.9999815112688816,3,0
Asynchronous,9,32,structured,edge_distance,1–1,308223,0.9978878928567952,0.9979910519298955,369,282
Asynchronous,9,32,structured,edge_distance,2–2,51831,0.9995562501205842,0.9992722891437988,19,4
Asynchronous,9,32,structured,edge_distance,3–4,2952,0.9949186991869918,0.9943914685830109,1,14
Asynchronous,9,32,structured,liberties_vs_grid_light_cone,inside,525267,0.9986825747667377,0.9985302241125189,392,300
Asynchronous,9,32,structured,liberties_vs_grid_light_cone,outside,0,,,0,0
Asynchronous,9,64,random,all,all,341388,0.9945077155611797,0.9933199560600717,1432,443
Asynchronous,9,64,random,chain_distance_vs_depth,inside,341388,0.9945077155611797,0.9933199560600717,1432,443
Asynchronous,9,64,random,chain_distance_vs_depth,outside,0,,,0,0
Asynchronous,9,64,random,chain_size,0–1,124002,0.9931372074643957,0.9940049549448717,812,39
Asynchronous,9,64,random,chain_size,17–32,1791,1.0,1.0,0,0
Asynchronous,9,64,random,chain_size,2–4,138573,0.9964062263211448,0.994718619771185,350,148
Asynchronous,9,64,random,chain_size,5–8,56304,0.9938903097470873,0.9845672874852516,194,150
Asynchronous,9,64,random,chain_size,9–16,20718,0.9912153682787914,0.9532878279945487,76,106
Asynchronous,9,64,random,cycle,acyclic,306018,0.994823833892124,0.9939414940131476,1249,335
Asynchronous,9,64,random,cycle,cyclic,35370,0.9917726887192536,0.9778604576880411,183,108
Asynchronous,9,64,random,diameter,0–4,301653,0.9947489333770922,0.9938890905110515,1312,272
Asynchronous,9,64,random,diameter,5–8,34515,0.9917427205562799,0.968471292443309,120,165
Asynchronous,9,64,random,diameter,9–16,5220,0.9988505747126437,0.9988505747126437,0,6
Asynchronous,9,64,random,edge_distance,0–0,194193,0.9961121152667707,0.9962094245594445,432,323
Asynchronous,9,64,random,edge_distance,1–1,80946,0.9924888197069651,0.9857067082512052,525,83
Asynchronous,9,64,random,edge_distance,2–2,46845,0.992934144519159,0.9882378663922533,302,29
Asynchronous,9,64,random,edge_distance,3–4,19404,0.9906720263863121,0.9871240472238657,173,8
Asynchronous,9,64,random,liberties_vs_grid_light_cone,inside,341388,0.9945077155611797,0.9933199560600717,1432,443
Asynchronous,9,64,random,liberties_vs_grid_light_cone,outside,0,,,0,0
Asynchronous,9,64,structured,all,all,525267,0.9813999356517733,0.9790734512129711,6420,3350
Asynchronous,9,64,structured,chain_distance_vs_depth,inside,525267,0.9813999356517733,0.9790734512129711,6420,3350
Asynchronous,9,64,structured,chain_distance_vs_depth,outside,0,,,0,0
Asynchronous,9,64,structured,chain_size,0–1,21321,0.987430233103513,0.9461814697260923,260,8
Asynchronous,9,64,structured,chain_size,17–32,208035,0.9844449251327901,0.980154174258923,2276,960
Asynchronous,9,64,structured,chain_size,2–4,72882,0.9851678054938119,0.9732108394080656,836,245
Asynchronous,9,64,structured,chain_size,5–8,177408,0.979978354978355,0.9700795544843044,2263,1289
Asynchronous,9,64,structured,chain_size,9–16,45621,0.9642050809934022,0.9625144392575775,785,848
Asynchronous,9,64,structured,cycle,acyclic,488187,0.9829204792425853,0.9814588155834633,5224,3114
Asynchronous,9,64,structured,cycle,cyclic,37080,0.9613807982740021,0.9387275783912025,1196,236
Asynchronous,9,64,structured,diameter,0–4,132381,0.9840082791337126,0.9694183739008508,1600,517
Asynchronous,9,64,structured,diameter,17–31,182385,0.989516681744661,0.9844636467188463,1234,678
Asynchronous,9,64,structured,diameter,5–8,156204,0.9794179406417249,0.9727471561599857,2046,1169
Asynchronous,9,64,structured,diameter,9–16,54297,0.9534780927123045,0.9514080737906505,1540,986
Asynchronous,9,64,structured,edge_distance,0–0,162261,0.9937692976131048,0.9937692976131048,381,630
Asynchronous,9,64,structured,edge_distance,1–1,308223,0.9790508819912855,0.9748256241043636,4213,2244
Asynchronous,9,64,structured,edge_distance,2–2,51831,0.9600046304335244,0.9541694899329204,1624,449
Asynchronous,9,64,structured,edge_distance,3–4,2952,0.9224254742547425,0.940652455806076,202,27
Asynchronous,9,64,structured,liberties_vs_grid_light_cone,inside,525267,0.9813999356517733,0.9790734512129711,6420,3350
Asynchronous,9,64,structured,liberties_vs_grid_light_cone,outside,0,,,0,0
Asynchronous,9,128,random,all,all,341388,0.9594303256119138,0.9538729316838187,10041,3809
Asynchronous,9,128,random,chain_distance_vs_depth,inside,341388,0.9594303256119138,0.9538729316838187,10041,3809
Asynchronous,9,128,random,chain_distance_vs_depth,outside,0,,,0,0
Asynchronous,9,128,random,chain_size,0–1,124002,0.9441783197045209,0.9527822216543645,6605,317
Asynchronous,9,128,random,chain_size,17–32,1791,0.9955332216638749,0.9955332216638749,0,8
Asynchronous,9,128,random,chain_size,2–4,138573,0.9661911050493242,0.959733227220987,2682,2003
Asynchronous,9,128,random,chain_size,5–8,56304,0.9704461494742824,0.9411793083196521,630,1034
Asynchronous,9,128,random,chain_size,9–16,20718,0.9724394246548894,0.903344620094074,124,447
Asynchronous,9,128,random,cycle,acyclic,306018,0.9579273114653386,0.9542682294534853,9626,3249
Asynchronous,9,128,random,cycle,cyclic,35370,0.972434266327396,0.9340634809877075,415,560
Asynchronous,9,128,random,diameter,0–4,301653,0.9575770836026826,0.9544030753138345,9777,3020
Asynchronous,9,128,random,diameter,5–8,34515,0.9711429813124728,0.9143417619822629,264,732
Asynchronous,9,128,random,diameter,9–16,5220,0.9890804597701149,0.9890804597701149,0,57
Asynchronous,9,128,random,edge_distance,0–0,194193,0.9701019089256564,0.9716248041715637,3270,2536
Asynchronous,9,128,random,edge_distance,1–1,80946,0.9560694784177106,0.927122581338366,2706,850
Asynchronous,9,128,random,edge_distance,2–2,46845,0.9385846942042907,0.9081617880986571,2566,311
Asynchronous,9,128,random,edge_distance,3–4,19404,0.9169758812615956,0.893288485729502,1499,112
Asynchronous,9,128,random,liberties_vs_grid_light_cone,inside,341388,0.9594303256119138,0.9538729316838187,10041,3809
Asynchronous,9,128,random,liberties_vs_grid_light_cone,outside,0,,,0,0
Asynchronous,9,128,structured,all,all,525267,0.8905623235421224,0.886031738015262,27315,30169
Asynchronous,9,128,structured,chain_distance_vs_depth,inside,525267,0.8905623235421224,0.886031738015262,27315,30169
Asynchronous,9,128,structured,chain_distance_vs_depth,outside,0,,,0,0
Asynchronous,9,128,structured,chain_size,0–1,21321,0.955255382017729,0.8488184003585544,857,97
Asynchronous,9,128,structured,chain_size,17–32,208035,0.9054870574662918,0.8772036341564855,7005,12657
Asynchronous,9,128,structured,chain_size,2–4,72882,0.9073022145385692,0.8875331825945888,4302,2454
Asynchronous,9,128,structured,chain_size,5–8,177408,0.8637378246753247,0.8822206481933201,12221,11953
Asynchronous,9,128,structured,chain_size,9–16,45621,0.8698406435632713,0.8618881093082944,2930,3008
Asynchronous,9,128,structured,cycle,acyclic,488187,0.8921355955812015,0.8903701056097256,23871,28787
Asynchronous,9,128,structured,cycle,cyclic,37080,0.869848975188781,0.8090768960233126,3444,1382
Asynchronous,9,128,structured,diameter,0–4,132381,0.9095111836290707,0.8803178314710667,7376,4603
Asynchronous,9,128,structured,diameter,17–31,182385,0.9147846588261096,0.8843330736674926,3935,11607
Asynchronous,9,128,structured,diameter,5–8,156204,0.8616232618883,0.8801145285458959,10821,10794
Asynchronous,9,128,structured,diameter,9–16,54297,0.8462530158203952,0.8369363409307624,5183,3165
Asynchronous,9,128,structured,edge_distance,0–0,162261,0.9101570925854026,0.9101570925854026,3814,10764
Asynchronous,9,128,structured,edge_distance,1–1,308223,0.8900730964269377,0.8680359084242917,16209,17673
Asynchronous,9,128,structured,edge_distance,2–2,51831,0.8409831953850012,0.829770085956573,6563,1679
Asynchronous,9,128,structured,edge_distance,3–4,2952,0.7350948509485095,0.802850807736618,729,53
Asynchronous,9,128,structured,liberties_vs_grid_light_cone,inside,525267,0.8905623235421224,0.886031738015262,27315,30169
Asynchronous,9,128,structured,liberties_vs_grid_light_cone,outside,0,,,0,0
Asynchronous,9,256,random,all,all,341388,0.8879017422990849,0.8703010600499502,26988,11281
Asynchronous,9,256,random,chain_distance_vs_depth,inside,341388,0.8879017422990849,0.8703010600499502,26988,11281
Asynchronous,9,256,random,chain_distance_vs_depth,outside,0,,,0,0
Asynchronous,9,256,random,chain_size,0–1,124002,0.8439621941581588,0.8602958207133854,17881,1468
Asynchronous,9,256,random,chain_size,17–32,1791,0.9687325516471245,0.9687325516471245,0,56
Asynchronous,9,256,random,chain_size,2–4,138573,0.9042814978386843,0.8830769238558711,7366,5898
Asynchronous,9,256,random,chain_size,5–8,56304,0.9229539641943734,0.8531464800143286,1517,2821
Asynchronous,9,256,random,chain_size,9–16,20718,0.9390867844386523,0.8290971386356615,224,1038
Asynchronous,9,256,random,cycle,acyclic,306018,0.8828729029011365,0.8700187432872167,26081,9762
Asynchronous,9,256,random,cycle,cyclic,35370,0.9314108001130902,0.8524968189734933,907,1519
Asynchronous,9,256,random,diameter,0–4,301653,0.8812310833971484,0.8698717105042016,26463,9364
Asynchronous,9,256,random,diameter,5–8,34515,0.9341735477328698,0.8432422076084852,525,1747
Asynchronous,9,256,random,diameter,9–16,5220,0.9674329501915708,0.9674329501915708,0,170
Asynchronous,9,256,random,edge_distance,0–0,194193,0.9049708279907103,0.9061135512217869,11405,7049
Asynchronous,9,256,random,edge_distance,1–1,80946,0.8898648481703852,0.8282337672893777,6088,2827
Asynchronous,9,256,random,edge_distance,2–2,46845,0.849973316255737,0.7647803211833664,5963,1065
Asynchronous,9,256,random,edge_distance,3–4,19404,0.800453514739229,0.7259751131438972,3532,340
Asynchronous,9,256,random,liberties_vs_grid_light_cone,inside,341388,0.8879017422990849,0.8703010600499502,26988,11281
Asynchronous,9,256,random,liberties_vs_grid_light_cone,outside,0,,,0,0
Asynchronous,9,256,structured,all,all,525267,0.77770352982388,0.7882045824285462,56757,60008
Asynchronous,9,256,structured,chain_distance_vs_depth,inside,525267,0.77770352982388,0.7882045824285462,56757,60008
Asynchronous,9,256,structured,chain_distance_vs_depth,outside,0,,,0,0
Asynchronous,9,256,structured,chain_size,0–1,21321,0.9025843065522255,0.7708509251623358,1810,267
Asynchronous,9,256,structured,chain_size,17–32,208035,0.8108539428461556,0.7671484995894026,15368,23981
Asynchronous,9,256,structured,chain_size,2–4,72882,0.7957520375401334,0.8007673719977187,9178,5708
Asynchronous,9,256,structured,chain_size,5–8,177408,0.7109713203463204,0.7853481631735659,25750,25526
Asynchronous,9,256,structured,chain_size,9–16,45621,0.7988426382586966,0.7863307742123649,4651,4526
Asynchronous,9,256,structured,cycle,acyclic,488187,0.7757969794361587,0.7921261153569221,51506,57947
Asynchronous,9,256,structured,cycle,cyclic,37080,0.8028047464940669,0.713347956016144,5251,2061
Asynchronous,9,256,structured,diameter,0–4,132381,0.8023583444754157,0.7976068957552708,15641,10523
Asynchronous,9,256,structured,diameter,17–31,182385,0.8173259862379033,0.7702006828002805,10752,22565
Asynchronous,9,256,structured,diameter,5–8,156204,0.7127730403830888,0.7787044728186249,22459,22407
Asynchronous,9,256,structured,diameter,9–16,54297,0.7712949150045122,0.7582737300241917,7905,4513
Asynchronous,9,256,structured,edge_distance,0–0,162261,0.7461497217445967,0.7461497217445967,15763,25427
Asynchronous,9,256,structured,edge_distance,1–1,308223,0.8004626520408925,0.7672296580072424,29788,31714
Asynchronous,9,256,structured,edge_distance,2–2,51831,0.7544712623719396,0.7339761018026315,9930,2796
Asynchronous,9,256,structured,edge_distance,3–4,2952,0.5436991869918699,0.6455794454497746,1276,71
Asynchronous,9,256,structured,liberties_vs_grid_light_cone,inside,525267,0.77770352982388,0.7882045824285462,56757,60008
Asynchronous,9,256,structured,liberties_vs_grid_light_cone,outside,0,,,0,0
Asynchronous,13,32,random,all,all,187011,0.9987808203795498,0.9987544470427716,110,118
Asynchronous,13,32,random,chain_distance_vs_depth,inside,187011,0.9987808203795498,0.9987544470427716,110,118
Asynchronous,13,32,random,chain_distance_vs_depth,outside,0,,,0,0
Asynchronous,13,32,random,chain_size,0–1,61605,1.0,1.0,0,0
Asynchronous,13,32,random,chain_size,17–32,2781,1.0,1.0,0,0
Asynchronous,13,32,random,chain_size,2–4,73350,0.9994274028629857,0.9993773898127803,7,35
Asynchronous,13,32,random,chain_size,33–64,306,1.0,1.0,0,0
Asynchronous,13,32,random,chain_size,5–8,32481,0.9960900218589329,0.9902448787607739,69,58
Asynchronous,13,32,random,chain_size,9–16,16488,0.996421639980592,0.9610882330511706,34,25
Asynchronous,13,32,random,cycle,acyclic,162360,0.9992177876324218,0.9992655581794037,41,86
Asynchronous,13,32,random,cycle,cyclic,24651,0.9959028031317188,0.986765409280017,69,32
Asynchronous,13,32,random,diameter,0–4,155484,0.9991896272285251,0.999195911726904,86,40
Asynchronous,13,32,random,diameter,17–31,306,1.0,1.0,0,0
Asynchronous,13,32,random,diameter,5–8,24399,0.9961063978031887,0.9840893359424685,24,71
Asynchronous,13,32,random,diameter,9–16,6822,0.9989739079448842,0.9989739079448842,0,7
Asynchronous,13,32,random,edge_distance,0–0,82890,0.9994209192906262,0.9994771102532575,11,37
Asynchronous,13,32,random,edge_distance,1–1,36783,0.9971726069108012,0.9969517482441662,51,53
Asynchronous,13,32,random,edge_distance,2–2,30537,0.9992468153387694,0.9993241672454144,1,22
Asynchronous,13,32,random,edge_distance,3–4,31725,0.9983293932230103,0.9978269879029479,47,6
Asynchronous,13,32,random,edge_distance,5–8,5076,1.0,1.0,0,0
Asynchronous,13,32,random,liberties_vs_grid_light_cone,inside,187011,0.9987808203795498,0.9987544470427716,110,118
Asynchronous,13,32,random,liberties_vs_grid_light_cone,outside,0,,,0,0
Asynchronous,13,32,structured,all,all,269397,0.6304338949579988,0.5598790075660016,342,99218
Asynchronous,13,32,structured,chain_distance_vs_depth,inside,196038,0.7494108285128394,0.6518411945417983,293,48832
Asynchronous,13,32,structured,chain_distance_vs_depth,outside,73359,0.312490628280102,0.3003926443264088,49,50386
Asynchronous,13,32,structured,chain_size,0–1,5553,1.0,1.0,0,0
Asynchronous,13,32,structured,chain_size,17–32,28359,0.5653231778271448,0.5205589231036438,2,12325
Asynchronous,13,32,structured,chain_size,2–4,14949,0.9964546123486521,0.9984257300488066,0,53
Asynchronous,13,32,structured,chain_size,33–64,31698,0.5761562243674679,0.42501155890882286,49,13386
Asynchronous,13,32,structured,chain_size,5–8,24678,0.9776318988572817,0.958451148343648,2,550
Asynchronous,13,32,structured,chain_size,65–128,80478,0.12784860458758915,0.27719411369613056,0,70189
Asynchronous,13,32,structured,chain_size,9–16,83682,0.9641021964102197,0.9068367190306075,289,2715
Asynchronous,13,32,structured,cycle,acyclic,249777,0.6415802896183396,0.5644374833504183,342,89183
Asynchronous,13,32,structured,cycle,cyclic,19620,0.48853211009174313,0.45283306831779224,0,10035
Asynchronous,13,32,structured,diameter,0–4,26118,0.9960946473696302,0.9982181653836124,2,100
Asynchronous,13,32,structured,diameter,17–31,52443,0.2859294853459947,0.3760599546667962,2,37446
Asynchronous,13,32,structured,diameter,32–63,28026,0.5978734032683937,0.462679854151099,49,11221
Asynchronous,13,32,structured,diameter,5–8,33318,0.9633831562518759,0.9273822801670908,21,1199
Asynchronous,13,32,structured,diameter,64–127,45333,0.1360598239692939,0.25783275317902493,0,39165
Asynchronous,13,32,structured,diameter,9–16,84159,0.8769590893427917,0.7167721708775715,268,10087
Asynchronous,13,32,structured,edge_distance,0–0,59193,0.9920598719443178,0.9920598719443178,12,458
Asynchronous,13,32,structured,edge_distance,1–1,165618,0.4585491915129998,0.4151834637432703,316,89358
Asynchronous,13,32,structured,edge_distance,2–2,34659,0.7470209757927234,0.5934821973551393,9,8759
Asynchronous,13,32,structured,edge_distance,3–4,9765,0.9336405529953917,0.7956068195011726,5,643
Asynchronous,13,32,structured,edge_distance,5–8,162,1.0,1.0,0,0
Asynchronous,13,32,structured,liberties_vs_grid_light_cone,inside,269397,0.6304338949579988,0.5598790075660016,342,99218
Asynchronous,13,32,structured,liberties_vs_grid_light_cone,outside,0,,,0,0
Asynchronous,13,64,random,all,all,187011,0.9935244450861179,0.9915235706555705,925,286
Asynchronous,13,64,random,chain_distance_vs_depth,inside,187011,0.9935244450861179,0.9915235706555705,925,286
Asynchronous,13,64,random,chain_distance_vs_depth,outside,0,,,0,0
Asynchronous,13,64,random,chain_size,0–1,61605,0.9916402889375863,0.9929539230694824,494,21
Asynchronous,13,64,random,chain_size,17–32,2781,0.998561668464581,0.998561668464581,0,4
Asynchronous,13,64,random,chain_size,2–4,73350,0.9958963871847307,0.9939969591341574,204,97
Asynchronous,13,64,random,chain_size,33–64,306,1.0,1.0,0,0
Asynchronous,13,64,random,chain_size,5–8,32481,0.9903328099504326,0.9677669624917034,185,129
Asynchronous,13,64,random,chain_size,9–16,16488,0.9953299369238234,0.9373902644712648,42,35
Asynchronous,13,64,random,cycle,acyclic,162360,0.993729982754373,0.9924178273013762,793,225
Asynchronous,13,64,random,cycle,cyclic,24651,0.9921707030140765,0.9660251619123863,132,61
Asynchronous,13,64,random,diameter,0–4,155484,0.9933755241696894,0.9921715125831274,855,175
Asynchronous,13,64,random,diameter,17–31,306,1.0,1.0,0,0
Asynchronous,13,64,random,diameter,5–8,24399,0.9933193983359974,0.9678413065227858,70,93
Asynchronous,13,64,random,diameter,9–16,6822,0.9973614775725593,0.9973614775725593,0,18
Asynchronous,13,64,random,edge_distance,0–0,82890,0.9965617082880927,0.9965511426978007,145,140
Asynchronous,13,64,random,edge_distance,1–1,36783,0.9912731424842998,0.9854053865655952,241,80
Asynchronous,13,64,random,edge_distance,2–2,30537,0.9924681533876936,0.9885916838192293,187,43
Asynchronous,13,64,random,edge_distance,3–4,31725,0.9898502758077227,0.9839129619188298,302,20
Asynchronous,13,64,random,edge_distance,5–8,5076,0.989558707643814,0.9886461171908673,50,3
Asynchronous,13,64,random,liberties_vs_grid_light_cone,inside,187011,0.9935244450861179,0.9915235706555705,925,286
Asynchronous,13,64,random,liberties_vs_grid_light_cone,outside,0,,,0,0
Asynchronous,13,64,structured,all,all,269397,0.6141122581172025,0.556062540020187,3741,100216
Asynchronous,13,64,structured,chain_distance_vs_depth,inside,224064,0.7059813267637818,0.6238566599745692,3741,62138
Asynchronous,13,64,structured,chain_distance_vs_depth,outside,45333,0.1600379414554519,0.2780576076412208,0,38078
Asynchronous,13,64,structured,chain_size,0–1,5553,0.9796506392940753,0.9595024317246539,67,46
Asynchronous,13,64,structured,chain_size,17–32,28359,0.5704361930956663,0.5239419765367186,42,12140
Asynchronous,13,64,structured,chain_size,2–4,14949,0.9760519098267443,0.9609720374564857,114,244
Asynchronous,13,64,structured,chain_size,33–64,31698,0.5759038425137233,0.44755192023435947,310,13133
Asynchronous,13,64,structured,chain_size,5–8,24678,0.9454574925034444,0.9519984309775786,267,1079
Asynchronous,13,64,structured,chain_size,65–128,80478,0.14831382489624495,0.29389776271587065,3,68539
Asynchronous,13,64,structured,chain_size,9–16,83682,0.904722640472264,0.8661881864189134,2938,5035
Asynchronous,13,64,structured,cycle,acyclic,249777,0.623516176429375,0.5604995894612637,3731,90306
Asynchronous,13,64,structured,cycle,cyclic,19620,0.4943934760448522,0.4492620367796916,10,9910
Asynchronous,13,64,structured,diameter,0–4,26118,0.9730836970671568,0.9651727030239735,249,454
Asynchronous,13,64,structured,diameter,17–31,52443,0.29521575806113304,0.38621290306025957,42,36919
Asynchronous,13,64,structured,diameter,32–63,28026,0.5999785913080711,0.4963887007427358,310,10901
Asynchronous,13,64,structured,diameter,5–8,33318,0.92475538747824,0.8840119367323886,452,2055
Asynchronous,13,64,structured,diameter,64–127,45333,0.1600379414554519,0.2780576076412208,0,38078
Asynchronous,13,64,structured,diameter,9–16,84159,0.8277427250799083,0.6899591783282084,2688,11809
Asynchronous,13,64,structured,edge_distance,0–0,59193,0.9379487439393172,0.9379487439393172,671,3002
Asynchronous,13,64,structured,edge_distance,1–1,165618,0.45405088818848194,0.41697166550823384,2599,87820
Asynchronous,13,64,structured,edge_distance,2–2,34659,0.7374707868086211,0.5841143648748827,379,8720
Asynchronous,13,64,structured,edge_distance,3–4,9765,0.9220686123911931,0.7472714812244501,87,674
Asynchronous,13,64,structured,edge_distance,5–8,162,0.9691358024691358,0.9794238683127571,5,0
Asynchronous,13,64,structured,liberties_vs_grid_light_cone,inside,269397,0.6141122581172025,0.556062540020187,3741,100216
Asynchronous,13,64,structured,liberties_vs_grid_light_cone,outside,0,,,0,0
Asynchronous,13,128,random,all,all,187011,0.955403692830903,0.9418973925481241,6529,1811
Asynchronous,13,128,random,chain_distance_vs_depth,inside,187011,0.955403692830903,0.9418973925481241,6529,1811
Asynchronous,13,128,random,chain_distance_vs_depth,outside,0,,,0,0
Asynchronous,13,128,random,chain_size,0–1,61605,0.9302654005356709,0.9404286717274433,4124,172
Asynchronous,13,128,random,chain_size,17–32,2781,0.9841783531103919,0.9841783531103919,0,44
Asynchronous,13,128,random,chain_size,2–4,73350,0.9648534423994547,0.953061767776314,1690,888
Asynchronous,13,128,random,chain_size,33–64,306,1.0,1.0,0,0
Asynchronous,13,128,random,chain_size,5–8,32481,0.9653643668606262,0.9051527463463009,617,508
Asynchronous,13,128,random,chain_size,9–16,16488,0.9819868995633187,0.8078536187694636,98,199
Asynchronous,13,128,random,cycle,acyclic,162360,0.9527839369302784,0.9431281330545488,6143,1523
Asynchronous,13,128,random,cycle,cyclic,24651,0.9726583100077076,0.8980277122271455,386,288
Asynchronous,13,128,random,diameter,0–4,155484,0.9511332355740784,0.9430019281272612,6263,1335
Asynchronous,13,128,random,diameter,17–31,306,1.0,1.0,0,0
Asynchronous,13,128,random,diameter,5–8,24399,0.9743841960736096,0.8890994812940789,266,359
Asynchronous,13,128,random,diameter,9–16,6822,0.9828496042216359,0.9828496042216359,0,117
Asynchronous,13,128,random,edge_distance,0–0,82890,0.9701170225600193,0.9706906948034186,1414,1063
Asynchronous,13,128,random,edge_distance,1–1,36783,0.9560666612293722,0.9250936727082003,1264,352
Asynchronous,13,128,random,edge_distance,2–2,30537,0.9457052100730262,0.9034285073260204,1454,204
Asynchronous,13,128,random,edge_distance,3–4,31725,0.9321040189125296,0.8945002295776406,1995,159
Asynchronous,13,128,random,edge_distance,5–8,5076,0.9143026004728132,0.9064625992112864,402,33
Asynchronous,13,128,random,liberties_vs_grid_light_cone,inside,187011,0.955403692830903,0.9418973925481241,6529,1811
Asynchronous,13,128,random,liberties_vs_grid_light_cone,outside,0,,,0,0
Asynchronous,13,128,structured,all,all,269397,0.5694569724235979,0.5213816647891453,11088,104899
Asynchronous,13,128,structured,chain_distance_vs_depth,inside,269397,0.5694569724235979,0.5213816647891453,11088,104899
Asynchronous,13,128,structured,chain_distance_vs_depth,outside,0,,,0,0
Asynchronous,13,128,structured,chain_size,0–1,5553,0.9540788762830902,0.8792555181444071,124,131
Asynchronous,13,128,structured,chain_size,17–32,28359,0.5858810254240276,0.5401452084565628,486,11258
Asynchronous,13,128,structured,chain_size,2–4,14949,0.9169175195665262,0.88765106104874,528,714
Asynchronous,13,128,structured,chain_size,33–64,31698,0.5600668811912424,0.4505495086663818,1453,12492
Asynchronous,13,128,structured,chain_size,5–8,24678,0.8686279277088905,0.8873462614311571,1150,2092
Asynchronous,13,128,structured,chain_size,65–128,80478,0.1654116652998335,0.2991575799842049,475,66691
Asynchronous,13,128,structured,chain_size,9–16,83682,0.7802036280203628,0.7848164858019012,6872,11521
Asynchronous,13,128,structured,cycle,acyclic,249777,0.5742242079935302,0.522502463211468,10721,95628
Asynchronous,13,128,structured,cycle,cyclic,19620,0.5087665647298675,0.462342752581957,367,9271
Asynchronous,13,128,structured,diameter,0–4,26118,0.9145799831533808,0.8964036992038268,954,1277
Asynchronous,13,128,structured,diameter,17–31,52443,0.3081631485612951,0.38548654048994746,631,35651
Asynchronous,13,128,structured,diameter,32–63,28026,0.5845286519660315,0.49394068816239484,1323,10321
Asynchronous,13,128,structured,diameter,5–8,33318,0.8466294495467915,0.8203829504494121,1581,3529
Asynchronous,13,128,structured,diameter,64–127,45333,0.1738248075353495,0.282804454891426,306,37147
Asynchronous,13,128,structured,diameter,9–16,84159,0.7235352131085208,0.6316604951425344,6293,16974
Asynchronous,13,128,structured,edge_distance,0–0,59193,0.7839102596590813,0.7839102596590813,2132,10659
Asynchronous,13,128,structured,edge_distance,1–1,165618,0.44333949208419376,0.40955866317677087,6402,85791
Asynchronous,13,128,structured,edge_distance,2–2,34659,0.7142733489137021,0.5792795057980586,2089,7814
Asynchronous,13,128,structured,edge_distance,3–4,9765,0.8888888888888888,0.7273071891806993,450,635
Asynchronous,13,128,structured,edge_distance,5–8,162,0.9074074074074074,0.9382716049382717,15,0
Asynchronous,13,128,structured,liberties_vs_grid_light_cone,inside,269397,0.5694569724235979,0.5213816647891453,11088,104899
Asynchronous,13,128,structured,liberties_vs_grid_light_cone,outside,0,,,0,0
Asynchronous,13,256,random,all,all,187011,0.8872419269454738,0.8487271935427729,15880,5207
Asynchronous,13,256,random,chain_distance_vs_depth,inside,187011,0.8872419269454738,0.8487271935427729,15880,5207
Asynchronous,13,256,random,chain_distance_vs_depth,outside,0,,,0,0
Asynchronous,13,256,random,chain_size,0–1,61605,0.8194464735005276,0.8373448419156411,10399,724
Asynchronous,13,256,random,chain_size,17–32,2781,0.9647608773822366,0.9647608773822366,0,98
Asynchronous,13,256,random,chain_size,2–4,73350,0.9061895023858214,0.8660704420944481,4332,2549
Asynchronous,13,256,random,chain_size,33–64,306,0.9705882352941176,0.9705882352941176,0,9
Asynchronous,13,256,random,chain_size,5–8,32481,0.9263877343677842,0.8103988754075984,1047,1344
Asynchronous,13,256,random,chain_size,9–16,16488,0.9645196506550219,0.7904680770789936,102,483
Asynchronous,13,256,random,cycle,acyclic,162360,0.8787447647203744,0.8487605284550186,15248,4439
Asynchronous,13,256,random,cycle,cyclic,24651,0.9432071721228348,0.8264866174432557,632,768
Asynchronous,13,256,random,diameter,0–4,155484,0.8739998970955211,0.8484939531179634,15465,4126
Asynchronous,13,256,random,diameter,17–31,306,0.9705882352941176,0.9705882352941176,0,9
Asynchronous,13,256,random,diameter,5–8,24399,0.9494241567277347,0.8086284795413695,415,819
Asynchronous,13,256,random,diameter,9–16,6822,0.9629141014365289,0.9629141014365289,0,253
Asynchronous,13,256,random,edge_distance,0–0,82890,0.906599107250573,0.9014189625922526,4681,3061
Asynchronous,13,256,random,edge_distance,1–1,36783,0.8959029986678628,0.8318523131304586,2719,1110
Asynchronous,13,256,random,edge_distance,2–2,30537,0.8748731047581623,0.7711653230912192,3310,511
Asynchronous,13,256,random,edge_distance,3–4,31725,0.8521040189125295,0.7509008337534944,4248,444
Asynchronous,13,256,random,edge_distance,5–8,5076,0.8024034672970843,0.7593577258419133,922,81
Asynchronous,13,256,random,liberties_vs_grid_light_cone,inside,187011,0.8872419269454738,0.8487271935427729,15880,5207
Asynchronous,13,256,random,liberties_vs_grid_light_cone,outside,0,,,0,0
Asynchronous,13,256,structured,all,all,269397,0.5289554078182014,0.4891036813758619,19560,107338
Asynchronous,13,256,structured,chain_distance_vs_depth,inside,269397,0.5289554078182014,0.4891036813758619,19560,107338
Asynchronous,13,256,structured,chain_distance_vs_depth,outside,0,,,0,0
Asynchronous,13,256,structured,chain_size,0–1,5553,0.9236448766432559,0.8431412894375857,240,184
Asynchronous,13,256,structured,chain_size,17–32,28359,0.5942028985507246,0.5577180303378115,1926,9582
Asynchronous,13,256,structured,chain_size,2–4,14949,0.8188507592481102,0.8103629496105846,1376,1332
Asynchronous,13,256,structured,chain_size,33–64,31698,0.5663133320714241,0.47763718821523393,2632,11115
Asynchronous,13,256,structured,chain_size,5–8,24678,0.7905016613988167,0.7626009680271496,2067,3103
Asynchronous,13,256,structured,chain_size,65–128,80478,0.1807574740922985,0.29351701336651553,1428,64503
Asynchronous,13,256,structured,chain_size,9–16,83682,0.6724504672450468,0.7289148896058033,9891,17519
Asynchronous,13,256,structured,cycle,acyclic,249777,0.529588392846419,0.4871475900825654,17568,99930
Asynchronous,13,256,structured,cycle,cyclic,19620,0.5208970438328236,0.48519560839075615,1992,7408
Asynchronous,13,256,structured,diameter,0–4,26118,0.8331036067080174,0.8273379024130609,2193,2166
Asynchronous,13,256,structured,diameter,17–31,52443,0.3185744522624564,0.3738934874235383,1797,33939
Asynchronous,13,256,structured,diameter,32–63,28026,0.5934846214229644,0.5078640005996997,1985,9408
Asynchronous,13,256,structured,diameter,5–8,33318,0.7651419653040399,0.7352777037434954,2707,5118
Asynchronous,13,256,structured,diameter,64–127,45333,0.1856263648997419,0.27736495063374966,979,35939
Asynchronous,13,256,structured,diameter,9–16,84159,0.6356064116731425,0.6091925532030678,9899,20768
Asynchronous,13,256,structured,edge_distance,0–0,59193,0.6162046187893839,0.6162046187893839,4550,18168
Asynchronous,13,256,structured,edge_distance,1–1,165618,0.4431523143619655,0.4106749596629209,10305,81919
Asynchronous,13,256,structured,edge_distance,2–2,34659,0.6984910124354424,0.604409135889745,3814,6636
Asynchronous,13,256,structured,edge_distance,3–4,9765,0.8485407066052227,0.6826118727412833,864,615
Asynchronous,13,256,structured,edge_distance,5–8,162,0.8333333333333334,0.7901234567901234,27,0
Asynchronous,13,256,structured,liberties_vs_grid_light_cone,inside,269397,0.5289554078182014,0.4891036813758619,19560,107338
Asynchronous,13,256,structured,liberties_vs_grid_light_cone,outside,0,,,0,0
Asynchronous,19,32,random,all,all,193338,0.9984638301834093,0.9979279181646487,201,96
Asynchronous,19,32,random,chain_distance_vs_depth,inside,193338,0.9984638301834093,0.9979279181646487,201,96
Asynchronous,19,32,random,chain_distance_vs_depth,outside,0,,,0,0
Asynchronous,19,32,random,chain_size,0–1,64827,0.999953722985793,0.9999434804562877,3,0
Asynchronous,19,32,random,chain_size,17–32,3429,1.0,1.0,0,0
Asynchronous,19,32,random,chain_size,2–4,72873,0.9993413198303899,0.9989456843843076,25,23
Asynchronous,19,32,random,chain_size,33–64,684,1.0,1.0,0,0
Asynchronous,19,32,random,chain_size,5–8,32949,0.9946280615496677,0.9671591554831577,142,35
Asynchronous,19,32,random,chain_size,9–16,18576,0.9962855297157622,0.9437697794678904,31,38
Asynchronous,19,32,random,cycle,acyclic,167256,0.9991211077629502,0.9989920817874236,102,45
Asynchronous,19,32,random,cycle,cyclic,26082,0.9942489072923856,0.9574694854296373,99,51
Asynchronous,19,32,random,diameter,0–4,159120,0.9987430869783811,0.9983820443393658,151,49
Asynchronous,19,32,random,diameter,17–31,918,1.0,1.0,0,0
Asynchronous,19,32,random,diameter,5–8,24921,0.9971509971509972,0.9732200269102754,46,25
Asynchronous,19,32,random,diameter,9–16,8379,0.9968970044158014,0.976450717818796,4,22
Asynchronous,19,32,random,edge_distance,0–0,61947,0.9980790030187096,0.997892873622786,65,54
Asynchronous,19,32,random,edge_distance,1–1,31050,0.9996779388083736,0.9997629806290631,0,10
Asynchronous,19,32,random,edge_distance,2–2,27981,0.9956756370394196,0.9919190448341116,104,17
Asynchronous,19,32,random,edge_distance,3–4,39861,0.9996989538646798,0.9995942122690867,5,7
Asynchronous,19,32,random,edge_distance,5–8,32310,0.9989167440420922,0.998486891059119,27,8
Asynchronous,19,32,random,edge_distance,9+,189,1.0,1.0,0,0
Asynchronous,19,32,random,liberties_vs_grid_light_cone,inside,193338,0.9984638301834093,0.9979279181646487,201,96
Asynchronous,19,32,random,liberties_vs_grid_light_cone,outside,0,,,0,0
Asynchronous,19,32,structured,all,all,305127,0.5779626188439568,0.46631658359875844,4260,124515
Asynchronous,19,32,structured,chain_distance_vs_depth,inside,148671,0.8533002401275299,0.6823896250517064,4045,17765
Asynchronous,19,32,structured,chain_distance_vs_depth,outside,156456,0.3163253566497929,0.2914095377293019,215,106750
Asynchronous,19,32,structured,chain_size,0–1,3969,1.0,1.0,0,0
Asynchronous,19,32,structured,chain_size,129+,117954,0.24954643335537582,0.25517202203797523,86,88433
Asynchronous,19,32,structured,chain_size,17–32,39231,0.8241951517932248,0.6961090932497283,39,6858
Asynchronous,19,32,structured,chain_size,2–4,6876,0.9912739965095986,0.9971846846846847,2,58
Asynchronous,19,32,structured,chain_size,33–64,24651,0.4626587156707639,0.44552983630150383,10,13236
Asynchronous,19,32,structured,chain_size,5–8,8415,0.9195484254307784,0.953220011055832,2,675
Asynchronous,19,32,structured,chain_size,65–128,24039,0.5431174341694746,0.2691322490539903,119,10864
Asynchronous,19,32,structured,chain_size,9–16,79992,0.89507700770077,0.7504465504288209,4002,4391
Asynchronous,19,32,structured,cycle,acyclic,289575,0.5865285331951998,0.46489208027342654,4260,115471
Asynchronous,19,32,structured,cycle,cyclic,15552,0.4184670781893004,0.39691845058163805,0,9044
Asynchronous,19,32,structured,diameter,0–4,12195,0.9917179171791718,0.9974070651057712,2,99
Asynchronous,19,32,structured,diameter,128+,61443,0.23384274856370946,0.2504001319951618,0,47075
Asynchronous,19,32,structured,diameter,17–31,14904,0.5045625335480408,0.422533207147631,3,7381
Asynchronous,19,32,structured,diameter,32–63,70974,0.3109166737115,0.31362537571906274,96,48811
Asynchronous,19,32,structured,diameter,5–8,9963,0.9001304827863094,0.9052475686723715,3,992
Asynchronous,19,32,structured,diameter,64–127,24039,0.5431174341694746,0.2691322490539903,119,10864
Asynchronous,19,32,structured,diameter,9–16,111609,0.8805651873952818,0.6987701752606132,4037,9293
Asynchronous,19,32,structured,edge_distance,0–0,49860,0.9329121540312876,0.9329121540312876,8,3337
Asynchronous,19,32,structured,edge_distance,1–1,204084,0.4565571039375943,0.30322265579550145,4155,106753
Asynchronous,19,32,structured,edge_distance,2–2,29187,0.7147017507794566,0.530026811327692,82,8245
Asynchronous,19,32,structured,edge_distance,3–4,18882,0.6928291494545069,0.48733171981994694,11,5789
Asynchronous,19,32,structured,edge_distance,5–8,3114,0.8731535003211304,0.6364752947782145,4,391
Asynchronous,19,32,structured,liberties_vs_grid_light_cone,inside,305127,0.5779626188439568,0.46631658359875844,4260,124515
Asynchronous,19,32,structured,liberties_vs_grid_light_cone,outside,0,,,0,0
Asynchronous,19,64,random,all,all,193338,0.9926760388542345,0.9888400227361342,1177,239
Asynchronous,19,64,random,chain_distance_vs_depth,inside,193338,0.9926760388542345,0.9888400227361342,1177,239
Asynchronous,19,64,random,chain_distance_vs_depth,outside,0,,,0,0
Asynchronous,19,64,random,chain_size,0–1,64827,0.9923180156416308,0.9927834877020061,480,18
Asynchronous,19,64,random,chain_size,17–32,3429,0.99970836978711,0.99970836978711,0,1
Asynchronous,19,64,random,chain_size,2–4,72873,0.9952108462667929,0.9910914318705263,252,97
Asynchronous,19,64,random,chain_size,33–64,684,1.0,1.0,0,0
Asynchronous,19,64,random,chain_size,5–8,32949,0.9862211296245713,0.9293500259456877,377,77
Asynchronous,19,64,random,chain_size,9–16,18576,0.9938630490956072,0.8983502291525337,68,46
Asynchronous,19,64,random,cycle,acyclic,167256,0.9934172765102597,0.9908153556733388,932,169
Asynchronous,19,64,random,cycle,cyclic,26082,0.9879227053140096,0.9161359823314283,245,70
Asynchronous,19,64,random,diameter,0–4,159120,0.9923139768728004,0.9896491101573883,1054,169
Asynchronous,19,64,random,diameter,17–31,918,1.0,1.0,0,0
Asynchronous,19,64,random,diameter,5–8,24921,0.994021106697163,0.9457003753275264,104,45
Asynchronous,19,64,random,diameter,9–16,8379,0.9947487767036639,0.8929364217637833,19,25
Asynchronous,19,64,random,edge_distance,0–0,61947,0.9949472936542528,0.99393667769145,197,116
Asynchronous,19,64,random,edge_distance,1–1,31050,0.9926570048309179,0.9842955941967049,201,27
Asynchronous,19,64,random,edge_distance,2–2,27981,0.9877059433186806,0.9771069111464064,307,37
Asynchronous,19,64,random,edge_distance,3–4,39861,0.9937031183362184,0.9895046082259806,220,31
Asynchronous,19,64,random,edge_distance,5–8,32310,0.9913339523367378,0.9864349902146619,252,28
Asynchronous,19,64,random,edge_distance,9+,189,1.0,1.0,0,0
Asynchronous,19,64,random,liberties_vs_grid_light_cone,inside,193338,0.9926760388542345,0.9888400227361342,1177,239
Asynchronous,19,64,random,liberties_vs_grid_light_cone,outside,0,,,0,0
Asynchronous,19,64,structured,all,all,305127,0.5588492660433196,0.454701923102412,8374,126233
Asynchronous,19,64,structured,chain_distance_vs_depth,inside,219645,0.6515923421885315,0.5189551891486499,7758,68768
Asynchronous,19,64,structured,chain_distance_vs_depth,outside,85482,0.320547015746005,0.258528239772181,616,57465
Asynchronous,19,64,structured,chain_size,0–1,3969,0.9889140841521794,0.9856676003734828,34,10
Asynchronous,19,64,structured,chain_size,129+,117954,0.25276802821438865,0.25827489239280826,83,88056
Asynchronous,19,64,structured,chain_size,17–32,39231,0.7676582294613953,0.6859364569109834,769,8346
Asynchronous,19,64,structured,chain_size,2–4,6876,0.9696044211751018,0.9882538788788788,15,194
Asynchronous,19,64,structured,chain_size,33–64,24651,0.4617662569469798,0.44432592055361153,85,13183
Asynchronous,19,64,structured,chain_size,5–8,8415,0.8957813428401664,0.9383039970286857,57,820
Asynchronous,19,64,structured,chain_size,65–128,24039,0.5340904363742253,0.2644072520325883,616,10584
Asynchronous,19,64,structured,chain_size,9–16,79992,0.853047804780478,0.7077107411500352,6715,5040
Asynchronous,19,64,structured,cycle,acyclic,289575,0.5663955797289131,0.4532918703998506,8374,117187
Asynchronous,19,64,structured,cycle,cyclic,15552,0.4183384773662551,0.3944629726845704,0,9046
Asynchronous,19,64,structured,diameter,0–4,12195,0.9732677326773268,0.9813047855379984,58,268
Asynchronous,19,64,structured,diameter,128+,61443,0.23700014647722278,0.25271858676803155,0,46881
Asynchronous,19,64,structured,diameter,17–31,14904,0.5028851315083199,0.42028087752355103,11,7398
Asynchronous,19,64,structured,diameter,32–63,70974,0.313635979372728,0.31870404785342465,168,48546
Asynchronous,19,64,structured,diameter,5–8,9963,0.8771454381210478,0.891702455457126,82,1142
Asynchronous,19,64,structured,diameter,64–127,24039,0.5340904363742253,0.2644072520325883,616,10584
Asynchronous,19,64,structured,diameter,9–16,111609,0.831079930829951,0.6736337961017754,7439,11414
Asynchronous,19,64,structured,edge_distance,0–0,49860,0.8617127958283193,0.8617127958283193,1141,5754
Asynchronous,19,64,structured,edge_distance,1–1,204084,0.4467131181278297,0.2990352108511863,6853,106064
Asynchronous,19,64,structured,edge_distance,2–2,29187,0.7050741768595608,0.5187767751843686,350,8258
Asynchronous,19,64,structured,edge_distance,3–4,18882,0.6917169791335663,0.4858923895129743,24,5797
Asynchronous,19,64,structured,edge_distance,5–8,3114,0.882466281310212,0.6401617299445409,6,360
Asynchronous,19,64,structured,liberties_vs_grid_light_cone,inside,305127,0.5588492660433196,0.454701923102412,8374,126233
Asynchronous,19,64,structured,liberties_vs_grid_light_cone,outside,0,,,0,0
Asynchronous,19,128,random,all,all,193338,0.9530459609595631,0.9297288805172288,7412,1666
Asynchronous,19,128,random,chain_distance_vs_depth,inside,193338,0.9530459609595631,0.9297288805172288,7412,1666
Asynchronous,19,128,random,chain_distance_vs_depth,outside,0,,,0,0
Asynchronous,19,128,random,chain_size,0–1,64827,0.9248924059419686,0.9319230953031312,4702,167
Asynchronous,19,128,random,chain_size,17–32,3429,0.9930008748906387,0.9930008748906387,0,24
Asynchronous,19,128,random,chain_size,2–4,72873,0.9638823706997105,0.9402050609306716,1783,849
Asynchronous,19,128,random,chain_size,33–64,684,1.0,1.0,0,0
Asynchronous,19,128,random,chain_size,5–8,32949,0.9639139275850557,0.841443208766105,787,402
Asynchronous,19,128,random,chain_size,9–16,18576,0.9804048234280792,0.7910266904046822,140,224
Asynchronous,19,128,random,cycle,acyclic,167256,0.9496639881379443,0.9317151159107586,6978,1441
Asynchronous,19,128,random,cycle,cyclic,26082,0.9747335327045472,0.842668781549237,434,225
Asynchronous,19,128,random,diameter,0–4,159120,0.9473793363499246,0.9309275468696343,7121,1252
Asynchronous,19,128,random,diameter,17–31,918,1.0,1.0,0,0
Asynchronous,19,128,random,diameter,5–8,24921,0.9777697524176397,0.8464026844906387,270,284
Asynchronous,19,128,random,diameter,9–16,8379,0.9819787564148467,0.8754916153938955,21,130
Asynchronous,19,128,random,edge_distance,0–0,61947,0.968860477504964,0.9664963287573266,1177,752
Asynchronous,19,128,random,edge_distance,1–1,31050,0.9595169082125604,0.9242170206942741,1006,251
Asynchronous,19,128,random,edge_distance,2–2,27981,0.9443550981022837,0.8895306553136264,1342,215
Asynchronous,19,128,random,edge_distance,3–4,39861,0.9466646596924312,0.9032804110307062,1870,256
Asynchronous,19,128,random,edge_distance,5–8,32310,0.9320953265242958,0.8925967290033127,2002,192
Asynchronous,19,128,random,edge_distance,9+,189,0.9206349206349206,0.9416666666666667,15,0
Asynchronous,19,128,random,liberties_vs_grid_light_cone,inside,193338,0.9530459609595631,0.9297288805172288,7412,1666
Asynchronous,19,128,random,liberties_vs_grid_light_cone,outside,0,,,0,0
Asynchronous,19,128,structured,all,all,305127,0.5290616694032321,0.434019607830932,13996,129700
Asynchronous,19,128,structured,chain_distance_vs_depth,inside,243684,0.6023333497480343,0.48000320618990233,13495,83410
Asynchronous,19,128,structured,chain_distance_vs_depth,outside,61443,0.23846491870514136,0.25368421870819396,501,46290
Asynchronous,19,128,structured,chain_size,0–1,3969,0.9488536155202821,0.9632845730884947,28,175
Asynchronous,19,128,structured,chain_size,129+,117954,0.25519270223985624,0.2606728932709142,986,86867
Asynchronous,19,128,structured,chain_size,17–32,39231,0.664652953021845,0.6491785541589448,1111,12045
Asynchronous,19,128,structured,chain_size,2–4,6876,0.9284467713787086,0.9636861125831715,70,422
Asynchronous,19,128,structured,chain_size,33–64,24651,0.4811569510364691,0.45721829961292837,215,12575
Asynchronous,19,128,structured,chain_size,5–8,8415,0.8425430778371955,0.8988351075669261,282,1043
Asynchronous,19,128,structured,chain_size,65–128,24039,0.5280585714879986,0.26243381764291523,1102,10243
Asynchronous,19,128,structured,chain_size,9–16,79992,0.7933293329332933,0.6401455785649957,10202,6330
Asynchronous,19,128,structured,cycle,acyclic,289575,0.5350772684106018,0.43208944070457844,13906,120724
Asynchronous,19,128,structured,cycle,cyclic,15552,0.41705246913580246,0.3944843544130665,90,8976
Asynchronous,19,128,structured,diameter,0–4,12195,0.9290692906929069,0.9514391826118149,152,713
Asynchronous,19,128,structured,diameter,128+,61443,0.23846491870514136,0.25368421870819396,501,46290
Asynchronous,19,128,structured,diameter,17–31,14904,0.5083870101986044,0.4284364660319839,132,7195
Asynchronous,19,128,structured,diameter,32–63,70974,0.32387916701890834,0.32680612930590885,613,47374
Asynchronous,19,128,structured,diameter,5–8,9963,0.8261567800863194,0.8188382921833302,352,1380
Asynchronous,19,128,structured,diameter,64–127,24039,0.5280585714879986,0.26243381764291523,1102,10243
Asynchronous,19,128,structured,diameter,9–16,111609,0.7522690822424715,0.6272771853522361,11144,16505
Asynchronous,19,128,structured,edge_distance,0–0,49860,0.7239470517448857,0.7239470517448857,2055,11709
Asynchronous,19,128,structured,edge_distance,1–1,204084,0.4365212363536583,0.29795901582138473,10867,104130
Asynchronous,19,128,structured,edge_distance,2–2,29187,0.7003803063007503,0.5204689657258968,894,7851
Asynchronous,19,128,structured,edge_distance,3–4,18882,0.6915051371676729,0.48727076524268464,155,5670
Asynchronous,19,128,structured,edge_distance,5–8,3114,0.8827874116891458,0.6335309276038488,25,340
Asynchronous,19,128,structured,liberties_vs_grid_light_cone,inside,305127,0.5290616694032321,0.434019607830932,13996,129700
Asynchronous,19,128,structured,liberties_vs_grid_light_cone,outside,0,,,0,0
Asynchronous,19,256,random,all,all,193338,0.8830597192481561,0.8206523188508302,18116,4493
Asynchronous,19,256,random,chain_distance_vs_depth,inside,193338,0.8830597192481561,0.8206523188508302,18116,4493
Asynchronous,19,256,random,chain_distance_vs_depth,outside,0,,,0,0
Asynchronous,19,256,random,chain_size,0–1,64827,0.8038625881191479,0.81253914985887,12042,673
Asynchronous,19,256,random,chain_size,17–32,3429,0.9825021872265967,0.9825021872265967,0,60
Asynchronous,19,256,random,chain_size,2–4,72873,0.9046834904559988,0.8428551285341062,4734,2212
Asynchronous,19,256,random,chain_size,33–64,684,0.9985380116959064,0.9985380116959064,0,1
Asynchronous,19,256,random,chain_size,5–8,32949,0.9338371422501441,0.7589846161421275,1138,1042
Asynchronous,19,256,random,chain_size,9–16,18576,0.9619401378122309,0.7089337108484641,202,505
Asynchronous,19,256,random,cycle,acyclic,167256,0.8725127947577367,0.821320384969993,17504,3819
Asynchronous,19,256,random,cycle,cyclic,26082,0.9506939651867188,0.7708928666708553,612,674
Asynchronous,19,256,random,diameter,0–4,159120,0.8665598290598291,0.8206973999904109,17692,3541
Asynchronous,19,256,random,diameter,17–31,918,0.9956427015250545,0.9956427015250545,0,4
Asynchronous,19,256,random,diameter,5–8,24921,0.9565828016532242,0.7798128265049872,378,704
Asynchronous,19,256,random,diameter,9–16,8379,0.965389664637785,0.7297261430811919,46,244
Asynchronous,19,256,random,edge_distance,0–0,61947,0.9033851518233329,0.8935961787403508,3796,2189
Asynchronous,19,256,random,edge_distance,1–1,31050,0.9052495974235105,0.8257032107213987,2176,766
Asynchronous,19,256,random,edge_distance,2–2,27981,0.8759872770808763,0.7497271309882921,2928,542
Asynchronous,19,256,random,edge_distance,3–4,39861,0.8699229823637139,0.7464966049919123,4693,492
Asynchronous,19,256,random,edge_distance,5–8,32310,0.8458062519343856,0.7420393912037195,4481,501
Asynchronous,19,256,random,edge_distance,9+,189,0.7619047619047619,0.8125,42,3
Asynchronous,19,256,random,liberties_vs_grid_light_cone,inside,193338,0.8830597192481561,0.8206523188508302,18116,4493
Asynchronous,19,256,random,liberties_vs_grid_light_cone,outside,0,,,0,0
Asynchronous,19,256,structured,all,all,305127,0.49799591645445995,0.4134140349727005,23816,129359
Asynchronous,19,256,structured,chain_distance_vs_depth,inside,305127,0.49799591645445995,0.4134140349727005,23816,129359
Asynchronous,19,256,structured,chain_distance_vs_depth,outside,0,,,0,0
Asynchronous,19,256,structured,chain_size,0–1,3969,0.9067775258251449,0.890159767610748,121,249
Asynchronous,19,256,structured,chain_size,129+,117954,0.25592180002373804,0.2613764265932135,3534,84233
Asynchronous,19,256,structured,chain_size,17–32,39231,0.5840279370905661,0.6222677616546819,1676,14643
Asynchronous,19,256,structured,chain_size,2–4,6876,0.849476439790576,0.896100144261909,323,712
Asynchronous,19,256,structured,chain_size,33–64,24651,0.48618717293416086,0.4551150029368945,1052,11614
Asynchronous,19,256,structured,chain_size,5–8,8415,0.792038027332145,0.8396541184211115,536,1214
Asynchronous,19,256,structured,chain_size,65–128,24039,0.5161196389200882,0.25844387241428085,1919,9713
Asynchronous,19,256,structured,chain_size,9–16,79992,0.7295229522952296,0.5926809412347105,14655,6981
Asynchronous,19,256,structured,cycle,acyclic,289575,0.502370715704049,0.4094311595361435,22919,121182
Asynchronous,19,256,structured,cycle,cyclic,15552,0.4165380658436214,0.41510236530998773,897,8177
Asynchronous,19,256,structured,diameter,0–4,12195,0.8628126281262812,0.8857351935415632,540,1133
Asynchronous,19,256,structured,diameter,128+,61443,0.24253373044935958,0.2575684146282077,1575,44966
Asynchronous,19,256,structured,diameter,17–31,14904,0.49953032742887815,0.4331714922744573,906,6553
Asynchronous,19,256,structured,diameter,32–63,70974,0.32554174768224986,0.32265252851113935,2219,45650
Asynchronous,19,256,structured,diameter,5–8,9963,0.7748670079293386,0.7464148879417665,645,1598
Asynchronous,19,256,structured,diameter,64–127,24039,0.5161196389200882,0.25844387241428085,1919,9713
Asynchronous,19,256,structured,diameter,9–16,111609,0.6796136512288435,0.6062028707524624,16012,19746
Asynchronous,19,256,structured,edge_distance,0–0,49860,0.617789811472122,0.617789811472122,3005,16052
Asynchronous,19,256,structured,edge_distance,1–1,204084,0.4194106348366359,0.2971267062609303,17842,100647
Asynchronous,19,256,structured,edge_distance,2–2,29187,0.6788638777537945,0.5346478081039856,2079,7294
Asynchronous,19,256,structured,edge_distance,3–4,18882,0.6907107297955725,0.5018352026311202,798,5042
Asynchronous,19,256,structured,edge_distance,5–8,3114,0.8664097623635196,0.6742893395426672,92,324
Asynchronous,19,256,structured,liberties_vs_grid_light_cone,inside,305127,0.49799591645445995,0.4134140349727005,23816,129359
Asynchronous,19,256,structured,liberties_vs_grid_light_cone,outside,0,,,0,0
Asynchronous,25,32,random,all,all,184797,0.9985551713501842,0.9975953862564566,165,102
Asynchronous,25,32,random,chain_distance_vs_depth,inside,184797,0.9985551713501842,0.9975953862564566,165,102
Asynchronous,25,32,random,chain_distance_vs_depth,outside,0,,,0,0
Asynchronous,25,32,random,chain_size,0–1,53586,0.9999253536371441,0.9999412393022695,0,4
Asynchronous,25,32,random,chain_size,17–32,5382,0.9990709773318469,0.9990709773318469,0,5
Asynchronous,25,32,random,chain_size,2–4,69192,0.9996242340154932,0.9990646877327392,14,12
Asynchronous,25,32,random,chain_size,5–8,36513,0.9966861117957988,0.9796646688479398,73,48
Asynchronous,25,32,random,chain_size,9–16,20124,0.99448419797257,0.9046838676184991,78,33
Asynchronous,25,32,random,cycle,acyclic,155331,0.9992145804765308,0.9990678784062093,38,84
Asynchronous,25,32,random,cycle,cyclic,29466,0.9950790741871988,0.9527839468906131,127,18
Asynchronous,25,32,random,diameter,0–4,146592,0.9992155097140363,0.998794627780335,87,28
Asynchronous,25,32,random,diameter,17–31,747,0.9946452476572959,0.9946452476572959,0,4
Asynchronous,25,32,random,diameter,5–8,27648,0.9951171875,0.9457706729361582,78,57
Asynchronous,25,32,random,diameter,9–16,9810,0.9986748216106014,0.9523293208237447,0,13
Asynchronous,25,32,random,edge_distance,0–0,49311,0.9980937316217476,0.9970770860570782,76,18
Asynchronous,25,32,random,edge_distance,1–1,22563,0.998049904711253,0.9968448414118891,32,12
Asynchronous,25,32,random,edge_distance,2–2,21465,0.9980899138131842,0.9953140351188383,12,29
Asynchronous,25,32,random,edge_distance,3–4,36342,0.9985966650156843,0.9979912203746808,22,29
Asynchronous,25,32,random,edge_distance,5–8,45108,0.9992019154030327,0.9987793623500107,23,13
Asynchronous,25,32,random,edge_distance,9+,10008,0.9999000799360511,0.9999542375983892,0,1
Asynchronous,25,32,random,liberties_vs_grid_light_cone,inside,184797,0.9985551713501842,0.9975953862564566,165,102
Asynchronous,25,32,random,liberties_vs_grid_light_cone,outside,0,,,0,0
Asynchronous,25,32,structured,all,all,265365,0.5837092306822678,0.41794955673190826,7201,103268
Asynchronous,25,32,structured,chain_distance_vs_depth,inside,112797,0.8461838524074222,0.6873936748286312,6699,10651
Asynchronous,25,32,structured,chain_distance_vs_depth,outside,152568,0.38965576005453306,0.2865249308324572,502,92617
Asynchronous,25,32,structured,chain_size,0–1,2124,1.0,1.0,0,0
Asynchronous,25,32,structured,chain_size,129+,131553,0.3768823211937394,0.2527832393682937,453,81520
Asynchronous,25,32,structured,chain_size,17–32,86058,0.8516465639452462,0.6787970293336268,6628,6139
Asynchronous,25,32,structured,chain_size,2–4,5373,0.9892052856876977,0.9970383986928104,0,58
Asynchronous,25,32,structured,chain_size,33–64,9612,0.5711610486891385,0.5287201869051714,21,4101
Asynchronous,25,32,structured,chain_size,5–8,2655,0.8504708097928437,0.9062173176097227,2,395
Asynchronous,25,32,structured,chain_size,65–128,16299,0.41935088042211177,0.42142340946804213,28,9436
Asynchronous,25,32,structured,chain_size,9–16,11691,0.8556154306731674,0.8884973037802921,69,1619
Asynchronous,25,32,structured,cycle,acyclic,255105,0.5894004429548617,0.41441948892999025,7201,97545
Asynchronous,25,32,structured,cycle,cyclic,10260,0.4422027290448343,0.4169995989848931,0,5723
Asynchronous,25,32,structured,diameter,0–4,7956,0.985168426344897,0.9958770090845562,0,118
Asynchronous,25,32,structured,diameter,128+,92808,0.44993966037410565,0.2538965592890691,438,50612
Asynchronous,25,32,structured,diameter,17–31,89271,0.8324763921094196,0.6509165652793103,6609,8346
Asynchronous,25,32,structured,diameter,32–63,10080,0.5074404761904762,0.43453312384441845,21,4944
Asynchronous,25,32,structured,diameter,5–8,2763,0.8269996380745567,0.9066884118967452,2,476
Asynchronous,25,32,structured,diameter,64–127,49680,0.2531400966183575,0.2953359621225113,43,37061
Asynchronous,25,32,structured,diameter,9–16,12807,0.8595299445615678,0.878501275602725,88,1711
Asynchronous,25,32,structured,edge_distance,0–0,34524,0.8961591936044491,0.8961591936044491,19,3566
Asynchronous,25,32,structured,edge_distance,1–1,191997,0.483976312129877,0.2802484189689587,6881,92194
Asynchronous,25,32,structured,edge_distance,2–2,19359,0.8522650963376207,0.5228189300160916,286,2574
Asynchronous,25,32,structured,edge_distance,3–4,11934,0.6848500083794201,0.5232627434468795,12,3749
Asynchronous,25,32,structured,edge_distance,5–8,7542,0.8424821002386634,0.7523151341656895,3,1185
Asynchronous,25,32,structured,edge_distance,9+,9,1.0,1.0,0,0
Asynchronous,25,32,structured,liberties_vs_grid_light_cone,inside,265365,0.5837092306822678,0.41794955673190826,7201,103268
Asynchronous,25,32,structured,liberties_vs_grid_light_cone,outside,0,,,0,0
Asynchronous,25,64,random,all,all,184797,0.9924241194391684,0.9876494240559491,1175,225
Asynchronous,25,64,random,chain_distance_vs_depth,inside,184797,0.9924241194391684,0.9876494240559491,1175,225
Asynchronous,25,64,random,chain_distance_vs_depth,outside,0,,,0,0
Asynchronous,25,64,random,chain_size,0–1,53586,0.9907065278244318,0.9918748542290879,479,19
Asynchronous,25,64,random,chain_size,17–32,5382,0.9973987365291713,0.9973987365291713,0,14
Asynchronous,25,64,random,chain_size,2–4,69192,0.9937565036420395,0.9880972473121094,357,75
Asynchronous,25,64,random,chain_size,5–8,36513,0.9920302358064251,0.9584264331387409,206,85
Asynchronous,25,64,random,chain_size,9–16,20124,0.9918008348240906,0.861276216700417,133,32
Asynchronous,25,64,random,cycle,acyclic,155331,0.9924998873373634,0.9893843029381839,973,192
Asynchronous,25,64,random,cycle,cyclic,29466,0.9920247064413222,0.9356949416753351,202,33
Asynchronous,25,64,random,diameter,0–4,146592,0.9920391290111329,0.9891280300014286,1042,125
Asynchronous,25,64,random,diameter,17–31,747,0.9919678714859438,0.9919678714859438,0,6
Asynchronous,25,64,random,diameter,5–8,27648,0.9921151620370371,0.9166795025554735,133,85
Asynchronous,25,64,random,diameter,9–16,9810,0.9990825688073395,0.9995353159851301,0,9
Asynchronous,25,64,random,edge_distance,0–0,49311,0.9952140496035368,0.9932354922495288,183,53
Asynchronous,25,64,random,edge_distance,1–1,22563,0.9913575322430528,0.9847454989145739,154,41
Asynchronous,25,64,random,edge_distance,2–2,21465,0.9918937805730259,0.9829105506902571,134,40
Asynchronous,25,64,random,edge_distance,3–4,36342,0.9905894006934126,0.9826976713258083,294,48
Asynchronous,25,64,random,edge_distance,5–8,45108,0.9920191540303273,0.9872264044646957,326,34
Asynchronous,25,64,random,edge_distance,9+,10008,0.9907074340527577,0.988169596031954,84,9
Asynchronous,25,64,random,liberties_vs_grid_light_cone,inside,184797,0.9924241194391684,0.9876494240559491,1175,225
Asynchronous,25,64,random,liberties_vs_grid_light_cone,outside,0,,,0,0
Asynchronous,25,64,structured,all,all,265365,0.5686469579635596,0.40785445113968966,9762,104704
Asynchronous,25,64,structured,chain_distance_vs_depth,inside,122877,0.7855823302977775,0.6225483340266691,8911,17436
Asynchronous,25,64,structured,chain_distance_vs_depth,outside,142488,0.3815689742294088,0.2681882826860344,851,87268
Asynchronous,25,64,structured,chain_size,0–1,2124,0.9995291902071564,0.999839666506333,0,1
Asynchronous,25,64,structured,chain_size,129+,131553,0.37788571906379936,0.2542851207656315,596,81245
Asynchronous,25,64,structured,chain_size,17–32,86058,0.8137651351414162,0.6581968849208129,8408,7619
Asynchronous,25,64,structured,chain_size,2–4,5373,0.9434208077424158,0.9060311624649859,18,286
Asynchronous,25,64,structured,chain_size,33–64,9612,0.5654390345401581,0.5261652906776746,71,4106
Asynchronous,25,64,structured,chain_size,5–8,2655,0.832015065913371,0.8887205933619436,26,420
Asynchronous,25,64,structured,chain_size,65–128,16299,0.412233879379103,0.4178594095584079,255,9325
Asynchronous,25,64,structured,chain_size,9–16,11691,0.8212300059875117,0.8547671664196822,388,1702
Asynchronous,25,64,structured,cycle,acyclic,255105,0.5737951039767939,0.4040667762832503,9762,98965
Asynchronous,25,64,structured,cycle,cyclic,10260,0.44064327485380117,0.4160584105437047,0,5739
Asynchronous,25,64,structured,diameter,0–4,7956,0.9521116138763197,0.947907713137666,33,348
Asynchronous,25,64,structured,diameter,128+,92808,0.45127575209033705,0.2558404152007745,588,50338
Asynchronous,25,64,structured,diameter,17–31,89271,0.7967761087027142,0.6287609579498544,8340,9802
Asynchronous,25,64,structured,diameter,32–63,10080,0.4998015873015873,0.4283154235860205,71,4971
Asynchronous,25,64,structured,diameter,5–8,2763,0.8132464712269273,0.891624579124579,11,505
Asynchronous,25,64,structured,diameter,64–127,49680,0.25134863123993556,0.2942858656759034,263,36930
Asynchronous,25,64,structured,diameter,9–16,12807,0.8230655110486452,0.8441173316173316,456,1810
Asynchronous,25,64,structured,edge_distance,0–0,34524,0.8107113891785425,0.8107113891785425,985,5550
Asynchronous,25,64,structured,edge_distance,1–1,191997,0.4792001958363933,0.27808407362735105,8319,91673
Asynchronous,25,64,structured,edge_distance,2–2,19359,0.8457048401260395,0.522443783264793,428,2559
Asynchronous,25,64,structured,edge_distance,3–4,11934,0.6855203619909502,0.5250250975286386,19,3734
Asynchronous,25,64,structured,edge_distance,5–8,7542,0.8410236011667993,0.703013746139048,11,1188
Asynchronous,25,64,structured,edge_distance,9+,9,1.0,1.0,0,0
Asynchronous,25,64,structured,liberties_vs_grid_light_cone,inside,265365,0.5686469579635596,0.40785445113968966,9762,104704
Asynchronous,25,64,structured,liberties_vs_grid_light_cone,outside,0,,,0,0
Asynchronous,25,128,random,all,all,184797,0.9481160408448189,0.9185449058851415,7995,1593
Asynchronous,25,128,random,chain_distance_vs_depth,inside,184797,0.9481160408448189,0.9185449058851415,7995,1593
Asynchronous,25,128,random,chain_distance_vs_depth,outside,0,,,0,0
Asynchronous,25,128,random,chain_size,0–1,53586,0.9055350278057701,0.9185773371144541,4910,152
Asynchronous,25,128,random,chain_size,17–32,5382,0.9897807506503159,0.9897807506503159,0,55
Asynchronous,25,128,random,chain_size,2–4,69192,0.957234940455544,0.926359122081939,2240,719
Asynchronous,25,128,random,chain_size,5–8,36513,0.9694903185166927,0.893063919563006,641,473
Asynchronous,25,128,random,chain_size,9–16,20124,0.9802226197575035,0.774728007273209,204,194
Asynchronous,25,128,random,cycle,acyclic,155331,0.9427287534362104,0.9201497155458394,7548,1348
Asynchronous,25,128,random,cycle,cyclic,29466,0.9765153057761488,0.861682710573249,447,245
Asynchronous,25,128,random,diameter,0–4,146592,0.9395737830168086,0.9198134495842721,7733,1125
Asynchronous,25,128,random,diameter,17–31,747,0.9866131191432396,0.9866131191432396,0,10
Asynchronous,25,128,random,diameter,5–8,27648,0.9784071180555556,0.8484477238482996,235,362
Asynchronous,25,128,random,diameter,9–16,9810,0.9874617737003059,0.8879005133651974,27,96
Asynchronous,25,128,random,edge_distance,0–0,49311,0.9662752732655999,0.9601740568274126,1020,643
Asynchronous,25,128,random,edge_distance,1–1,22563,0.9574524664273368,0.9283351751581036,744,216
Asynchronous,25,128,random,edge_distance,2–2,21465,0.944095038434661,0.8958774588042742,1012,188
Asynchronous,25,128,random,edge_distance,3–4,36342,0.9397391447911507,0.8906434232370402,1982,208
Asynchronous,25,128,random,edge_distance,5–8,45108,0.935909373060211,0.8880152246386701,2618,273
Asynchronous,25,128,random,edge_distance,9+,10008,0.9316546762589928,0.9026111294718548,619,65
Asynchronous,25,128,random,liberties_vs_grid_light_cone,inside,184797,0.9481160408448189,0.9185449058851415,7995,1593
Asynchronous,25,128,random,liberties_vs_grid_light_cone,outside,0,,,0,0
Asynchronous,25,128,structured,all,all,265365,0.5443182032295141,0.39184250247594304,13921,107001
Asynchronous,25,128,structured,chain_distance_vs_depth,inside,172557,0.595594499208957,0.4739425594851957,12544,57239
Asynchronous,25,128,structured,chain_distance_vs_depth,outside,92808,0.4489806913197138,0.25727538047506554,1377,49762
Asynchronous,25,128,structured,chain_size,0–1,2124,0.9670433145009416,0.988776655443322,3,67
Asynchronous,25,128,structured,chain_size,129+,131553,0.37645663724886547,0.2550130065626524,1657,80372
Asynchronous,25,128,structured,chain_size,17–32,86058,0.7477282762787887,0.6547722092270387,11043,10667
Asynchronous,25,128,structured,chain_size,2–4,5373,0.9177368323096966,0.8792965102707749,35,407
Asynchronous,25,128,structured,chain_size,33–64,9612,0.5800041614648356,0.5388777908824348,73,3964
Asynchronous,25,128,structured,chain_size,5–8,2655,0.7943502824858757,0.8542439506824833,92,454
Asynchronous,25,128,structured,chain_size,65–128,16299,0.424811338118903,0.4240415949243245,288,9087
Asynchronous,25,128,structured,chain_size,9–16,11691,0.7679411513129758,0.8088575022454648,730,1983
Asynchronous,25,128,structured,cycle,acyclic,255105,0.5483506791321221,0.3873878396505547,13917,101301
Asynchronous,25,128,structured,cycle,cyclic,10260,0.44405458089668615,0.41986895185424594,4,5700
Asynchronous,25,128,structured,diameter,0–4,7956,0.9260935143288085,0.9259353474094041,59,529
Asynchronous,25,128,structured,diameter,128+,92808,0.4489806913197138,0.25727538047506554,1377,49762
Asynchronous,25,128,structured,diameter,17–31,89271,0.7337993301296054,0.5978004194003966,10954,12810
Asynchronous,25,128,structured,diameter,32–63,10080,0.5102182539682539,0.4366876787837112,75,4862
Asynchronous,25,128,structured,diameter,5–8,2763,0.762214983713355,0.8518879984653793,71,586
Asynchronous,25,128,structured,diameter,64–127,49680,0.2559782608695652,0.2941018576920393,565,36398
Asynchronous,25,128,structured,diameter,9–16,12807,0.7755914734129773,0.8004850606299883,820,2054
Asynchronous,25,128,structured,edge_distance,0–0,34524,0.6725176688680339,0.6725176688680339,2088,9218
Asynchronous,25,128,structured,edge_distance,1–1,191997,0.47120527924915495,0.2773404735784453,11135,90392
Asynchronous,25,128,structured,edge_distance,2–2,19359,0.8370783614856139,0.5223771123368166,633,2521
Asynchronous,25,128,structured,edge_distance,3–4,11934,0.6856041561923915,0.5282431678855192,52,3700
Asynchronous,25,128,structured,edge_distance,5–8,7542,0.8431450543622381,0.6928842557463997,13,1170
Asynchronous,25,128,structured,edge_distance,9+,9,1.0,1.0,0,0
Asynchronous,25,128,structured,liberties_vs_grid_light_cone,inside,265365,0.5443182032295141,0.39184250247594304,13921,107001
Asynchronous,25,128,structured,liberties_vs_grid_light_cone,outside,0,,,0,0
Asynchronous,25,256,random,all,all,184797,0.8750953749249176,0.793870170428479,19076,4006
Asynchronous,25,256,random,chain_distance_vs_depth,inside,184797,0.8750953749249176,0.793870170428479,19076,4006
Asynchronous,25,256,random,chain_distance_vs_depth,outside,0,,,0,0
Asynchronous,25,256,random,chain_size,0–1,53586,0.7642667861008472,0.782993400118719,12115,517
Asynchronous,25,256,random,chain_size,17–32,5382,0.9777034559643255,0.9777034559643255,0,120
Asynchronous,25,256,random,chain_size,2–4,69192,0.8964042085790265,0.8155529258866301,5336,1832
Asynchronous,25,256,random,chain_size,5–8,36513,0.9347903486429491,0.7698632822529323,1320,1061
Asynchronous,25,256,random,chain_size,9–16,20124,0.9611906181673624,0.6290543356607334,305,476
Asynchronous,25,256,random,cycle,acyclic,155331,0.8605494073945317,0.7946941943389265,18282,3379
Asynchronous,25,256,random,cycle,cyclic,29466,0.9517749270345482,0.7385227088387025,794,627
Asynchronous,25,256,random,diameter,0–4,146592,0.8536959724950884,0.7954216811001509,18485,2962
Asynchronous,25,256,random,diameter,17–31,747,0.9785809906291834,0.9785809906291834,0,16
Asynchronous,25,256,random,diameter,5–8,27648,0.9509186921296297,0.6691698078589746,564,793
Asynchronous,25,256,random,diameter,9–16,9810,0.9732925586136595,0.8807237269133179,27,235
Asynchronous,25,256,random,edge_distance,0–0,49311,0.9049096550465413,0.8845725491056289,3028,1661
Asynchronous,25,256,random,edge_distance,1–1,22563,0.8984620839427381,0.8280838254343569,1682,609
Asynchronous,25,256,random,edge_distance,2–2,21465,0.8655485674353599,0.7387043352016035,2370,516
Asynchronous,25,256,random,edge_distance,3–4,36342,0.8626933025149964,0.7301735503191269,4504,486
Asynchronous,25,256,random,edge_distance,5–8,45108,0.8545047441695487,0.7210164281888934,5962,601
Asynchronous,25,256,random,edge_distance,9+,10008,0.8338329336530775,0.7411086531422368,1530,133
Asynchronous,25,256,random,liberties_vs_grid_light_cone,inside,184797,0.8750953749249176,0.793870170428479,19076,4006
Asynchronous,25,256,random,liberties_vs_grid_light_cone,outside,0,,,0,0
Asynchronous,25,256,structured,all,all,265365,0.5218133514216268,0.37961177012128794,20452,106442
Asynchronous,25,256,structured,chain_distance_vs_depth,inside,201195,0.5610676209647357,0.440354505572473,18203,70108
Asynchronous,25,256,structured,chain_distance_vs_depth,outside,64170,0.3987377279102384,0.34278673683734495,2249,36334
Asynchronous,25,256,structured,chain_size,0–1,2124,0.908662900188324,0.9324995991662659,61,133
Asynchronous,25,256,structured,chain_size,129+,131553,0.37291433870759316,0.2560781604396206,4078,78417
Asynchronous,25,256,structured,chain_size,17–32,86058,0.6872922912454391,0.6288069392957993,13958,12953
Asynchronous,25,256,structured,chain_size,2–4,5373,0.895216824865066,0.8596931109608594,175,388
Asynchronous,25,256,structured,chain_size,33–64,9612,0.6245318352059925,0.5728682230409429,318,3291
Asynchronous,25,256,structured,chain_size,5–8,2655,0.7348399246704331,0.8023255956102985,214,490
Asynchronous,25,256,structured,chain_size,65–128,16299,0.4345051843671391,0.44524353165540903,551,8666
Asynchronous,25,256,structured,chain_size,9–16,11691,0.7261996407492943,0.7571595253908704,1097,2104
Asynchronous,25,256,structured,cycle,acyclic,255105,0.5234903275122008,0.37185956312460416,19925,101635
Asynchronous,25,256,structured,cycle,cyclic,10260,0.4801169590643275,0.45055042316071725,527,4807
Asynchronous,25,256,structured,diameter,0–4,7956,0.8942936148818502,0.886054862982929,263,578
Asynchronous,25,256,structured,diameter,128+,92808,0.44188001034393587,0.25959139060256115,3402,48396
Asynchronous,25,256,structured,diameter,17–31,89271,0.680769790861534,0.5878255913202334,13986,14512
Asynchronous,25,256,structured,diameter,32–63,10080,0.5217261904761905,0.45777687481749463,345,4476
Asynchronous,25,256,structured,diameter,5–8,2763,0.7075642417661961,0.8049611048122953,191,617
Asynchronous,25,256,structured,diameter,64–127,49680,0.2624597423510467,0.29356524071952955,950,35691
Asynchronous,25,256,structured,diameter,9–16,12807,0.7277270242835949,0.7460410980338517,1315,2172
Asynchronous,25,256,structured,edge_distance,0–0,34524,0.5787857722164291,0.5787857722164291,2757,11785
Asynchronous,25,256,structured,edge_distance,1–1,191997,0.45804882367953664,0.27613154269260315,16011,88042
Asynchronous,25,256,structured,edge_distance,2–2,19359,0.8083062141639548,0.5409916193389124,1307,2404
Asynchronous,25,256,structured,edge_distance,3–4,11934,0.7032847326964974,0.565750239547771,290,3251
Asynchronous,25,256,structured,edge_distance,5–8,7542,0.8611774065234685,0.7108065461819687,87,960
Asynchronous,25,256,structured,edge_distance,9+,9,1.0,1.0,0,0
Asynchronous,25,256,structured,liberties_vs_grid_light_cone,inside,265365,0.5218133514216268,0.37961177012128794,20452,106442
Asynchronous,25,256,structured,liberties_vs_grid_light_cone,outside,0,,,0,0
Asynchronous,37,32,random,all,all,184545,0.9981088623370994,0.996748773825924,207,142
Asynchronous,37,32,random,chain_distance_vs_depth,inside,184545,0.9981088623370994,0.996748773825924,207,142
Asynchronous,37,32,random,chain_distance_vs_depth,outside,0,,,0,0
Asynchronous,37,32,random,chain_size,0–1,58464,0.9999828954570333,0.9999840449294786,0,1
Asynchronous,37,32,random,chain_size,17–32,7281,0.99986265622854,0.99986265622854,0,1
Asynchronous,37,32,random,chain_size,2–4,65601,0.9991768418164357,0.9981812031032596,47,7
Asynchronous,37,32,random,chain_size,33–64,1629,1.0,1.0,0,0
Asynchronous,37,32,random,chain_size,5–8,30681,0.9942635507317232,0.9716615130845689,80,96
Asynchronous,37,32,random,chain_size,9–16,20889,0.994398965962947,0.9051834353781545,80,37
Asynchronous,37,32,random,cycle,acyclic,153567,0.9986976368620862,0.9981899956567906,83,117
Asynchronous,37,32,random,cycle,cyclic,30978,0.9951901349344696,0.9480385096064097,124,25
Asynchronous,37,32,random,diameter,0–4,145737,0.9985590481483768,0.9980478647410187,107,103
Asynchronous,37,32,random,diameter,17–31,1638,1.0,1.0,0,0
Asynchronous,37,32,random,diameter,5–8,26820,0.9956748695003729,0.9280696161231985,100,16
Asynchronous,37,32,random,diameter,9–16,10350,0.9977777777777778,0.9977777777777778,0,23
Asynchronous,37,32,random,edge_distance,0–0,33732,0.9982805644491877,0.997116277690584,37,21
Asynchronous,37,32,random,edge_distance,1–1,17343,0.9980972150147034,0.9908216783216783,31,2
Asynchronous,37,32,random,edge_distance,2–2,15777,0.9988590986879635,0.997844745687764,12,6
Asynchronous,37,32,random,edge_distance,3–4,30870,0.9967282150955621,0.9964335515080256,55,46
Asynchronous,37,32,random,edge_distance,5–8,45810,0.9970748744815543,0.9955485339141384,68,66
Asynchronous,37,32,random,edge_distance,9+,41013,0.9998780874356912,0.9997766730219823,4,1
Asynchronous,37,32,random,liberties_vs_grid_light_cone,inside,184545,0.9981088623370994,0.996748773825924,207,142
Asynchronous,37,32,random,liberties_vs_grid_light_cone,outside,0,,,0,0
Asynchronous,37,32,structured,all,all,329940,0.46185973207249803,0.3313109102173517,9364,168190
Asynchronous,37,32,structured,chain_distance_vs_depth,inside,23940,0.7553049289891395,0.6500727053177271,156,5702
Asynchronous,37,32,structured,chain_distance_vs_depth,outside,306000,0.4389019607843137,0.30078575923937106,9208,162488
Asynchronous,37,32,structured,chain_size,0–1,2331,1.0,1.0,0,0
Asynchronous,37,32,structured,chain_size,129+,189378,0.20117965127945167,0.2590077010258128,230,151049
Asynchronous,37,32,structured,chain_size,17–32,13716,0.6679790026246719,0.7833078086054277,142,4412
Asynchronous,37,32,structured,chain_size,2–4,2835,0.9992945326278659,0.9997522606218259,0,2
Asynchronous,37,32,structured,chain_size,33–64,108936,0.8586325916134244,0.5946887663580358,8978,6422
Asynchronous,37,32,structured,chain_size,5–8,1260,0.9071428571428571,0.9471544715447154,6,111
Asynchronous,37,32,structured,chain_size,65–128,8010,0.3332084893882647,0.6845058774883336,0,5341
Asynchronous,37,32,structured,chain_size,9–16,3474,0.7521588946459413,0.8409170015861224,8,853
Asynchronous,37,32,structured,cycle,acyclic,327168,0.46115145735524254,0.3291465079710276,9364,166930
Asynchronous,37,32,structured,cycle,cyclic,2772,0.5454545454545454,0.5,0,1260
Asynchronous,37,32,structured,diameter,0–4,5481,0.999635103083379,0.9998691270776076,0,2
Asynchronous,37,32,structured,diameter,128+,113679,0.22934754879969035,0.2629561587511542,224,87383
Asynchronous,37,32,structured,diameter,17–31,13428,0.6632409889782543,0.590087193737949,140,4382
Asynchronous,37,32,structured,diameter,32–63,111060,0.8558256798127138,0.6391754663831819,8978,7034
Asynchronous,37,32,structured,diameter,5–8,1359,0.8785871964679912,0.9305323244391345,6,159
Asynchronous,37,32,structured,diameter,64–127,81261,0.16224265022581558,0.2648806193241592,6,68071
Asynchronous,37,32,structured,diameter,9–16,3672,0.6816448801742919,0.8148629834734886,10,1159
Asynchronous,37,32,structured,edge_distance,0–0,29844,0.8292789170352499,0.8292789170352499,0,5095
Asynchronous,37,32,structured,edge_distance,1–1,266004,0.40037367859129935,0.25637674294235085,9000,150503
Asynchronous,37,32,structured,edge_distance,2–2,12222,0.7524954999181803,0.6541495085181033,364,2661
Asynchronous,37,32,structured,edge_distance,3–4,3375,0.41688888888888886,0.5075075075075075,0,1968
Asynchronous,37,32,structured,edge_distance,5–8,12780,0.5898278560250392,0.6709353421217829,0,5242
Asynchronous,37,32,structured,edge_distance,9+,5715,0.5238845144356955,0.5024783147459728,0,2721
Asynchronous,37,32,structured,liberties_vs_grid_light_cone,inside,306153,0.4696965242868762,0.33061296278430885,9362,152992
Asynchronous,37,32,structured,liberties_vs_grid_light_cone,outside,23787,0.36099550174465045,0.36068591686560625,2,15198
Asynchronous,37,64,random,all,all,184545,0.9920994879297732,0.9858093371342682,1189,269
Asynchronous,37,64,random,chain_distance_vs_depth,inside,184545,0.9920994879297732,0.9858093371342682,1189,269
Asynchronous,37,64,random,chain_distance_vs_depth,outside,0,,,0,0
Asynchronous,37,64,random,chain_size,0–1,58464,0.9909688013136289,0.9910378679236822,511,17
Asynchronous,37,64,random,chain_size,17–32,7281,0.9980771871995605,0.9980771871995605,0,14
Asynchronous,37,64,random,chain_size,2–4,65601,0.9947409338272283,0.9875352446912684,289,56
Asynchronous,37,64,random,chain_size,33–64,1629,1.0,1.0,0,0
Asynchronous,37,64,random,chain_size,5–8,30681,0.9877122649196571,0.9458195594252026,245,132
Asynchronous,37,64,random,chain_size,9–16,20889,0.9907128153573651,0.8535352643353349,144,50
Asynchronous,37,64,random,cycle,acyclic,153567,0.9924462938001003,0.9879906150180843,953,207
Asynchronous,37,64,random,cycle,cyclic,30978,0.9903802698689392,0.918327601939784,236,62
Asynchronous,37,64,random,diameter,0–4,145737,0.9919924247102657,0.9879707985624993,982,185
Asynchronous,37,64,random,diameter,17–31,1638,1.0,1.0,0,0
Asynchronous,37,64,random,diameter,5–8,26820,0.9904921700223713,0.8754450804067673,207,48
Asynchronous,37,64,random,diameter,9–16,10350,0.9965217391304347,0.9965217391304347,0,36
Asynchronous,37,64,random,edge_distance,0–0,33732,0.993507648523657,0.9906684759420428,134,85
Asynchronous,37,64,random,edge_distance,1–1,17343,0.9926771608141614,0.9781637445062492,109,18
Asynchronous,37,64,random,edge_distance,2–2,15777,0.9928376750966597,0.9865291909771505,91,22
Asynchronous,37,64,random,edge_distance,3–4,30870,0.9883381924198251,0.9803248603561797,306,54
Asynchronous,37,64,random,edge_distance,5–8,45810,0.9913337699192316,0.9840471221690283,326,71
Asynchronous,37,64,random,edge_distance,9+,41013,0.9940994318874503,0.9887315896398852,223,19
Asynchronous,37,64,random,liberties_vs_grid_light_cone,inside,184545,0.9920994879297732,0.9858093371342682,1189,269
Asynchronous,37,64,random,liberties_vs_grid_light_cone,outside,0,,,0,0
Asynchronous,37,64,structured,all,all,329940,0.44515669515669515,0.31901517398775314,12895,170170
Asynchronous,37,64,structured,chain_distance_vs_depth,inside,135000,0.802962962962963,0.644009170604312,11742,14858
Asynchronous,37,64,structured,chain_distance_vs_depth,outside,194940,0.19736842105263158,0.2604575376741159,1153,155312
Asynchronous,37,64,structured,chain_size,0–1,2331,0.9905619905619906,0.995244271508863,0,22
Asynchronous,37,64,structured,chain_size,129+,189378,0.1972404397554098,0.25580365472951705,1118,150907
Asynchronous,37,64,structured,chain_size,17–32,13716,0.6247448235637212,0.7521604500771167,562,4585
Asynchronous,37,64,structured,chain_size,2–4,2835,0.9502645502645503,0.9699262090566437,5,136
Asynchronous,37,64,structured,chain_size,33–64,108936,0.8242913270176985,0.5835122300238537,11044,8097
Asynchronous,37,64,structured,chain_size,5–8,1260,0.8579365079365079,0.9191508581752483,51,128
Asynchronous,37,64,structured,chain_size,65–128,8010,0.32883895131086144,0.6824384192805245,35,5341
Asynchronous,37,64,structured,chain_size,9–16,3474,0.7023603914795624,0.7982085601848704,80,954
Asynchronous,37,64,structured,cycle,acyclic,327168,0.4443069004303599,0.3167353738786328,12895,168910
Asynchronous,37,64,structured,cycle,cyclic,2772,0.5454545454545454,0.5,0,1260
Asynchronous,37,64,structured,diameter,0–4,5481,0.9675241744207261,0.9835354592912505,20,158
Asynchronous,37,64,structured,diameter,128+,113679,0.2239375786205016,0.2583819663784252,1071,87151
Asynchronous,37,64,structured,diameter,17–31,13428,0.6223562704795949,0.5669285982540448,516,4555
Asynchronous,37,64,structured,diameter,32–63,111060,0.8221411849450747,0.6596097484741579,11044,8709
Asynchronous,37,64,structured,diameter,5–8,1359,0.8197203826342899,0.8905615292712067,36,209
Asynchronous,37,64,structured,diameter,64–127,81261,0.16019984986647962,0.26336339109239354,82,68161
Asynchronous,37,64,structured,diameter,9–16,3672,0.6315359477124183,0.7759178460218904,126,1227
Asynchronous,37,64,structured,edge_distance,0–0,29844,0.7223227449403565,0.7223227449403565,919,7368
Asynchronous,37,64,structured,edge_distance,1–1,266004,0.3924489857295379,0.24992586412333342,11395,150216
Asynchronous,37,64,structured,edge_distance,2–2,12222,0.7372770414007528,0.6130674470955867,542,2669
Asynchronous,37,64,structured,edge_distance,3–4,3375,0.41274074074074074,0.504004004004004,0,1982
Asynchronous,37,64,structured,edge_distance,5–8,12780,0.5891236306729265,0.6703703703703704,28,5223
Asynchronous,37,64,structured,edge_distance,9+,5715,0.5235345581802274,0.5022686711401028,11,2712
Asynchronous,37,64,structured,liberties_vs_grid_light_cone,inside,329940,0.44515669515669515,0.31901517398775314,12895,170170
Asynchronous,37,64,structured,liberties_vs_grid_light_cone,outside,0,,,0,0
Asynchronous,37,128,random,all,all,184545,0.9513614565553117,0.9142096159424715,7697,1279
Asynchronous,37,128,random,chain_distance_vs_depth,inside,184545,0.9513614565553117,0.9142096159424715,7697,1279
Asynchronous,37,128,random,chain_distance_vs_depth,outside,0,,,0,0
Asynchronous,37,128,random,chain_size,0–1,58464,0.9168206075533661,0.9199010208507352,4693,170
Asynchronous,37,128,random,chain_size,17–32,7281,0.9936821865128417,0.9936821865128417,0,46
Asynchronous,37,128,random,chain_size,2–4,65601,0.9617536318043932,0.9221437911997316,1942,567
Asynchronous,37,128,random,chain_size,33–64,1629,0.9969306322897483,0.9969306322897483,0,5
Asynchronous,37,128,random,chain_size,5–8,30681,0.9654835240050845,0.8450293585316396,765,294
Asynchronous,37,128,random,chain_size,9–16,20889,0.9763511896213318,0.7101695268652617,297,197
Asynchronous,37,128,random,cycle,acyclic,153567,0.947032891181048,0.9179134815786628,7085,1049
Asynchronous,37,128,random,cycle,cyclic,30978,0.9728194202337143,0.7860746462444602,612,230
Asynchronous,37,128,random,diameter,0–4,145737,0.9434323473105662,0.9174202967802806,7296,948
Asynchronous,37,128,random,diameter,17–31,1638,0.9975579975579976,0.9975579975579976,0,4
Asynchronous,37,128,random,diameter,5–8,26820,0.9770320656226696,0.739626444639169,401,215
Asynchronous,37,128,random,diameter,9–16,10350,0.9891787439613526,0.9891787439613526,0,112
Asynchronous,37,128,random,edge_distance,0–0,33732,0.9680125696667853,0.9590962365698604,666,413
Asynchronous,37,128,random,edge_distance,1–1,17343,0.9618289799919276,0.9139843280972313,535,127
Asynchronous,37,128,random,edge_distance,2–2,15777,0.9528427457691576,0.9084762287491355,643,101
Asynchronous,37,128,random,edge_distance,3–4,30870,0.9406867508908325,0.8858560774384916,1645,186
Asynchronous,37,128,random,edge_distance,5–8,45810,0.9438987120716,0.8965583660581197,2272,298
Asynchronous,37,128,random,edge_distance,9+,41013,0.9490405481188892,0.9053076292166214,1936,154
Asynchronous,37,128,random,liberties_vs_grid_light_cone,inside,184545,0.9513614565553117,0.9142096159424715,7697,1279
Asynchronous,37,128,random,liberties_vs_grid_light_cone,outside,0,,,0,0
Asynchronous,37,128,structured,all,all,329940,0.4307934776019882,0.30773095032367787,15572,172232
Asynchronous,37,128,structured,chain_distance_vs_depth,inside,216261,0.5375495350525522,0.34795407084463054,14235,85775
Asynchronous,37,128,structured,chain_distance_vs_depth,outside,113679,0.22770256599723784,0.2614416358248259,1337,86457
Asynchronous,37,128,structured,chain_size,0–1,2331,0.9232089232089232,0.961305663640294,0,179
Asynchronous,37,128,structured,chain_size,129+,189378,0.1989988277413427,0.25642394755735587,1641,150051
Asynchronous,37,128,structured,chain_size,17–32,13716,0.5775736366287547,0.7116299839514125,849,4945
Asynchronous,37,128,structured,chain_size,2–4,2835,0.890652557319224,0.9389056997752651,15,295
Asynchronous,37,128,structured,chain_size,33–64,108936,0.7887291620768158,0.5444845582785678,12745,10270
Asynchronous,37,128,structured,chain_size,5–8,1260,0.8015873015873016,0.8870822041553749,99,151
Asynchronous,37,128,structured,chain_size,65–128,8010,0.3310861423220974,0.6835016835016835,54,5304
Asynchronous,37,128,structured,chain_size,9–16,3474,0.6528497409326425,0.7596189887903507,169,1037
Asynchronous,37,128,structured,cycle,acyclic,327168,0.4298219874804382,0.30534962641663843,15572,170972
Asynchronous,37,128,structured,cycle,cyclic,2772,0.5454545454545454,0.5,0,1260
Asynchronous,37,128,structured,diameter,0–4,5481,0.9080459770114943,0.9583496924486323,30,474
Asynchronous,37,128,structured,diameter,128+,113679,0.22770256599723784,0.2614416358248259,1337,86457
Asynchronous,37,128,structured,diameter,17–31,13428,0.5760351504319333,0.5362666258627492,794,4899
Asynchronous,37,128,structured,diameter,32–63,111060,0.7872591392040339,0.6299204998185426,12745,10882
Asynchronous,37,128,structured,diameter,5–8,1359,0.7586460632818248,0.8415239612372228,84,244
Asynchronous,37,128,structured,diameter,64–127,81261,0.159252285844378,0.2595128795953226,358,67962
Asynchronous,37,128,structured,diameter,9–16,3672,0.5811546840958606,0.7433185408936374,224,1314
Asynchronous,37,128,structured,edge_distance,0–0,29844,0.5948934459187777,0.5948934459187777,1839,10251
Asynchronous,37,128,structured,edge_distance,1–1,266004,0.3891933955880363,0.2491497136686125,12986,149491
Asynchronous,37,128,structured,edge_distance,2–2,12222,0.7337587956144657,0.5513936188940531,676,2578
Asynchronous,37,128,structured,edge_distance,3–4,3375,0.41333333333333333,0.5045045045045045,0,1980
Asynchronous,37,128,structured,edge_distance,5–8,12780,0.5874021909233177,0.6689893283113623,49,5224
Asynchronous,37,128,structured,edge_distance,9+,5715,0.5223097112860893,0.501545829339194,22,2708
Asynchronous,37,128,structured,liberties_vs_grid_light_cone,inside,329940,0.4307934776019882,0.30773095032367787,15572,172232
Asynchronous,37,128,structured,liberties_vs_grid_light_cone,outside,0,,,0,0
Asynchronous,37,256,random,all,all,184545,0.8819800048768593,0.7859782495437109,18506,3274
Asynchronous,37,256,random,chain_distance_vs_depth,inside,184545,0.8819800048768593,0.7859782495437109,18506,3274
Asynchronous,37,256,random,chain_distance_vs_depth,outside,0,,,0,0
Asynchronous,37,256,random,chain_size,0–1,58464,0.7833367542419266,0.7807371368791847,11959,708
Asynchronous,37,256,random,chain_size,17–32,7281,0.9857162477681637,0.9857162477681637,0,104
Asynchronous,37,256,random,chain_size,2–4,65601,0.9054740019207024,0.8043107081569676,4780,1421
Asynchronous,37,256,random,chain_size,33–64,1629,0.9895641497851443,0.9895641497851443,0,17
Asynchronous,37,256,random,chain_size,5–8,30681,0.9331508099475245,0.7388804981853192,1419,632
Asynchronous,37,256,random,chain_size,9–16,20889,0.9645746565177845,0.6721628596098748,348,392
Asynchronous,37,256,random,cycle,acyclic,153567,0.8674519916388287,0.7877761390337293,17608,2747
Asynchronous,37,256,random,cycle,cyclic,30978,0.9539996126283169,0.7051487155410516,898,527
Asynchronous,37,256,random,diameter,0–4,145737,0.8589925688054509,0.7875944014587479,17970,2580
Asynchronous,37,256,random,diameter,17–31,1638,0.9908424908424909,0.9908424908424909,0,15
Asynchronous,37,256,random,diameter,5–8,26820,0.9624906785980611,0.6587398209776418,536,470
Asynchronous,37,256,random,diameter,9–16,10350,0.9798067632850241,0.9798067632850241,0,209
Asynchronous,37,256,random,edge_distance,0–0,33732,0.9126941776354797,0.8933708607267973,1876,1069
Asynchronous,37,256,random,edge_distance,1–1,17343,0.9060139537565588,0.8141699478748814,1212,418
Asynchronous,37,256,random,edge_distance,2–2,15777,0.8868606198897129,0.7746343253363484,1527,258
Asynchronous,37,256,random,edge_distance,3–4,30870,0.868383543893748,0.7299959111554104,3670,393
Asynchronous,37,256,random,edge_distance,5–8,45810,0.8658153241650295,0.7367006008003643,5515,632
Asynchronous,37,256,random,edge_distance,9+,41013,0.8729671079901494,0.7521149260203412,4706,504
Asynchronous,37,256,random,liberties_vs_grid_light_cone,inside,184545,0.8819800048768593,0.7859782495437109,18506,3274
Asynchronous,37,256,random,liberties_vs_grid_light_cone,outside,0,,,0,0
Asynchronous,37,256,structured,all,all,329940,0.4185457962053707,0.29955480523939976,19826,172019
Asynchronous,37,256,structured,chain_distance_vs_depth,inside,226845,0.5091670523926028,0.33195442730260216,17968,93375
Asynchronous,37,256,structured,chain_distance_vs_depth,outside,103095,0.21914738833115088,0.2618520820509102,1858,78644
Asynchronous,37,256,structured,chain_size,0–1,2331,0.9086229086229086,0.816147859922179,15,198
Asynchronous,37,256,structured,chain_size,129+,189378,0.19978033351286845,0.254036389518252,2874,148670
Asynchronous,37,256,structured,chain_size,17–32,13716,0.5461504811898513,0.6746378219592506,1126,5099
Asynchronous,37,256,structured,chain_size,2–4,2835,0.8507936507936508,0.8996920953442693,87,336
Asynchronous,37,256,structured,chain_size,33–64,108936,0.7570041125064257,0.5166356807547885,15148,11323
Asynchronous,37,256,structured,chain_size,5–8,1260,0.696031746031746,0.7959575429087624,153,230
Asynchronous,37,256,structured,chain_size,65–128,8010,0.34207240948813983,0.6300874239470731,212,5058
Asynchronous,37,256,structured,chain_size,9–16,3474,0.6211859527921704,0.7326388764672891,211,1105
Asynchronous,37,256,structured,cycle,acyclic,327168,0.4172596341940532,0.2967987294536335,19662,170992
Asynchronous,37,256,structured,cycle,cyclic,2772,0.5703463203463204,0.5186345290511958,164,1027
Asynchronous,37,256,structured,diameter,0–4,5481,0.8757525998905309,0.9043791533976065,144,537
Asynchronous,37,256,structured,diameter,128+,113679,0.22991933426578348,0.261770014896508,1986,85556
Asynchronous,37,256,structured,diameter,17–31,13428,0.5449806374739351,0.5200655301911883,1070,5040
Asynchronous,37,256,structured,diameter,32–63,111060,0.7564739780298938,0.6050301763526102,15312,11734
Asynchronous,37,256,structured,diameter,5–8,1359,0.6821192052980133,0.7720430107526882,117,315
Asynchronous,37,256,structured,diameter,64–127,81261,0.15840317003236484,0.2515424718422967,936,67453
Asynchronous,37,256,structured,diameter,9–16,3672,0.5520152505446623,0.7223309901611629,261,1384
Asynchronous,37,256,structured,edge_distance,0–0,29844,0.538868784345262,0.538868784345262,2104,11658
Asynchronous,37,256,structured,edge_distance,1–1,266004,0.3806897640636983,0.2467533565415858,16478,148261
Asynchronous,37,256,structured,edge_distance,2–2,12222,0.7176403207331042,0.5119357549790067,994,2457
Asynchronous,37,256,structured,edge_distance,3–4,3375,0.48088888888888887,0.5615615615615616,2,1750
Asynchronous,37,256,structured,edge_distance,5–8,12780,0.576056338028169,0.6602204316013708,215,5203
Asynchronous,37,256,structured,edge_distance,9+,5715,0.5235345581802274,0.5129512295021635,33,2690
Asynchronous,37,256,structured,liberties_vs_grid_light_cone,inside,329940,0.4185457962053707,0.29955480523939976,19826,172019
Asynchronous,37,256,structured,liberties_vs_grid_light_cone,outside,0,,,0,0
C128 Synchronous,9,32,random,all,all,37932,0.9999472740693873,0.9999092801746058,1,1
C128 Synchronous,9,32,random,chain_distance_vs_depth,inside,37932,0.9999472740693873,0.9999092801746058,1,1
C128 Synchronous,9,32,random,chain_distance_vs_depth,outside,0,,,0,0
C128 Synchronous,9,32,random,chain_size,0–1,13778,1.0,1.0,0,0
C128 Synchronous,9,32,random,chain_size,17–32,199,1.0,1.0,0,0
C128 Synchronous,9,32,random,chain_size,2–4,15397,0.9999350522829122,0.9997197309417041,1,0
C128 Synchronous,9,32,random,chain_size,5–8,6256,1.0,1.0,0,0
C128 Synchronous,9,32,random,chain_size,9–16,2302,0.9995655951346655,0.9998830135704259,0,1
C128 Synchronous,9,32,random,cycle,acyclic,34002,0.9999411799305923,0.9999045351078002,1,1
C128 Synchronous,9,32,random,cycle,cyclic,3930,1.0,1.0,0,0
C128 Synchronous,9,32,random,diameter,0–4,33517,0.9999701643941881,0.9999230295566502,1,0
C128 Synchronous,9,32,random,diameter,5–8,3835,0.9997392438070404,0.9999267506592441,0,1
C128 Synchronous,9,32,random,diameter,9–16,580,1.0,1.0,0,0
C128 Synchronous,9,32,random,edge_distance,0–0,21577,0.9999536543541734,0.9998940677966102,1,0
C128 Synchronous,9,32,random,edge_distance,1–1,8994,0.9998888147653991,0.9999529278855206,0,1
C128 Synchronous,9,32,random,edge_distance,2–2,5205,1.0,1.0,0,0
C128 Synchronous,9,32,random,edge_distance,3–4,2156,1.0,1.0,0,0
C128 Synchronous,9,32,random,liberties_vs_grid_light_cone,inside,37932,0.9999472740693873,0.9999092801746058,1,1
C128 Synchronous,9,32,random,liberties_vs_grid_light_cone,outside,0,,,0,0
C128 Synchronous,9,32,structured,all,all,58363,0.9993317684149204,0.9992805094316272,6,33
C128 Synchronous,9,32,structured,chain_distance_vs_depth,inside,58363,0.9993317684149204,0.9992805094316272,6,33
C128 Synchronous,9,32,structured,chain_distance_vs_depth,outside,0,,,0,0
C128 Synchronous,9,32,structured,chain_size,0–1,2369,1.0,1.0,0,0
C128 Synchronous,9,32,structured,chain_size,17–32,23115,1.0,1.0,0,0
C128 Synchronous,9,32,structured,chain_size,2–4,8098,1.0,1.0,0,0
C128 Synchronous,9,32,structured,chain_size,5–8,19712,0.9995941558441559,0.9962374504927697,6,2
C128 Synchronous,9,32,structured,chain_size,9–16,5069,0.9938843953442493,0.9959709489593658,0,31
C128 Synchronous,9,32,structured,cycle,acyclic,54243,0.9992810132182954,0.9991691927587492,6,33
C128 Synchronous,9,32,structured,cycle,cyclic,4120,1.0,1.0,0,0
C128 Synchronous,9,32,structured,diameter,0–4,14709,1.0,1.0,0,0
C128 Synchronous,9,32,structured,diameter,17–31,20265,1.0,1.0,0,0
C128 Synchronous,9,32,structured,diameter,5–8,17356,0.9994814473380963,0.9976635381349808,6,3
C128 Synchronous,9,32,structured,diameter,9–16,6033,0.9950273495773247,0.9966001813236627,0,30
C128 Synchronous,9,32,structured,edge_distance,0–0,18029,1.0,1.0,0,0
C128 Synchronous,9,32,structured,edge_distance,1–1,34247,0.9988612141209449,0.9991839592131008,6,33
C128 Synchronous,9,32,structured,edge_distance,2–2,5759,1.0,1.0,0,0
C128 Synchronous,9,32,structured,edge_distance,3–4,328,1.0,1.0,0,0
C128 Synchronous,9,32,structured,liberties_vs_grid_light_cone,inside,58363,0.9993317684149204,0.9992805094316272,6,33
C128 Synchronous,9,32,structured,liberties_vs_grid_light_cone,outside,0,,,0,0
C128 Synchronous,9,64,random,all,all,37932,0.9993145629020352,0.9987935600885669,15,11
C128 Synchronous,9,64,random,chain_distance_vs_depth,inside,37932,0.9993145629020352,0.9987935600885669,15,11
C128 Synchronous,9,64,random,chain_distance_vs_depth,outside,0,,,0,0
C128 Synchronous,9,64,random,chain_size,0–1,13778,0.9989838873566556,0.9986744953457583,13,1
C128 Synchronous,9,64,random,chain_size,17–32,199,0.9849246231155779,0.9849246231155779,0,3
C128 Synchronous,9,64,random,chain_size,2–4,15397,0.9996752614145613,0.9992317056507211,2,3
C128 Synchronous,9,64,random,chain_size,5–8,6256,0.9995204603580563,0.9998471882640587,0,3
C128 Synchronous,9,64,random,chain_size,9–16,2302,0.9995655951346655,0.9998830135704259,0,1
C128 Synchronous,9,64,random,cycle,acyclic,34002,0.9993235692018116,0.998793682131746,15,8
C128 Synchronous,9,64,random,cycle,cyclic,3930,0.999236641221374,0.9997639282341833,0,3
C128 Synchronous,9,64,random,diameter,0–4,33517,0.9994331234895725,0.9988824273748385,15,4
C128 Synchronous,9,64,random,diameter,5–8,3835,0.9989569752281616,0.9997070026369763,0,4
C128 Synchronous,9,64,random,diameter,9–16,580,0.9948275862068966,0.9948275862068966,0,3
C128 Synchronous,9,64,random,edge_distance,0–0,21577,0.9990730870834685,0.9985792786397343,10,10
C128 Synchronous,9,64,random,edge_distance,1–1,8994,0.9995552590615966,0.9987387281419091,3,1
C128 Synchronous,9,64,random,edge_distance,2–2,5205,1.0,1.0,0,0
C128 Synchronous,9,64,random,edge_distance,3–4,2156,0.9990723562152134,0.9992307692307693,2,0
C128 Synchronous,9,64,random,liberties_vs_grid_light_cone,inside,37932,0.9993145629020352,0.9987935600885669,15,11
C128 Synchronous,9,64,random,liberties_vs_grid_light_cone,outside,0,,,0,0
C128 Synchronous,9,64,structured,all,all,58363,0.9982009149632473,0.9978626917573976,22,83
C128 Synchronous,9,64,structured,chain_distance_vs_depth,inside,58363,0.9982009149632473,0.9978626917573976,22,83
C128 Synchronous,9,64,structured,chain_distance_vs_depth,outside,0,,,0,0
C128 Synchronous,9,64,structured,chain_size,0–1,2369,0.997889404812157,0.9933862433862434,5,0
C128 Synchronous,9,64,structured,chain_size,17–32,23115,0.999264546831062,0.9991627126153351,3,14
C128 Synchronous,9,64,structured,chain_size,2–4,8098,0.9990121017535194,0.9938720626195287,3,5
C128 Synchronous,9,64,structured,chain_size,5–8,19712,0.9980215097402597,0.9902687139158843,7,32
C128 Synchronous,9,64,structured,chain_size,9–16,5069,0.9928980074965477,0.9946275336036314,4,32
C128 Synchronous,9,64,structured,cycle,acyclic,54243,0.9983223641760227,0.9979657225096242,20,71
C128 Synchronous,9,64,structured,cycle,cyclic,4120,0.9966019417475728,0.9973723723723724,2,12
C128 Synchronous,9,64,structured,diameter,0–4,14709,0.998504317084778,0.9943645121963361,8,14
C128 Synchronous,9,64,structured,diameter,17–31,20265,0.9998026153466568,0.9996753304592583,2,2
C128 Synchronous,9,64,structured,diameter,5–8,17356,0.9980986402396865,0.9937902611945935,9,24
C128 Synchronous,9,64,structured,diameter,9–16,6033,0.9923752693518979,0.9932082284249156,3,43
C128 Synchronous,9,64,structured,edge_distance,0–0,18029,1.0,1.0,0,0
C128 Synchronous,9,64,structured,edge_distance,1–1,34247,0.9972844336730224,0.9978429494053667,12,81
C128 Synchronous,9,64,structured,edge_distance,2–2,5759,0.998263587428373,0.9960085559312802,8,2
C128 Synchronous,9,64,structured,edge_distance,3–4,328,0.9939024390243902,0.9946621061359867,2,0
C128 Synchronous,9,64,structured,liberties_vs_grid_light_cone,inside,58363,0.9982009149632473,0.9978626917573976,22,83
C128 Synchronous,9,64,structured,liberties_vs_grid_light_cone,outside,0,,,0,0
C128 Synchronous,9,128,random,all,all,37932,0.9971791627122218,0.9963314649721227,58,49
C128 Synchronous,9,128,random,chain_distance_vs_depth,inside,37932,0.9971791627122218,0.9963314649721227,58,49
C128 Synchronous,9,128,random,chain_distance_vs_depth,outside,0,,,0,0
C128 Synchronous,9,128,random,chain_size,0–1,13778,0.9968065031209175,0.9966707560816019,40,4
C128 Synchronous,9,128,random,chain_size,17–32,199,0.964824120603015,0.964824120603015,0,7
C128 Synchronous,9,128,random,chain_size,2–4,15397,0.9989608365265961,0.9980707468052326,7,9
C128 Synchronous,9,128,random,chain_size,5–8,6256,0.9961636828644501,0.9938344828203396,5,19
C128 Synchronous,9,128,random,chain_size,9–16,2302,0.9930495221546481,0.970840407306141,6,10
C128 Synchronous,9,128,random,cycle,acyclic,34002,0.9976177871889889,0.9968093153337729,51,30
C128 Synchronous,9,128,random,cycle,cyclic,3930,0.9933842239185751,0.988706473495589,7,19
C128 Synchronous,9,128,random,diameter,0–4,33517,0.9978220007757258,0.9970109132989137,50,23
C128 Synchronous,9,128,random,diameter,5–8,3835,0.9929595827900912,0.9788804849585091,8,19
C128 Synchronous,9,128,random,diameter,9–16,580,0.9879310344827587,0.9879310344827587,0,7
C128 Synchronous,9,128,random,edge_distance,0–0,21577,0.9965240765630069,0.995743926442332,32,43
C128 Synchronous,9,128,random,edge_distance,1–1,8994,0.9989993328885924,0.9977723683434361,7,2
C128 Synchronous,9,128,random,edge_distance,2–2,5205,0.9971181556195965,0.996853109913708,13,2
C128 Synchronous,9,128,random,edge_distance,3–4,2156,0.9962894248608535,0.9970445344129555,6,2
C128 Synchronous,9,128,random,liberties_vs_grid_light_cone,inside,37932,0.9971791627122218,0.9963314649721227,58,49
C128 Synchronous,9,128,random,liberties_vs_grid_light_cone,outside,0,,,0,0
C128 Synchronous,9,128,structured,all,all,58363,0.9873721364563165,0.9842173588383856,495,242
C128 Synchronous,9,128,structured,chain_distance_vs_depth,inside,58363,0.9873721364563165,0.9842173588383856,495,242
C128 Synchronous,9,128,structured,chain_distance_vs_depth,outside,0,,,0,0
C128 Synchronous,9,128,structured,chain_size,0–1,2369,0.9826931194596876,0.9515558698727015,38,3
C128 Synchronous,9,128,structured,chain_size,17–32,23115,0.9930780878217608,0.9903975529387213,91,69
C128 Synchronous,9,128,structured,chain_size,2–4,8098,0.9961718942948876,0.9809942080038478,13,18
C128 Synchronous,9,128,structured,chain_size,5–8,19712,0.9877232142857143,0.9425899109947062,125,117
C128 Synchronous,9,128,structured,chain_size,9–16,5069,0.9481159992108897,0.9318875438599262,228,35
C128 Synchronous,9,128,structured,cycle,acyclic,54243,0.9905609940453146,0.9880268263969136,304,208
C128 Synchronous,9,128,structured,cycle,cyclic,4120,0.9453883495145631,0.9384311259311259,191,34
C128 Synchronous,9,128,structured,diameter,0–4,14709,0.9917057583792236,0.9619716249281821,69,53
C128 Synchronous,9,128,structured,diameter,17–31,20265,0.9947199605230693,0.9918497450193567,69,38
C128 Synchronous,9,128,structured,diameter,5–8,17356,0.9782207882000461,0.9242995971266861,290,88
C128 Synchronous,9,128,structured,diameter,9–16,6033,0.9784518481684071,0.977431188310132,67,63
C128 Synchronous,9,128,structured,edge_distance,0–0,18029,0.9998336014199346,0.9998336014199346,3,0
C128 Synchronous,9,128,structured,edge_distance,1–1,34247,0.9855169795894531,0.9858053133460307,265,231
C128 Synchronous,9,128,structured,edge_distance,2–2,5759,0.9671818023962494,0.9076139318447738,178,11
C128 Synchronous,9,128,structured,edge_distance,3–4,328,0.850609756097561,0.863636163155852,49,0
C128 Synchronous,9,128,structured,liberties_vs_grid_light_cone,inside,58363,0.9873721364563165,0.9842173588383856,495,242
C128 Synchronous,9,128,structured,liberties_vs_grid_light_cone,outside,0,,,0,0
C128 Synchronous,9,256,random,all,all,37932,0.9922492881999367,0.9901367121244562,181,113
C128 Synchronous,9,256,random,chain_distance_vs_depth,inside,37932,0.9922492881999367,0.9901367121244562,181,113
C128 Synchronous,9,256,random,chain_distance_vs_depth,outside,0,,,0,0
C128 Synchronous,9,256,random,chain_size,0–1,13778,0.9896937146175062,0.9887449075563709,123,19
C128 Synchronous,9,256,random,chain_size,17–32,199,0.9547738693467337,0.9547738693467337,0,9
C128 Synchronous,9,256,random,chain_size,2–4,15397,0.996687666428525,0.9953442344858052,20,31
C128 Synchronous,9,256,random,chain_size,5–8,6256,0.9918478260869565,0.984668906365613,25,26
C128 Synchronous,9,256,random,chain_size,9–16,2302,0.9821894005212859,0.9069578546292617,13,28
C128 Synchronous,9,256,random,cycle,acyclic,34002,0.992971001705782,0.991122337430514,157,82
C128 Synchronous,9,256,random,cycle,cyclic,3930,0.9860050890585241,0.9684606055416826,24,31
C128 Synchronous,9,256,random,diameter,0–4,33517,0.9931974818748694,0.9913515557162469,161,67
C128 Synchronous,9,256,random,diameter,5–8,3835,0.9867014341590613,0.9516789062863177,20,31
C128 Synchronous,9,256,random,diameter,9–16,580,0.9741379310344828,0.9741379310344828,0,15
C128 Synchronous,9,256,random,edge_distance,0–0,21577,0.9924920053760949,0.9909599077601262,78,84
C128 Synchronous,9,256,random,edge_distance,1–1,8994,0.9945519235045586,0.9901636965859943,39,10
C128 Synchronous,9,256,random,edge_distance,2–2,5205,0.9882804995196927,0.9857199973430397,45,16
C128 Synchronous,9,256,random,edge_distance,3–4,2156,0.9897959183673469,0.9888764351196293,19,3
C128 Synchronous,9,256,random,liberties_vs_grid_light_cone,inside,37932,0.9922492881999367,0.9901367121244562,181,113
C128 Synchronous,9,256,random,liberties_vs_grid_light_cone,outside,0,,,0,0
C128 Synchronous,9,256,structured,all,all,58363,0.9649435429981323,0.9573730533880696,1553,493
C128 Synchronous,9,256,structured,chain_distance_vs_depth,inside,58363,0.9649435429981323,0.9573730533880696,1553,493
C128 Synchronous,9,256,structured,chain_distance_vs_depth,outside,0,,,0,0
C128 Synchronous,9,256,structured,chain_size,0–1,2369,0.9527226677923174,0.8582459105017031,108,4
C128 Synchronous,9,256,structured,chain_size,17–32,23115,0.9772874756651525,0.9679879975707042,312,213
C128 Synchronous,9,256,structured,chain_size,2–4,8098,0.9802420350703878,0.9321394201199712,111,49
C128 Synchronous,9,256,structured,chain_size,5–8,19712,0.9709314123376623,0.8736080578289801,405,168
C128 Synchronous,9,256,structured,chain_size,9–16,5069,0.866640362990728,0.8235142265927313,617,59
C128 Synchronous,9,256,structured,cycle,acyclic,54243,0.9721069999815645,0.9653753141813071,1098,415
C128 Synchronous,9,256,structured,cycle,cyclic,4120,0.8706310679611651,0.8004260532150999,455,78
C128 Synchronous,9,256,structured,diameter,0–4,14709,0.9709701543272826,0.8805129618809575,312,115
C128 Synchronous,9,256,structured,diameter,17–31,20265,0.9820379965457686,0.9737392629572643,216,148
C128 Synchronous,9,256,structured,diameter,5–8,17356,0.9516593685180917,0.8484425834850349,715,124
C128 Synchronous,9,256,structured,diameter,9–16,6033,0.9310459141389027,0.9242404097173643,310,106
C128 Synchronous,9,256,structured,edge_distance,0–0,18029,0.9987242775528316,0.9987242775528316,8,15
C128 Synchronous,9,256,structured,edge_distance,1–1,34247,0.9578357228370368,0.9549621002584932,1021,423
C128 Synchronous,9,256,structured,edge_distance,2–2,5759,0.9149157839902761,0.8022735916919059,435,55
C128 Synchronous,9,256,structured,edge_distance,3–4,328,0.7286585365853658,0.7698619050139375,89,0
C128 Synchronous,9,256,structured,liberties_vs_grid_light_cone,inside,58363,0.9649435429981323,0.9573730533880696,1553,493
C128 Synchronous,9,256,structured,liberties_vs_grid_light_cone,outside,0,,,0,0
C128 Synchronous,13,32,random,all,all,20779,0.9997112469319986,0.9996364574537949,6,0
C128 Synchronous,13,32,random,chain_distance_vs_depth,inside,20779,0.9997112469319986,0.9996364574537949,6,0
C128 Synchronous,13,32,random,chain_distance_vs_depth,outside,0,,,0,0
C128 Synchronous,13,32,random,chain_size,0–1,6845,1.0,1.0,0,0
C128 Synchronous,13,32,random,chain_size,17–32,309,1.0,1.0,0,0
C128 Synchronous,13,32,random,chain_size,2–4,8150,0.9995092024539878,0.9994172494172494,4,0
C128 Synchronous,13,32,random,chain_size,33–64,34,1.0,1.0,0,0
C128 Synchronous,13,32,random,chain_size,5–8,3609,0.99944582986977,0.9976303317535545,2,0
C128 Synchronous,13,32,random,chain_size,9–16,1832,1.0,1.0,0,0
C128 Synchronous,13,32,random,cycle,acyclic,18040,0.9996674057649667,0.999621779443848,6,0
C128 Synchronous,13,32,random,cycle,cyclic,2739,1.0,1.0,0,0
C128 Synchronous,13,32,random,diameter,0–4,17276,0.9997684649224358,0.9997696913864579,4,0
C128 Synchronous,13,32,random,diameter,17–31,34,1.0,1.0,0,0
C128 Synchronous,13,32,random,diameter,5–8,2711,0.9992622648469199,0.9924242424242424,2,0
C128 Synchronous,13,32,random,diameter,9–16,758,1.0,1.0,0,0
C128 Synchronous,13,32,random,edge_distance,0–0,9210,1.0,1.0,0,0
C128 Synchronous,13,32,random,edge_distance,1–1,4087,1.0,1.0,0,0
C128 Synchronous,13,32,random,edge_distance,2–2,3393,0.9988211022693781,0.9986541049798116,4,0
C128 Synchronous,13,32,random,edge_distance,3–4,3525,0.9994326241134752,0.9990494296577946,2,0
C128 Synchronous,13,32,random,edge_distance,5–8,564,1.0,1.0,0,0
C128 Synchronous,13,32,random,liberties_vs_grid_light_cone,inside,20779,0.9997112469319986,0.9996364574537949,6,0
C128 Synchronous,13,32,random,liberties_vs_grid_light_cone,outside,0,,,0,0
C128 Synchronous,13,32,structured,all,all,29933,0.6756756756756757,0.5967859182319435,262,9446
C128 Synchronous,13,32,structured,chain_distance_vs_depth,inside,21782,0.7737581489303095,0.6743475245816765,227,4701
C128 Synchronous,13,32,structured,chain_distance_vs_depth,outside,8151,0.41356888725309776,0.387024296171122,35,4745
C128 Synchronous,13,32,structured,chain_size,0–1,617,1.0,1.0,0,0
C128 Synchronous,13,32,structured,chain_size,17–32,3151,0.6931132973659155,0.6358766167595215,10,957
C128 Synchronous,13,32,structured,chain_size,2–4,1661,1.0,1.0,0,0
C128 Synchronous,13,32,structured,chain_size,33–64,3522,0.7294151050539466,0.6763980977537071,44,909
C128 Synchronous,13,32,structured,chain_size,5–8,2742,0.9901531728665208,0.9934918616054093,3,24
C128 Synchronous,13,32,structured,chain_size,65–128,8942,0.17770073808991277,0.32281367663039057,4,7349
C128 Synchronous,13,32,structured,chain_size,9–16,9298,0.9561195956119596,0.8952952768783904,201,207
C128 Synchronous,13,32,structured,cycle,acyclic,27753,0.6843944798760494,0.5975546084465275,252,8507
C128 Synchronous,13,32,structured,cycle,cyclic,2180,0.5646788990825689,0.5439651144151403,10,939
C128 Synchronous,13,32,structured,diameter,0–4,2902,0.9993108201240524,0.999055194675007,1,1
C128 Synchronous,13,32,structured,diameter,17–31,5827,0.3550712201819118,0.43876697585543856,22,3736
C128 Synchronous,13,32,structured,diameter,32–63,3114,0.7678227360308285,0.7726820626358377,35,688
C128 Synchronous,13,32,structured,diameter,5–8,3702,0.9773095623987034,0.9659663165455795,19,65
C128 Synchronous,13,32,structured,diameter,64–127,5037,0.19456025411951558,0.3096680823692997,0,4057
C128 Synchronous,13,32,structured,diameter,9–16,9351,0.8840765693508715,0.7248883797711008,185,899
C128 Synchronous,13,32,structured,edge_distance,0–0,6577,1.0,1.0,0,0
C128 Synchronous,13,32,structured,edge_distance,1–1,18402,0.5121725899358766,0.4736589875511244,194,8783
C128 Synchronous,13,32,structured,edge_distance,2–2,3851,0.8275772526616463,0.7033442417815863,57,607
C128 Synchronous,13,32,structured,edge_distance,3–4,1085,0.9382488479262673,0.8493788881237149,11,56
C128 Synchronous,13,32,structured,edge_distance,5–8,18,1.0,1.0,0,0
C128 Synchronous,13,32,structured,liberties_vs_grid_light_cone,inside,29933,0.6756756756756757,0.5967859182319435,262,9446
C128 Synchronous,13,32,structured,liberties_vs_grid_light_cone,outside,0,,,0,0
C128 Synchronous,13,64,random,all,all,20779,0.9988449877279946,0.9982475842080896,13,11
C128 Synchronous,13,64,random,chain_distance_vs_depth,inside,20779,0.9988449877279946,0.9982475842080896,13,11
C128 Synchronous,13,64,random,chain_distance_vs_depth,outside,0,,,0,0
C128 Synchronous,13,64,random,chain_size,0–1,6845,0.9995617238860482,0.9992931196983977,3,0
C128 Synchronous,13,64,random,chain_size,17–32,309,1.0,1.0,0,0
C128 Synchronous,13,64,random,chain_size,2–4,8150,0.9986503067484662,0.9973237721803417,7,4
C128 Synchronous,13,64,random,chain_size,33–64,34,1.0,1.0,0,0
C128 Synchronous,13,64,random,chain_size,5–8,3609,0.99778331947908,0.9960286920284644,3,5
C128 Synchronous,13,64,random,chain_size,9–16,1832,0.9989082969432315,0.9893617021276596,0,2
C128 Synchronous,13,64,random,cycle,acyclic,18040,0.9987250554323726,0.9982222595746255,12,11
C128 Synchronous,13,64,random,cycle,cyclic,2739,0.9996349032493611,0.9976190476190476,1,0
C128 Synchronous,13,64,random,diameter,0–4,17276,0.999073859689743,0.9985669534409797,10,6
C128 Synchronous,13,64,random,diameter,17–31,34,1.0,1.0,0,0
C128 Synchronous,13,64,random,diameter,5–8,2711,0.9970490593876798,0.9849087981861235,3,5
C128 Synchronous,13,64,random,diameter,9–16,758,1.0,1.0,0,0
C128 Synchronous,13,64,random,edge_distance,0–0,9210,0.9981541802388708,0.9974327891376453,7,10
C128 Synchronous,13,64,random,edge_distance,1–1,4087,1.0,1.0,0,0
C128 Synchronous,13,64,random,edge_distance,2–2,3393,0.9988211022693781,0.9986541049798116,4,0
C128 Synchronous,13,64,random,edge_distance,3–4,3525,0.9991489361702127,0.998925605982708,2,1
C128 Synchronous,13,64,random,edge_distance,5–8,564,1.0,1.0,0,0
C128 Synchronous,13,64,random,liberties_vs_grid_light_cone,inside,20779,0.9988449877279946,0.9982475842080896,13,11
C128 Synchronous,13,64,random,liberties_vs_grid_light_cone,outside,0,,,0,0
C128 Synchronous,13,64,structured,all,all,29933,0.6682591120168376,0.5892283816454003,269,9661
C128 Synchronous,13,64,structured,chain_distance_vs_depth,inside,24896,0.7663480077120822,0.6675051005365059,269,5548
C128 Synchronous,13,64,structured,chain_distance_vs_depth,outside,5037,0.18344252531268612,0.2998660363794588,0,4113
C128 Synchronous,13,64,structured,chain_size,0–1,617,0.9967585089141004,0.9943322109988776,1,1
C128 Synchronous,13,64,structured,chain_size,17–32,3151,0.6918438590923517,0.6136351813187682,28,943
C128 Synchronous,13,64,structured,chain_size,2–4,1661,0.9939795304033715,0.9945927916639343,1,9
C128 Synchronous,13,64,structured,chain_size,33–64,3522,0.7061328790459966,0.651946890773632,60,975
C128 Synchronous,13,64,structured,chain_size,5–8,2742,0.9814004376367614,0.9865045237229803,9,42
C128 Synchronous,13,64,structured,chain_size,65–128,8942,0.1656229031536569,0.312776856912816,0,7461
C128 Synchronous,13,64,structured,chain_size,9–16,9298,0.9569799956979995,0.8853239632400263,170,230
C128 Synchronous,13,64,structured,cycle,acyclic,27753,0.6759269268187224,0.5900652859779943,239,8755
C128 Synchronous,13,64,structured,cycle,cyclic,2180,0.5706422018348624,0.5351176015159036,30,906
C128 Synchronous,13,64,structured,diameter,0–4,2902,0.9931082012405238,0.9910497742820723,3,17
C128 Synchronous,13,64,structured,diameter,17–31,5827,0.3341342028488073,0.41362215347176384,50,3830
C128 Synchronous,13,64,structured,diameter,32–63,3114,0.7501605651894669,0.7585751765058302,34,744
C128 Synchronous,13,64,structured,diameter,5–8,3702,0.9708265802269044,0.9547960044043691,26,82
C128 Synchronous,13,64,structured,diameter,64–127,5037,0.18344252531268612,0.2998660363794588,0,4113
C128 Synchronous,13,64,structured,diameter,9–16,9351,0.8897444123623142,0.7179230409463411,156,875
C128 Synchronous,13,64,structured,edge_distance,0–0,6577,1.0,1.0,0,0
C128 Synchronous,13,64,structured,edge_distance,1–1,18402,0.5005977611129225,0.461320637835119,172,9018
C128 Synchronous,13,64,structured,edge_distance,2–2,3851,0.8247208517268242,0.6882096223250564,75,600
C128 Synchronous,13,64,structured,edge_distance,3–4,1085,0.9400921658986175,0.8432910001179581,22,43
C128 Synchronous,13,64,structured,edge_distance,5–8,18,1.0,1.0,0,0
C128 Synchronous,13,64,structured,liberties_vs_grid_light_cone,inside,29933,0.6682591120168376,0.5892283816454003,269,9661
C128 Synchronous,13,64,structured,liberties_vs_grid_light_cone,outside,0,,,0,0
C128 Synchronous,13,128,random,all,all,20779,0.9955243274459791,0.9944678999222545,55,38
C128 Synchronous,13,128,random,chain_distance_vs_depth,inside,20779,0.9955243274459791,0.9944678999222545,55,38
C128 Synchronous,13,128,random,chain_distance_vs_depth,outside,0,,,0,0
C128 Synchronous,13,128,random,chain_size,0–1,6845,0.9963476990504018,0.9968261371736351,25,0
C128 Synchronous,13,128,random,chain_size,17–32,309,1.0,1.0,0,0
C128 Synchronous,13,128,random,chain_size,2–4,8150,0.9965644171779141,0.9931904630366022,15,13
C128 Synchronous,13,128,random,chain_size,33–64,34,1.0,1.0,0,0
C128 Synchronous,13,128,random,chain_size,5–8,3609,0.9919645331116653,0.9858434770057862,14,15
C128 Synchronous,13,128,random,chain_size,9–16,1832,0.993995633187773,0.9552743962399708,1,10
C128 Synchronous,13,128,random,cycle,acyclic,18040,0.9958425720620843,0.9950399681657693,43,32
C128 Synchronous,13,128,random,cycle,cyclic,2739,0.9934282584884995,0.9787191946895619,12,6
C128 Synchronous,13,128,random,diameter,0–4,17276,0.9965848576059273,0.9956649952691242,41,18
C128 Synchronous,13,128,random,diameter,17–31,34,1.0,1.0,0,0
C128 Synchronous,13,128,random,diameter,5–8,2711,0.9874585023976392,0.9546450826229855,14,20
C128 Synchronous,13,128,random,diameter,9–16,758,1.0,1.0,0,0
C128 Synchronous,13,128,random,edge_distance,0–0,9210,0.994028230184582,0.9931851271897105,25,30
C128 Synchronous,13,128,random,edge_distance,1–1,4087,0.9985319305113776,0.9979796435298252,4,2
C128 Synchronous,13,128,random,edge_distance,2–2,3393,0.9958738579428235,0.994586453205998,11,3
C128 Synchronous,13,128,random,edge_distance,3–4,3525,0.9960283687943262,0.9958513254667054,11,3
C128 Synchronous,13,128,random,edge_distance,5–8,564,0.9929078014184397,0.9941520467836258,4,0
C128 Synchronous,13,128,random,liberties_vs_grid_light_cone,inside,20779,0.9955243274459791,0.9944678999222545,55,38
C128 Synchronous,13,128,random,liberties_vs_grid_light_cone,outside,0,,,0,0
C128 Synchronous,13,128,structured,all,all,29933,0.6547623024755287,0.5744336486795785,509,9825
C128 Synchronous,13,128,structured,chain_distance_vs_depth,inside,29933,0.6547623024755287,0.5744336486795785,509,9825
C128 Synchronous,13,128,structured,chain_distance_vs_depth,outside,0,,,0,0
C128 Synchronous,13,128,structured,chain_size,0–1,617,0.9740680713128039,0.9324915824915824,13,3
C128 Synchronous,13,128,structured,chain_size,17–32,3151,0.6997778483021263,0.6038409372195077,133,813
C128 Synchronous,13,128,structured,chain_size,2–4,1661,0.9897652016857315,0.9686124804390466,2,15
C128 Synchronous,13,128,structured,chain_size,33–64,3522,0.6757524134014764,0.6093767593757065,80,1062
C128 Synchronous,13,128,structured,chain_size,5–8,2742,0.9664478482859227,0.8842681459614262,19,73
C128 Synchronous,13,128,structured,chain_size,65–128,8942,0.15153209572802506,0.3001932109493295,0,7587
C128 Synchronous,13,128,structured,chain_size,9–16,9298,0.9425682942568294,0.8208580478446986,262,272
C128 Synchronous,13,128,structured,cycle,acyclic,27753,0.6609015241595503,0.5746898614081628,347,9064
C128 Synchronous,13,128,structured,cycle,cyclic,2180,0.576605504587156,0.49701308604267963,162,761
C128 Synchronous,13,128,structured,diameter,0–4,2902,0.9848380427291523,0.9506661834473297,16,28
C128 Synchronous,13,128,structured,diameter,17–31,5827,0.3181740175047194,0.3958507846269588,64,3909
C128 Synchronous,13,128,structured,diameter,32–63,3114,0.7193320488118176,0.7073621143950998,48,826
C128 Synchronous,13,128,structured,diameter,5–8,3702,0.9451647757968665,0.8007025040116031,70,133
C128 Synchronous,13,128,structured,diameter,64–127,5037,0.16914830256104824,0.2872960395009412,0,4185
C128 Synchronous,13,128,structured,diameter,9–16,9351,0.8871778419420383,0.7134763677786823,311,744
C128 Synchronous,13,128,structured,edge_distance,0–0,6577,0.9972631899042117,0.9972631899042117,0,18
C128 Synchronous,13,128,structured,edge_distance,1–1,18402,0.48293663732203024,0.4425850781367041,272,9243
C128 Synchronous,13,128,structured,edge_distance,2–2,3851,0.8184887042326668,0.663852723551339,169,530
C128 Synchronous,13,128,structured,edge_distance,3–4,1085,0.9059907834101383,0.730570248524672,68,34
C128 Synchronous,13,128,structured,edge_distance,5–8,18,1.0,1.0,0,0
C128 Synchronous,13,128,structured,liberties_vs_grid_light_cone,inside,29933,0.6547623024755287,0.5744336486795785,509,9825
C128 Synchronous,13,128,structured,liberties_vs_grid_light_cone,outside,0,,,0,0
C128 Synchronous,13,256,random,all,all,20779,0.9877279946099428,0.9838270645535877,158,97
C128 Synchronous,13,256,random,chain_distance_vs_depth,inside,20779,0.9877279946099428,0.9838270645535877,158,97
C128 Synchronous,13,256,random,chain_distance_vs_depth,outside,0,,,0,0
C128 Synchronous,13,256,random,chain_size,0–1,6845,0.9831994156318481,0.9838236763561801,97,18
C128 Synchronous,13,256,random,chain_size,17–32,309,1.0,1.0,0,0
C128 Synchronous,13,256,random,chain_size,2–4,8150,0.9934969325153374,0.9875337648216632,25,28
C128 Synchronous,13,256,random,chain_size,33–64,34,1.0,1.0,0,0
C128 Synchronous,13,256,random,chain_size,5–8,3609,0.9847603214186755,0.9681724219220817,26,29
C128 Synchronous,13,256,random,chain_size,9–16,1832,0.982532751091703,0.8694605995657182,10,22
C128 Synchronous,13,256,random,cycle,acyclic,18040,0.987749445676275,0.9847495431667791,136,85
C128 Synchronous,13,256,random,cycle,cyclic,2739,0.9875867104782767,0.9587339017409968,22,12
C128 Synchronous,13,256,random,diameter,0–4,17276,0.9885968974299606,0.9855987315449174,142,55
C128 Synchronous,13,256,random,diameter,17–31,34,1.0,1.0,0,0
C128 Synchronous,13,256,random,diameter,5–8,2711,0.9786056805606788,0.9275872368091923,16,42
C128 Synchronous,13,256,random,diameter,9–16,758,1.0,1.0,0,0
C128 Synchronous,13,256,random,edge_distance,0–0,9210,0.9876221498371336,0.9838622332268427,52,62
C128 Synchronous,13,256,random,edge_distance,1–1,4087,0.991436261316369,0.9877234546290914,26,9
C128 Synchronous,13,256,random,edge_distance,2–2,3393,0.9861479516651931,0.9835820537052894,33,14
C128 Synchronous,13,256,random,edge_distance,3–4,3525,0.9875177304964539,0.9859392741108403,33,11
C128 Synchronous,13,256,random,edge_distance,5–8,564,0.973404255319149,0.9685085122560597,14,1
C128 Synchronous,13,256,random,liberties_vs_grid_light_cone,inside,20779,0.9877279946099428,0.9838270645535877,158,97
C128 Synchronous,13,256,random,liberties_vs_grid_light_cone,outside,0,,,0,0
C128 Synchronous,13,256,structured,all,all,29933,0.6271005245047272,0.549165299112707,1076,10086
C128 Synchronous,13,256,structured,chain_distance_vs_depth,inside,29933,0.6271005245047272,0.549165299112707,1076,10086
C128 Synchronous,13,256,structured,chain_distance_vs_depth,outside,0,,,0,0
C128 Synchronous,13,256,structured,chain_size,0–1,617,0.9124797406807131,0.7583052749719417,48,6
C128 Synchronous,13,256,structured,chain_size,17–32,3151,0.6642335766423357,0.5897189344721248,346,712
C128 Synchronous,13,256,structured,chain_size,2–4,1661,0.9662853702588802,0.8436290602180597,21,35
C128 Synchronous,13,256,structured,chain_size,33–64,3522,0.641396933560477,0.5642076008681045,126,1137
C128 Synchronous,13,256,structured,chain_size,5–8,2742,0.9172137126185266,0.8323455674298064,95,132
C128 Synchronous,13,256,structured,chain_size,65–128,8942,0.13833594274211586,0.2884252657684557,0,7705
C128 Synchronous,13,256,structured,chain_size,9–16,9298,0.9140675414067542,0.7476655352575722,440,359
C128 Synchronous,13,256,structured,cycle,acyclic,27753,0.6341296436421288,0.5499048819455039,697,9457
C128 Synchronous,13,256,structured,cycle,cyclic,2180,0.5376146788990825,0.417935890974824,379,629
C128 Synchronous,13,256,structured,diameter,0–4,2902,0.9438318401102688,0.8145589658546113,95,68
C128 Synchronous,13,256,structured,diameter,17–31,5827,0.30530290029174534,0.37530189126955754,111,3937
C128 Synchronous,13,256,structured,diameter,32–63,3114,0.6734104046242775,0.6286073919755668,81,936
C128 Synchronous,13,256,structured,diameter,5–8,3702,0.8943814154511075,0.6892467766015772,171,220
C128 Synchronous,13,256,structured,diameter,64–127,5037,0.15803057375421878,0.27746135983125075,0,4241
C128 Synchronous,13,256,structured,diameter,9–16,9351,0.8607635547000321,0.6960174175365945,618,684
C128 Synchronous,13,256,structured,edge_distance,0–0,6577,0.9762809791698343,0.9762809791698343,3,153
C128 Synchronous,13,256,structured,edge_distance,1–1,18402,0.4577763286599283,0.4164384426230756,585,9393
C128 Synchronous,13,256,structured,edge_distance,2–2,3851,0.7722669436509998,0.6062229060152993,382,495
C128 Synchronous,13,256,structured,edge_distance,3–4,1085,0.8617511520737328,0.6462041670755241,105,45
C128 Synchronous,13,256,structured,edge_distance,5–8,18,0.9444444444444444,0.6666666666666666,1,0
C128 Synchronous,13,256,structured,liberties_vs_grid_light_cone,inside,29933,0.6271005245047272,0.549165299112707,1076,10086
C128 Synchronous,13,256,structured,liberties_vs_grid_light_cone,outside,0,,,0,0
C128 Synchronous,19,32,random,all,all,21482,0.9987896843869286,0.9981424452295421,21,5
C128 Synchronous,19,32,random,chain_distance_vs_depth,inside,21482,0.9987896843869286,0.9981424452295421,21,5
C128 Synchronous,19,32,random,chain_distance_vs_depth,outside,0,,,0,0
C128 Synchronous,19,32,random,chain_size,0–1,7203,1.0,1.0,0,0
C128 Synchronous,19,32,random,chain_size,17–32,381,1.0,1.0,0,0
C128 Synchronous,19,32,random,chain_size,2–4,8097,0.9998764974681981,0.999838813668601,0,1
C128 Synchronous,19,32,random,chain_size,33–64,76,1.0,1.0,0,0
C128 Synchronous,19,32,random,chain_size,5–8,3661,0.993171264681781,0.9555119891419093,21,4
C128 Synchronous,19,32,random,chain_size,9–16,2064,1.0,1.0,0,0
C128 Synchronous,19,32,random,cycle,acyclic,18584,0.9995695221696083,0.9995484307970196,7,1
C128 Synchronous,19,32,random,cycle,cyclic,2898,0.9937888198757764,0.9391891891891893,14,4
C128 Synchronous,19,32,random,diameter,0–4,17680,0.9989253393665158,0.9984983052885303,14,5
C128 Synchronous,19,32,random,diameter,17–31,102,1.0,1.0,0,0
C128 Synchronous,19,32,random,diameter,5–8,2769,0.9974720115565185,0.9775641025641025,7,0
C128 Synchronous,19,32,random,diameter,9–16,931,1.0,1.0,0,0
C128 Synchronous,19,32,random,edge_distance,0–0,6883,0.9984018596542206,0.9981154432516093,7,4
C128 Synchronous,19,32,random,edge_distance,1–1,3450,1.0,1.0,0,0
C128 Synchronous,19,32,random,edge_distance,2–2,3109,0.9954969443550981,0.9898550724637681,14,0
C128 Synchronous,19,32,random,edge_distance,3–4,4429,0.9997742153985099,0.9997360084477297,0,1
C128 Synchronous,19,32,random,edge_distance,5–8,3590,1.0,1.0,0,0
C128 Synchronous,19,32,random,edge_distance,9+,21,1.0,1.0,0,0
C128 Synchronous,19,32,random,liberties_vs_grid_light_cone,inside,21482,0.9987896843869286,0.9981424452295421,21,5
C128 Synchronous,19,32,random,liberties_vs_grid_light_cone,outside,0,,,0,0
C128 Synchronous,19,32,structured,all,all,33903,0.5953750405568828,0.4811117988196332,1025,12693
C128 Synchronous,19,32,structured,chain_distance_vs_depth,inside,16519,0.863551062412979,0.7048726629259827,889,1365
C128 Synchronous,19,32,structured,chain_distance_vs_depth,outside,17384,0.34054302807179015,0.3123095647496634,136,11328
C128 Synchronous,19,32,structured,chain_size,0–1,441,1.0,1.0,0,0
C128 Synchronous,19,32,structured,chain_size,129+,13106,0.2638486189531512,0.2697362569166265,61,9587
C128 Synchronous,19,32,structured,chain_size,17–32,4359,0.9091534755677908,0.7501058490396201,0,396
C128 Synchronous,19,32,structured,chain_size,2–4,764,1.0,1.0,0,0
C128 Synchronous,19,32,structured,chain_size,33–64,2739,0.5337714494341,0.5011202977875702,18,1259
C128 Synchronous,19,32,structured,chain_size,5–8,935,0.9657754010695188,0.9800995024875622,0,32
C128 Synchronous,19,32,structured,chain_size,65–128,2671,0.5638337701235492,0.2826734954944786,70,1095
C128 Synchronous,19,32,structured,chain_size,9–16,8888,0.864986498649865,0.7828380025467971,876,324
C128 Synchronous,19,32,structured,cycle,acyclic,32175,0.6036363636363636,0.47824365283166825,1012,11741
C128 Synchronous,19,32,structured,cycle,cyclic,1728,0.44155092592592593,0.43964554849380844,13,952
C128 Synchronous,19,32,structured,diameter,0–4,1355,0.9985239852398524,0.9995378927911276,0,2
C128 Synchronous,19,32,structured,diameter,128+,6827,0.24212684927493774,0.25916642429262554,4,5170
C128 Synchronous,19,32,structured,diameter,17–31,1656,0.5477053140096618,0.4770469426210564,13,736
C128 Synchronous,19,32,structured,diameter,32–63,7886,0.35011412629977173,0.34754291900806733,62,5063
C128 Synchronous,19,32,structured,diameter,5–8,1107,0.955736224028907,0.9241585809581565,3,46
C128 Synchronous,19,32,structured,diameter,64–127,2671,0.5638337701235492,0.2826734954944786,70,1095
C128 Synchronous,19,32,structured,diameter,9–16,12401,0.8827513910168535,0.7347138309077538,873,581
C128 Synchronous,19,32,structured,edge_distance,0–0,5540,1.0,1.0,0,0
C128 Synchronous,19,32,structured,edge_distance,1–1,22676,0.46017816193332156,0.3185101598024314,919,11322
C128 Synchronous,19,32,structured,edge_distance,2–2,3243,0.7388220783225409,0.5851312786185258,88,759
C128 Synchronous,19,32,structured,edge_distance,3–4,2098,0.7140133460438512,0.5162098727227241,16,584
C128 Synchronous,19,32,structured,edge_distance,5–8,346,0.9132947976878613,0.861734980348119,2,28
C128 Synchronous,19,32,structured,liberties_vs_grid_light_cone,inside,33903,0.5953750405568828,0.4811117988196332,1025,12693
C128 Synchronous,19,32,structured,liberties_vs_grid_light_cone,outside,0,,,0,0
C128 Synchronous,19,64,random,all,all,21482,0.9974397169723489,0.9963206212603496,38,17
C128 Synchronous,19,64,random,chain_distance_vs_depth,inside,21482,0.9974397169723489,0.9963206212603496,38,17
C128 Synchronous,19,64,random,chain_distance_vs_depth,outside,0,,,0,0
C128 Synchronous,19,64,random,chain_size,0–1,7203,0.9994446758295155,0.9992811692185325,4,0
C128 Synchronous,19,64,random,chain_size,17–32,381,1.0,1.0,0,0
C128 Synchronous,19,64,random,chain_size,2–4,8097,0.9990119797455848,0.9984111873409168,3,5
C128 Synchronous,19,64,random,chain_size,33–64,76,1.0,1.0,0,0
C128 Synchronous,19,64,random,chain_size,5–8,3661,0.9890740234908495,0.9418425241709815,28,12
C128 Synchronous,19,64,random,chain_size,9–16,2064,0.998546511627907,0.9659003831417624,3,0
C128 Synchronous,19,64,random,cycle,acyclic,18584,0.9981166594920362,0.9977766223934748,22,13
C128 Synchronous,19,64,random,cycle,cyclic,2898,0.9930986887508627,0.9343822393822394,16,4
C128 Synchronous,19,64,random,diameter,0–4,17680,0.9977941176470588,0.9970355637166267,26,13
C128 Synchronous,19,64,random,diameter,17–31,102,1.0,1.0,0,0
C128 Synchronous,19,64,random,diameter,5–8,2769,0.9949440231130372,0.960899642104231,10,4
C128 Synchronous,19,64,random,diameter,9–16,931,0.9978517722878625,0.9,2,0
C128 Synchronous,19,64,random,edge_distance,0–0,6883,0.9965131483364812,0.9961032776422404,11,13
C128 Synchronous,19,64,random,edge_distance,1–1,3450,1.0,1.0,0,0
C128 Synchronous,19,64,random,edge_distance,2–2,3109,0.9916371823737536,0.9813474112469895,25,1
C128 Synchronous,19,64,random,edge_distance,3–4,4429,0.9995484307970196,0.9994720168954594,1,1
C128 Synchronous,19,64,random,edge_distance,5–8,3590,0.9991643454038998,0.9994551399541318,1,2
C128 Synchronous,19,64,random,edge_distance,9+,21,1.0,1.0,0,0
C128 Synchronous,19,64,random,liberties_vs_grid_light_cone,inside,21482,0.9974397169723489,0.9963206212603496,38,17
C128 Synchronous,19,64,random,liberties_vs_grid_light_cone,outside,0,,,0,0
C128 Synchronous,19,64,structured,all,all,33903,0.6016576704126478,0.4846399206444881,500,13005
C128 Synchronous,19,64,structured,chain_distance_vs_depth,inside,24405,0.7086252817045687,0.5579095973951937,458,6653
C128 Synchronous,19,64,structured,chain_distance_vs_depth,outside,9498,0.3268056432933249,0.26362929609445623,42,6352
C128 Synchronous,19,64,structured,chain_size,0–1,441,0.9931972789115646,0.9976190476190476,0,3
C128 Synchronous,19,64,structured,chain_size,129+,13106,0.2591179612391271,0.2649218642418419,48,9662
C128 Synchronous,19,64,structured,chain_size,17–32,4359,0.9050240880935995,0.7326095504629774,0,414
C128 Synchronous,19,64,structured,chain_size,2–4,764,0.9882198952879581,0.9961993243243243,0,9
C128 Synchronous,19,64,structured,chain_size,33–64,2739,0.5111354508944871,0.48224010501008535,21,1318
C128 Synchronous,19,64,structured,chain_size,5–8,935,0.9497326203208556,0.970771144278607,0,47
C128 Synchronous,19,64,structured,chain_size,65–128,2671,0.5518532384874579,0.27498871268130254,42,1155
C128 Synchronous,19,64,structured,chain_size,9–16,8888,0.9115661566156615,0.7817586971907665,389,397
C128 Synchronous,19,64,structured,cycle,acyclic,32175,0.6108469308469309,0.482955009980055,484,12037
C128 Synchronous,19,64,structured,cycle,cyclic,1728,0.4305555555555556,0.42915109779822747,16,968
C128 Synchronous,19,64,structured,diameter,0–4,1355,0.988929889298893,0.9965341959334566,0,15
C128 Synchronous,19,64,structured,diameter,128+,6827,0.23875787315072505,0.2555834090405745,0,5197
C128 Synchronous,19,64,structured,diameter,17–31,1656,0.5398550724637681,0.46750463917257395,16,746
C128 Synchronous,19,64,structured,diameter,32–63,7886,0.33832107532335787,0.33705846380289506,53,5165
C128 Synchronous,19,64,structured,diameter,5–8,1107,0.9304426377597109,0.8942844147968466,2,75
C128 Synchronous,19,64,structured,diameter,64–127,2671,0.5518532384874579,0.27498871268130254,42,1155
C128 Synchronous,19,64,structured,diameter,9–16,12401,0.9162164341585356,0.7358632312031184,387,652
C128 Synchronous,19,64,structured,edge_distance,0–0,5540,1.0,1.0,0,0
C128 Synchronous,19,64,structured,edge_distance,1–1,22676,0.47146763097548067,0.31898996114401046,405,11580
C128 Synchronous,19,64,structured,edge_distance,2–2,3243,0.7301880974406414,0.5674391264279988,75,800
C128 Synchronous,19,64,structured,edge_distance,3–4,2098,0.7125834127740706,0.5150290595922254,18,585
C128 Synchronous,19,64,structured,edge_distance,5–8,346,0.8786127167630058,0.8040426726558113,2,40
C128 Synchronous,19,64,structured,liberties_vs_grid_light_cone,inside,33903,0.6016576704126478,0.4846399206444881,500,13005
C128 Synchronous,19,64,structured,liberties_vs_grid_light_cone,outside,0,,,0,0
C128 Synchronous,19,128,random,all,all,21482,0.9919467461130249,0.98578559431515,128,45
C128 Synchronous,19,128,random,chain_distance_vs_depth,inside,21482,0.9919467461130249,0.98578559431515,128,45
C128 Synchronous,19,128,random,chain_distance_vs_depth,outside,0,,,0,0
C128 Synchronous,19,128,random,chain_size,0–1,7203,0.9920866305705955,0.9909717956242144,54,3
C128 Synchronous,19,128,random,chain_size,17–32,381,0.9973753280839895,0.9973753280839895,0,1
C128 Synchronous,19,128,random,chain_size,2–4,8097,0.9970359392367544,0.9898264833023088,14,10
C128 Synchronous,19,128,random,chain_size,33–64,76,1.0,1.0,0,0
C128 Synchronous,19,128,random,chain_size,5–8,3661,0.9806063916962579,0.9012627856652136,53,18
C128 Synchronous,19,128,random,chain_size,9–16,2064,0.9903100775193798,0.8841612443985821,7,13
C128 Synchronous,19,128,random,cycle,acyclic,18584,0.993435213086526,0.9888634268318084,93,29
C128 Synchronous,19,128,random,cycle,cyclic,2898,0.9824016563146998,0.8755504544688605,35,16
C128 Synchronous,19,128,random,diameter,0–4,17680,0.9927601809954751,0.9875739402285498,102,26
C128 Synchronous,19,128,random,diameter,17–31,102,1.0,1.0,0,0
C128 Synchronous,19,128,random,diameter,5–8,2769,0.9891657638136512,0.9153890277982056,21,9
C128 Synchronous,19,128,random,diameter,9–16,931,0.9838882921589689,0.6951140065146579,5,10
C128 Synchronous,19,128,random,edge_distance,0–0,6883,0.988231875635624,0.9818581923920943,49,32
C128 Synchronous,19,128,random,edge_distance,1–1,3450,0.9976811594202899,0.9955849902638213,5,3
C128 Synchronous,19,128,random,edge_distance,2–2,3109,0.9877774203924091,0.972969861414581,35,3
C128 Synchronous,19,128,random,edge_distance,3–4,4429,0.9950327387672161,0.9944985504936218,17,5
C128 Synchronous,19,128,random,edge_distance,5–8,3590,0.9933147632311977,0.989343398559537,22,2
C128 Synchronous,19,128,random,edge_distance,9+,21,1.0,1.0,0,0
C128 Synchronous,19,128,random,liberties_vs_grid_light_cone,inside,21482,0.9919467461130249,0.98578559431515,128,45
C128 Synchronous,19,128,random,liberties_vs_grid_light_cone,outside,0,,,0,0
C128 Synchronous,19,128,structured,all,all,33903,0.6003893460755685,0.4837560135577479,492,13056
C128 Synchronous,19,128,structured,chain_distance_vs_depth,inside,27076,0.6924213325454277,0.5379818040569231,491,7837
C128 Synchronous,19,128,structured,chain_distance_vs_depth,outside,6827,0.2353888970265124,0.25204997144082236,1,5219
C128 Synchronous,19,128,structured,chain_size,0–1,441,0.9909297052154195,0.9780112044817928,1,3
C128 Synchronous,19,128,structured,chain_size,129+,13106,0.25530291469555927,0.26106492892443633,34,9726
C128 Synchronous,19,128,structured,chain_size,17–32,4359,0.9059417297545309,0.7271024254450709,39,371
C128 Synchronous,19,128,structured,chain_size,2–4,764,0.9856020942408377,0.9953547297297297,0,11
C128 Synchronous,19,128,structured,chain_size,33–64,2739,0.49872216137276376,0.46267888036832483,123,1250
C128 Synchronous,19,128,structured,chain_size,5–8,935,0.9347593582887701,0.8388227780018825,3,58
C128 Synchronous,19,128,structured,chain_size,65–128,2671,0.5409958816922501,0.26833828721209496,27,1199
C128 Synchronous,19,128,structured,chain_size,9–16,8888,0.9209045904590459,0.7699668998328089,265,438
C128 Synchronous,19,128,structured,cycle,acyclic,32175,0.6096658896658896,0.481034093772899,336,12223
C128 Synchronous,19,128,structured,cycle,cyclic,1728,0.42766203703703703,0.40502071881851587,156,833
C128 Synchronous,19,128,structured,diameter,0–4,1355,0.9867158671586715,0.9829141939877419,1,17
C128 Synchronous,19,128,structured,diameter,128+,6827,0.2353888970265124,0.25204997144082236,1,5219
C128 Synchronous,19,128,structured,diameter,17–31,1656,0.5247584541062802,0.44293426859224605,118,669
C128 Synchronous,19,128,structured,diameter,32–63,7886,0.3327415673345169,0.3316052118748356,38,5224
C128 Synchronous,19,128,structured,diameter,5–8,1107,0.9087624209575429,0.817098702825634,5,96
C128 Synchronous,19,128,structured,diameter,64–127,2671,0.5409958816922501,0.26833828721209496,27,1199
C128 Synchronous,19,128,structured,diameter,9–16,12401,0.9246834932666721,0.7330421639070119,302,632
C128 Synchronous,19,128,structured,edge_distance,0–0,5540,1.0,1.0,0,0
C128 Synchronous,19,128,structured,edge_distance,1–1,22676,0.47151173046392664,0.31557004086642143,262,11722
C128 Synchronous,19,128,structured,edge_distance,2–2,3243,0.7200123342584027,0.5427066905782097,92,816
C128 Synchronous,19,128,structured,edge_distance,3–4,2098,0.7116301239275501,0.4991532384567117,126,479
C128 Synchronous,19,128,structured,edge_distance,5–8,346,0.8526011560693642,0.7637563166760247,12,39
C128 Synchronous,19,128,structured,liberties_vs_grid_light_cone,inside,33903,0.6003893460755685,0.4837560135577479,492,13056
C128 Synchronous,19,128,structured,liberties_vs_grid_light_cone,outside,0,,,0,0
C128 Synchronous,19,256,random,all,all,21482,0.9779815659622009,0.9631574989278421,335,138
C128 Synchronous,19,256,random,chain_distance_vs_depth,inside,21482,0.9779815659622009,0.9631574989278421,335,138
C128 Synchronous,19,256,random,chain_distance_vs_depth,outside,0,,,0,0
C128 Synchronous,19,256,random,chain_size,0–1,7203,0.9723726225183951,0.9702891378229721,162,37
C128 Synchronous,19,256,random,chain_size,17–32,381,0.984251968503937,0.984251968503937,0,6
C128 Synchronous,19,256,random,chain_size,2–4,8097,0.9870322341608003,0.9635067002130158,74,31
C128 Synchronous,19,256,random,chain_size,33–64,76,1.0,1.0,0,0
C128 Synchronous,19,256,random,chain_size,5–8,3661,0.9702267140125649,0.845658986889382,85,24
C128 Synchronous,19,256,random,chain_size,9–16,2064,0.9738372093023255,0.8120732651130794,14,40
C128 Synchronous,19,256,random,cycle,acyclic,18584,0.978852776582006,0.9667092654706079,290,103
C128 Synchronous,19,256,random,cycle,cyclic,2898,0.9723947550034506,0.8370461821884972,45,35
C128 Synchronous,19,256,random,diameter,0–4,17680,0.9786764705882353,0.9661657508476882,291,86
C128 Synchronous,19,256,random,diameter,17–31,102,1.0,1.0,0,0
C128 Synchronous,19,256,random,diameter,5–8,2769,0.9779703864210907,0.8483487767808993,36,25
C128 Synchronous,19,256,random,diameter,9–16,931,0.9624060150375939,0.5853420195439739,8,27
C128 Synchronous,19,256,random,edge_distance,0–0,6883,0.973703327037629,0.9612670810096986,92,89
C128 Synchronous,19,256,random,edge_distance,1–1,3450,0.9860869565217392,0.9670677115171263,39,9
C128 Synchronous,19,256,random,edge_distance,2–2,3109,0.9745899002894821,0.949571811203626,71,8
C128 Synchronous,19,256,random,edge_distance,3–4,4429,0.9808083088733348,0.9752853184901977,63,22
C128 Synchronous,19,256,random,edge_distance,5–8,3590,0.9777158774373259,0.9643057360387445,70,10
C128 Synchronous,19,256,random,edge_distance,9+,21,1.0,1.0,0,0
C128 Synchronous,19,256,random,liberties_vs_grid_light_cone,inside,21482,0.9779815659622009,0.9631574989278421,335,138
C128 Synchronous,19,256,random,liberties_vs_grid_light_cone,outside,0,,,0,0
C128 Synchronous,19,256,structured,all,all,33903,0.5887679556381441,0.4756414504472086,982,12960
C128 Synchronous,19,256,structured,chain_distance_vs_depth,inside,33903,0.5887679556381441,0.4756414504472086,982,12960
C128 Synchronous,19,256,structured,chain_distance_vs_depth,outside,0,,,0,0
C128 Synchronous,19,256,structured,chain_size,0–1,441,0.9614512471655329,0.723109243697479,14,3
C128 Synchronous,19,256,structured,chain_size,129+,13106,0.252250877460705,0.25796803213596864,23,9777
C128 Synchronous,19,256,structured,chain_size,17–32,4359,0.8839183298921771,0.6284635782404732,245,261
C128 Synchronous,19,256,structured,chain_size,2–4,764,0.9594240837696335,0.7292163487016428,5,26
C128 Synchronous,19,256,structured,chain_size,33–64,2739,0.47353048557867833,0.42919891718976066,393,1049
C128 Synchronous,19,256,structured,chain_size,5–8,935,0.8855614973262033,0.6793177553444689,15,92
C128 Synchronous,19,256,structured,chain_size,65–128,2671,0.5323848745788095,0.31506312506754874,36,1213
C128 Synchronous,19,256,structured,chain_size,9–16,8888,0.9111161116111611,0.7122102354184814,251,539
C128 Synchronous,19,256,structured,cycle,acyclic,32175,0.5990986790986791,0.4713258601153954,416,12483
C128 Synchronous,19,256,structured,cycle,cyclic,1728,0.39641203703703703,0.3153411094041112,566,477
C128 Synchronous,19,256,structured,diameter,0–4,1355,0.959409594095941,0.7744087585876662,21,34
C128 Synchronous,19,256,structured,diameter,128+,6827,0.2339241247985938,0.2504728877679697,0,5230
C128 Synchronous,19,256,structured,diameter,17–31,1656,0.4673913043478261,0.37136495219472143,393,489
C128 Synchronous,19,256,structured,diameter,32–63,7886,0.3277960943444078,0.32783932495444595,58,5243
C128 Synchronous,19,256,structured,diameter,5–8,1107,0.8536585365853658,0.6654967218270491,24,138
C128 Synchronous,19,256,structured,diameter,64–127,2671,0.5323848745788095,0.31506312506754874,36,1213
C128 Synchronous,19,256,structured,diameter,9–16,12401,0.9142811063623901,0.7102927435125068,450,613
C128 Synchronous,19,256,structured,edge_distance,0–0,5540,0.9741877256317689,0.9741877256317689,4,139
C128 Synchronous,19,256,structured,edge_distance,1–1,22676,0.4643676133356853,0.3089063189057605,405,11741
C128 Synchronous,19,256,structured,edge_distance,2–2,3243,0.7123034227567068,0.5005045090693934,218,715
C128 Synchronous,19,256,structured,edge_distance,3–4,2098,0.6830314585319351,0.45888893634508987,300,365
C128 Synchronous,19,256,structured,edge_distance,5–8,346,0.8410404624277457,0.7445255474452555,55,0
C128 Synchronous,19,256,structured,liberties_vs_grid_light_cone,inside,33903,0.5887679556381441,0.4756414504472086,982,12960
C128 Synchronous,19,256,structured,liberties_vs_grid_light_cone,outside,0,,,0,0
C128 Synchronous,25,32,random,all,all,20533,0.9997077874640822,0.9992822370847688,6,0
C128 Synchronous,25,32,random,chain_distance_vs_depth,inside,20533,0.9997077874640822,0.9992822370847688,6,0
C128 Synchronous,25,32,random,chain_distance_vs_depth,outside,0,,,0,0
C128 Synchronous,25,32,random,chain_size,0–1,5954,1.0,1.0,0,0
C128 Synchronous,25,32,random,chain_size,17–32,598,1.0,1.0,0,0
C128 Synchronous,25,32,random,chain_size,2–4,7688,0.9997398543184183,0.9986702127659575,2,0
C128 Synchronous,25,32,random,chain_size,5–8,4057,0.9990140497904856,0.9953051643192488,4,0
C128 Synchronous,25,32,random,chain_size,9–16,2236,1.0,1.0,0,0
C128 Synchronous,25,32,random,cycle,acyclic,17259,0.9998841184309636,0.999618320610687,2,0
C128 Synchronous,25,32,random,cycle,cyclic,3274,0.9987782529016493,0.9911504424778761,4,0
C128 Synchronous,25,32,random,diameter,0–4,16288,0.99963163064833,0.9992691597137464,6,0
C128 Synchronous,25,32,random,diameter,17–31,83,1.0,1.0,0,0
C128 Synchronous,25,32,random,diameter,5–8,3072,1.0,1.0,0,0
C128 Synchronous,25,32,random,diameter,9–16,1090,1.0,1.0,0,0
C128 Synchronous,25,32,random,edge_distance,0–0,5479,1.0,1.0,0,0
C128 Synchronous,25,32,random,edge_distance,1–1,2507,1.0,1.0,0,0
C128 Synchronous,25,32,random,edge_distance,2–2,2385,1.0,1.0,0,0
C128 Synchronous,25,32,random,edge_distance,3–4,4038,1.0,1.0,0,0
C128 Synchronous,25,32,random,edge_distance,5–8,5012,0.9988028731045491,0.9966161696517866,6,0
C128 Synchronous,25,32,random,edge_distance,9+,1112,1.0,1.0,0,0
C128 Synchronous,25,32,random,liberties_vs_grid_light_cone,inside,20533,0.9997077874640822,0.9992822370847688,6,0
C128 Synchronous,25,32,random,liberties_vs_grid_light_cone,outside,0,,,0,0
C128 Synchronous,25,32,structured,all,all,29485,0.6025097507207055,0.43258198779346707,935,10785
C128 Synchronous,25,32,structured,chain_distance_vs_depth,inside,12533,0.8795180722891566,0.7196284646607005,806,704
C128 Synchronous,25,32,structured,chain_distance_vs_depth,outside,16952,0.39771118452100046,0.29315949522169243,129,10081
C128 Synchronous,25,32,structured,chain_size,0–1,236,1.0,1.0,0,0
C128 Synchronous,25,32,structured,chain_size,129+,14617,0.3803790107409181,0.2561776329044234,94,8963
C128 Synchronous,25,32,structured,chain_size,17–32,9562,0.890504078644635,0.707116180610346,767,280
C128 Synchronous,25,32,structured,chain_size,2–4,597,0.998324958123953,0.9995404411764706,0,1
C128 Synchronous,25,32,structured,chain_size,33–64,1068,0.6170411985018727,0.5684147869674185,2,407
C128 Synchronous,25,32,structured,chain_size,5–8,295,0.9016949152542373,0.9388185654008439,0,29
C128 Synchronous,25,32,structured,chain_size,65–128,1811,0.4555494202098288,0.4303203989985277,33,953
C128 Synchronous,25,32,structured,chain_size,9–16,1299,0.852963818321786,0.8551215542671141,39,152
C128 Synchronous,25,32,structured,cycle,acyclic,28345,0.6082201446463221,0.42841072083810483,907,10198
C128 Synchronous,25,32,structured,cycle,cyclic,1140,0.4605263157894737,0.42783344106873517,28,587
C128 Synchronous,25,32,structured,diameter,0–4,884,0.998868778280543,0.999685534591195,0,1
C128 Synchronous,25,32,structured,diameter,128+,10312,0.45160977501939487,0.25607071229312134,69,5586
C128 Synchronous,25,32,structured,diameter,17–31,9919,0.8747857646940216,0.6937932579656246,746,496
C128 Synchronous,25,32,structured,diameter,32–63,1120,0.5178571428571429,0.4334333784582811,30,510
C128 Synchronous,25,32,structured,diameter,5–8,307,0.8827361563517915,0.9375,0,36
C128 Synchronous,25,32,structured,diameter,64–127,5520,0.2726449275362319,0.30465183256947326,30,3985
C128 Synchronous,25,32,structured,diameter,9–16,1423,0.8376669009135629,0.8401950086732696,60,171
C128 Synchronous,25,32,structured,edge_distance,0–0,3836,1.0,1.0,0,0
C128 Synchronous,25,32,structured,edge_distance,1–1,21333,0.48999203112548634,0.2873721612726177,822,10058
C128 Synchronous,25,32,structured,edge_distance,2–2,2151,0.8396094839609484,0.5548063863981879,102,243
C128 Synchronous,25,32,structured,edge_distance,3–4,1326,0.7141779788838613,0.5615594430750238,4,375
C128 Synchronous,25,32,structured,edge_distance,5–8,838,0.8615751789976134,0.7910990204869973,7,109
C128 Synchronous,25,32,structured,edge_distance,9+,1,1.0,1.0,0,0
C128 Synchronous,25,32,structured,liberties_vs_grid_light_cone,inside,29485,0.6025097507207055,0.43258198779346707,935,10785
C128 Synchronous,25,32,structured,liberties_vs_grid_light_cone,outside,0,,,0,0
C128 Synchronous,25,64,random,all,all,20533,0.9983928310524521,0.9964303207125182,24,9
C128 Synchronous,25,64,random,chain_distance_vs_depth,inside,20533,0.9983928310524521,0.9964303207125182,24,9
C128 Synchronous,25,64,random,chain_distance_vs_depth,outside,0,,,0,0
C128 Synchronous,25,64,random,chain_size,0–1,5954,0.9991602284178703,0.9989440873851517,5,0
C128 Synchronous,25,64,random,chain_size,17–32,598,0.9933110367892977,0.9933110367892977,0,4
C128 Synchronous,25,64,random,chain_size,2–4,7688,0.9981789802289281,0.9929253407728906,12,2
C128 Synchronous,25,64,random,chain_size,5–8,4057,0.9982745871333497,0.9921590244341448,7,0
C128 Synchronous,25,64,random,chain_size,9–16,2236,0.9986583184257602,0.9785714285714285,0,3
C128 Synchronous,25,64,random,cycle,acyclic,17259,0.9988411843096355,0.9971395992112144,18,2
C128 Synchronous,25,64,random,cycle,cyclic,3274,0.9960293219303604,0.9817303513999267,6,7
C128 Synchronous,25,64,random,diameter,0–4,16288,0.9985879174852652,0.9968840415933272,21,2
C128 Synchronous,25,64,random,diameter,17–31,83,0.9759036144578314,0.9759036144578314,0,2
C128 Synchronous,25,64,random,diameter,5–8,3072,0.9990234375,0.990121806298277,3,0
C128 Synchronous,25,64,random,diameter,9–16,1090,0.9954128440366973,0.891927774827403,0,5
C128 Synchronous,25,64,random,edge_distance,0–0,5479,0.9968972440226319,0.9940258605598595,10,7
C128 Synchronous,25,64,random,edge_distance,1–1,2507,0.9988033506182689,0.998847022817927,1,2
C128 Synchronous,25,64,random,edge_distance,2–2,2385,0.99958071278826,0.9994588744588745,1,0
C128 Synchronous,25,64,random,edge_distance,3–4,4038,0.9995047052996533,0.9991992459411121,2,0
C128 Synchronous,25,64,random,edge_distance,5–8,5012,0.9982043096568236,0.9955933721247386,9,0
C128 Synchronous,25,64,random,edge_distance,9+,1112,0.9991007194244604,0.9990118577075099,1,0
C128 Synchronous,25,64,random,liberties_vs_grid_light_cone,inside,20533,0.9983928310524521,0.9964303207125182,24,9
C128 Synchronous,25,64,random,liberties_vs_grid_light_cone,outside,0,,,0,0
C128 Synchronous,25,64,structured,all,all,29485,0.6098015940308632,0.43489252951453616,514,10991
C128 Synchronous,25,64,structured,chain_distance_vs_depth,inside,13653,0.8703581630410898,0.6701355193930565,469,1301
C128 Synchronous,25,64,structured,chain_distance_vs_depth,outside,15832,0.38510611419909047,0.2695973838758706,45,9690
C128 Synchronous,25,64,structured,chain_size,0–1,236,0.9915254237288136,0.9971139971139972,0,2
C128 Synchronous,25,64,structured,chain_size,129+,14617,0.3786686734624068,0.25377720280940824,40,9042
C128 Synchronous,25,64,structured,chain_size,17–32,9562,0.9297218155197657,0.7207563035664627,374,298
C128 Synchronous,25,64,structured,chain_size,2–4,597,0.983249581239531,0.9954044117647058,0,10
C128 Synchronous,25,64,structured,chain_size,33–64,1068,0.6086142322097379,0.5414862523956951,2,416
C128 Synchronous,25,64,structured,chain_size,5–8,295,0.847457627118644,0.9050632911392406,0,45
C128 Synchronous,25,64,structured,chain_size,65–128,1811,0.4152401987852015,0.40171445944684747,61,998
C128 Synchronous,25,64,structured,chain_size,9–16,1299,0.8329484218629715,0.8418780328732042,37,180
C128 Synchronous,25,64,structured,cycle,acyclic,28345,0.6168989239724819,0.432114560312076,458,10401
C128 Synchronous,25,64,structured,cycle,cyclic,1140,0.43333333333333335,0.3895664996767938,56,590
C128 Synchronous,25,64,structured,diameter,0–4,884,0.9830316742081447,0.9952830188679245,0,15
C128 Synchronous,25,64,structured,diameter,128+,10312,0.4510279286268425,0.25414380983976365,36,5625
C128 Synchronous,25,64,structured,diameter,17–31,9919,0.9124911785462244,0.6886437859146478,357,511
C128 Synchronous,25,64,structured,diameter,32–63,1120,0.4785714285714286,0.39251676855266665,58,526
C128 Synchronous,25,64,structured,diameter,5–8,307,0.8371335504885994,0.9131944444444445,0,50
C128 Synchronous,25,64,structured,diameter,64–127,5520,0.2619565217391304,0.29984986568784444,9,4065
C128 Synchronous,25,64,structured,diameter,9–16,1423,0.8222066057624736,0.8292289183593531,54,199
C128 Synchronous,25,64,structured,edge_distance,0–0,3836,1.0,1.0,0,0
C128 Synchronous,25,64,structured,edge_distance,1–1,21333,0.49992968640135005,0.28807794247834323,418,10250
C128 Synchronous,25,64,structured,edge_distance,2–2,2151,0.8428637842863784,0.5493947481597502,87,251
C128 Synchronous,25,64,structured,edge_distance,3–4,1326,0.7111613876319759,0.5388743313587929,2,381
C128 Synchronous,25,64,structured,edge_distance,5–8,838,0.8615751789976134,0.7910990204869973,7,109
C128 Synchronous,25,64,structured,edge_distance,9+,1,1.0,1.0,0,0
C128 Synchronous,25,64,structured,liberties_vs_grid_light_cone,inside,29485,0.6098015940308632,0.43489252951453616,514,10991
C128 Synchronous,25,64,structured,liberties_vs_grid_light_cone,outside,0,,,0,0
C128 Synchronous,25,128,random,all,all,20533,0.989821263332197,0.9809102335602661,172,37
C128 Synchronous,25,128,random,chain_distance_vs_depth,inside,20533,0.989821263332197,0.9809102335602661,172,37
C128 Synchronous,25,128,random,chain_distance_vs_depth,outside,0,,,0,0
C128 Synchronous,25,128,random,chain_size,0–1,5954,0.9919381928115553,0.9912064302680385,48,0
C128 Synchronous,25,128,random,chain_size,17–32,598,0.9933110367892977,0.9933110367892977,0,4
C128 Synchronous,25,128,random,chain_size,2–4,7688,0.991675338189386,0.9780202271805679,52,12
C128 Synchronous,25,128,random,chain_size,5–8,4057,0.982499383781119,0.8758349506587012,60,11
C128 Synchronous,25,128,random,chain_size,9–16,2236,0.9901610017889088,0.8920458308497251,12,10
C128 Synchronous,25,128,random,cycle,acyclic,17259,0.9903818297699751,0.9829842008602832,139,27
C128 Synchronous,25,128,random,cycle,cyclic,3274,0.9868662186927306,0.9341260608216512,33,10
C128 Synchronous,25,128,random,diameter,0–4,16288,0.9907907662082515,0.9842823989208038,133,17
C128 Synchronous,25,128,random,diameter,17–31,83,0.9759036144578314,0.9759036144578314,0,2
C128 Synchronous,25,128,random,diameter,5–8,3072,0.9830729166666666,0.8237161207973493,39,13
C128 Synchronous,25,128,random,diameter,9–16,1090,0.9954128440366973,0.891927774827403,0,5
C128 Synchronous,25,128,random,edge_distance,0–0,5479,0.9897791567804344,0.9826641053975107,35,21
C128 Synchronous,25,128,random,edge_distance,1–1,2507,0.9960111687275628,0.9925401293373786,6,4
C128 Synchronous,25,128,random,edge_distance,2–2,2385,0.9937106918238994,0.9938480258833662,7,8
C128 Synchronous,25,128,random,edge_distance,3–4,4038,0.9883605745418524,0.977879052666959,44,3
C128 Synchronous,25,128,random,edge_distance,5–8,5012,0.9870311252992817,0.9710051574141575,64,1
C128 Synchronous,25,128,random,edge_distance,9+,1112,0.9856115107913669,0.9806268194574042,16,0
C128 Synchronous,25,128,random,liberties_vs_grid_light_cone,inside,20533,0.989821263332197,0.9809102335602661,172,37
C128 Synchronous,25,128,random,liberties_vs_grid_light_cone,outside,0,,,0,0
C128 Synchronous,25,128,structured,all,all,29485,0.6109547227403764,0.43425774629581065,406,11065
C128 Synchronous,25,128,structured,chain_distance_vs_depth,inside,19173,0.6973869503989986,0.5374126989219955,383,5419
C128 Synchronous,25,128,structured,chain_distance_vs_depth,outside,10312,0.4502521334367727,0.252848339194776,23,5646
C128 Synchronous,25,128,structured,chain_size,0–1,236,0.9872881355932204,0.9137806637806638,1,2
C128 Synchronous,25,128,structured,chain_size,129+,14617,0.376889922692755,0.2519376227553878,25,9083
C128 Synchronous,25,128,structured,chain_size,17–32,9562,0.945199749006484,0.6799896320031948,208,316
C128 Synchronous,25,128,structured,chain_size,2–4,597,0.9698492462311558,0.7186232251521298,3,15
C128 Synchronous,25,128,structured,chain_size,33–64,1068,0.5823970037453183,0.5285171841223943,65,381
C128 Synchronous,25,128,structured,chain_size,5–8,295,0.8305084745762712,0.8923509683003354,0,50
C128 Synchronous,25,128,structured,chain_size,65–128,1811,0.4008834897846494,0.39849929741708523,69,1016
C128 Synchronous,25,128,structured,chain_size,9–16,1299,0.8175519630484989,0.8315756879498825,35,202
C128 Synchronous,25,128,structured,cycle,acyclic,28345,0.6180631504674545,0.4299065663190593,277,10549
C128 Synchronous,25,128,structured,cycle,cyclic,1140,0.4342105263157895,0.3837918821374704,129,516
C128 Synchronous,25,128,structured,diameter,0–4,884,0.9717194570135747,0.8364824797843665,4,21
C128 Synchronous,25,128,structured,diameter,128+,10312,0.4502521334367727,0.252848339194776,23,5646
C128 Synchronous,25,128,structured,diameter,17–31,9919,0.9251940719830628,0.6904794969432453,258,484
C128 Synchronous,25,128,structured,diameter,32–63,1120,0.4901785714285714,0.3940192485972266,66,505
C128 Synchronous,25,128,structured,diameter,5–8,307,0.8208469055374593,0.9011994949494949,0,55
C128 Synchronous,25,128,structured,diameter,64–127,5520,0.25018115942028984,0.29006289116880735,6,4133
C128 Synchronous,25,128,structured,diameter,9–16,1423,0.8102600140548137,0.820675022848936,49,221
C128 Synchronous,25,128,structured,edge_distance,0–0,3836,0.9984358706986444,0.9984358706986444,0,6
C128 Synchronous,25,128,structured,edge_distance,1–1,21333,0.5046641353771153,0.2890173519123184,256,10311
C128 Synchronous,25,128,structured,edge_distance,2–2,2151,0.8354253835425384,0.5309471287989449,84,270
C128 Synchronous,25,128,structured,edge_distance,3–4,1326,0.6870286576168929,0.5326523256996598,36,379
C128 Synchronous,25,128,structured,edge_distance,5–8,838,0.8460620525059666,0.5225054207702049,30,99
C128 Synchronous,25,128,structured,edge_distance,9+,1,1.0,1.0,0,0
C128 Synchronous,25,128,structured,liberties_vs_grid_light_cone,inside,29485,0.6109547227403764,0.43425774629581065,406,11065
C128 Synchronous,25,128,structured,liberties_vs_grid_light_cone,outside,0,,,0,0
C128 Synchronous,25,256,random,all,all,20533,0.9740417863926363,0.9533916718020942,468,65
C128 Synchronous,25,256,random,chain_distance_vs_depth,inside,20533,0.9740417863926363,0.9533916718020942,468,65
C128 Synchronous,25,256,random,chain_distance_vs_depth,outside,0,,,0,0
C128 Synchronous,25,256,random,chain_size,0–1,5954,0.9675848169297951,0.9674944841182589,170,23
C128 Synchronous,25,256,random,chain_size,17–32,598,1.0,1.0,0,0
C128 Synchronous,25,256,random,chain_size,2–4,7688,0.9789281997918835,0.9545355983015613,139,23
C128 Synchronous,25,256,random,chain_size,5–8,4057,0.9652452551146167,0.8069137792087148,132,9
C128 Synchronous,25,256,random,chain_size,9–16,2236,0.9834525939177102,0.7784094672133616,27,10
C128 Synchronous,25,256,random,cycle,acyclic,17259,0.9730575351990266,0.9567723739808167,407,58
C128 Synchronous,25,256,random,cycle,cyclic,3274,0.9792302993280391,0.8733029187049964,61,7
C128 Synchronous,25,256,random,diameter,0–4,16288,0.9732932220039293,0.959249003827839,385,50
C128 Synchronous,25,256,random,diameter,17–31,83,1.0,1.0,0,0
C128 Synchronous,25,256,random,diameter,5–8,3072,0.9690755208333334,0.68980346482587,83,12
C128 Synchronous,25,256,random,diameter,9–16,1090,0.9972477064220183,0.8928571428571428,0,3
C128 Synchronous,25,256,random,edge_distance,0–0,5479,0.9777331629859464,0.9658052195131938,78,44
C128 Synchronous,25,256,random,edge_distance,1–1,2507,0.9880335061826885,0.9718339126618014,30,0
C128 Synchronous,25,256,random,edge_distance,2–2,2385,0.9811320754716981,0.9677174455031272,35,10
C128 Synchronous,25,256,random,edge_distance,3–4,4038,0.9687964338781575,0.939103510875904,120,6
C128 Synchronous,25,256,random,edge_distance,5–8,5012,0.9666799680766162,0.9314162245835946,164,3
C128 Synchronous,25,256,random,edge_distance,9+,1112,0.9613309352517986,0.9430911200486668,41,2
C128 Synchronous,25,256,random,liberties_vs_grid_light_cone,inside,20533,0.9740417863926363,0.9533916718020942,468,65
C128 Synchronous,25,256,random,liberties_vs_grid_light_cone,outside,0,,,0,0
C128 Synchronous,25,256,structured,all,all,29485,0.6058334746481262,0.42972844164180607,564,11058
C128 Synchronous,25,256,structured,chain_distance_vs_depth,inside,22355,0.6711250279579513,0.5101736720209219,560,6792
C128 Synchronous,25,256,structured,chain_distance_vs_depth,outside,7130,0.4011220196353436,0.33709165983881645,4,4266
C128 Synchronous,25,256,structured,chain_size,0–1,236,0.9745762711864406,0.7456709956709956,4,2
C128 Synchronous,25,256,structured,chain_size,129+,14617,0.3759321338167887,0.2510442819719317,36,9086
C128 Synchronous,25,256,structured,chain_size,17–32,9562,0.9469776197448233,0.6801555709094392,122,385
C128 Synchronous,25,256,structured,chain_size,2–4,597,0.9631490787269682,0.7167849898580122,3,19
C128 Synchronous,25,256,structured,chain_size,33–64,1068,0.49250936329588013,0.41472833754528704,290,252
C128 Synchronous,25,256,structured,chain_size,5–8,295,0.7627118644067796,0.8401254637040948,1,69
C128 Synchronous,25,256,structured,chain_size,65–128,1811,0.3959138597459967,0.40444253343161396,77,1017
C128 Synchronous,25,256,structured,chain_size,9–16,1299,0.8006158583525789,0.8217215052026302,31,228
C128 Synchronous,25,256,structured,cycle,acyclic,28345,0.6141118363026989,0.42544560007086507,205,10733
C128 Synchronous,25,256,structured,cycle,cyclic,1140,0.4,0.327468487394958,359,325
C128 Synchronous,25,256,structured,diameter,0–4,884,0.9581447963800905,0.7525381850853549,7,30
C128 Synchronous,25,256,structured,diameter,128+,10312,0.4492823894491854,0.251836040245614,36,5643
C128 Synchronous,25,256,structured,diameter,17–31,9919,0.9186409920354874,0.6731737346101232,401,406
C128 Synchronous,25,256,structured,diameter,32–63,1120,0.5035714285714286,0.398053406418999,79,477
C128 Synchronous,25,256,structured,diameter,5–8,307,0.7719869706840391,0.8667768243661101,1,69
C128 Synchronous,25,256,structured,diameter,64–127,5520,0.24130434782608695,0.2830453074788626,3,4185
C128 Synchronous,25,256,structured,diameter,9–16,1423,0.7997189037245257,0.8158599593382202,37,248
C128 Synchronous,25,256,structured,edge_distance,0–0,3836,0.9781021897810219,0.9781021897810219,1,83
C128 Synchronous,25,256,structured,edge_distance,1–1,21333,0.5063047860122815,0.2898715180189586,213,10319
C128 Synchronous,25,256,structured,edge_distance,2–2,2151,0.8303114830311483,0.5100895380274081,65,300
C128 Synchronous,25,256,structured,edge_distance,3–4,1326,0.6538461538461539,0.4928294669241141,142,317
C128 Synchronous,25,256,structured,edge_distance,5–8,838,0.7828162291169452,0.4820350762226667,143,39
C128 Synchronous,25,256,structured,edge_distance,9+,1,1.0,1.0,0,0
C128 Synchronous,25,256,structured,liberties_vs_grid_light_cone,inside,29485,0.6058334746481262,0.42972844164180607,564,11058
C128 Synchronous,25,256,structured,liberties_vs_grid_light_cone,outside,0,,,0,0
C128 Synchronous,37,32,random,all,all,20505,0.9983418678371129,0.9985146723112868,10,24
C128 Synchronous,37,32,random,chain_distance_vs_depth,inside,20505,0.9983418678371129,0.9985146723112868,10,24
C128 Synchronous,37,32,random,chain_distance_vs_depth,outside,0,,,0,0
C128 Synchronous,37,32,random,chain_size,0–1,6496,1.0,1.0,0,0
C128 Synchronous,37,32,random,chain_size,17–32,809,0.9765142150803461,0.9765142150803461,0,19
C128 Synchronous,37,32,random,chain_size,2–4,7289,1.0,1.0,0,0
C128 Synchronous,37,32,random,chain_size,33–64,181,1.0,1.0,0,0
C128 Synchronous,37,32,random,chain_size,5–8,3409,0.9985332942211792,0.9930167597765363,0,5
C128 Synchronous,37,32,random,chain_size,9–16,2321,0.99569151227919,0.9479166666666666,10,0
C128 Synchronous,37,32,random,cycle,acyclic,17063,1.0,1.0,0,0
C128 Synchronous,37,32,random,cycle,cyclic,3442,0.990122022080186,0.971087028619237,10,24
C128 Synchronous,37,32,random,diameter,0–4,16193,0.9996912246032236,0.9995186753946862,0,5
C128 Synchronous,37,32,random,diameter,17–31,182,0.9945054945054945,0.9945054945054945,0,1
C128 Synchronous,37,32,random,diameter,5–8,2980,0.9966442953020134,0.975,10,0
C128 Synchronous,37,32,random,diameter,9–16,1150,0.9843478260869565,0.9843478260869565,0,18
C128 Synchronous,37,32,random,edge_distance,0–0,3748,1.0,1.0,0,0
C128 Synchronous,37,32,random,edge_distance,1–1,1927,0.9974052932018682,0.9943181818181819,0,5
C128 Synchronous,37,32,random,edge_distance,2–2,1753,1.0,1.0,0,0
C128 Synchronous,37,32,random,edge_distance,3–4,3430,0.9970845481049563,0.9958471760797343,10,0
C128 Synchronous,37,32,random,edge_distance,5–8,5090,0.9964636542239685,0.9985880138060872,0,18
C128 Synchronous,37,32,random,edge_distance,9+,4557,0.999780557384244,0.9999131341209173,0,1
C128 Synchronous,37,32,random,liberties_vs_grid_light_cone,inside,20505,0.9983418678371129,0.9985146723112868,10,24
C128 Synchronous,37,32,random,liberties_vs_grid_light_cone,outside,0,,,0,0
C128 Synchronous,37,32,structured,all,all,36660,0.4797326786688489,0.34530238020824183,887,18186
C128 Synchronous,37,32,structured,chain_distance_vs_depth,inside,2660,0.7695488721804511,0.6379142568682846,68,545
C128 Synchronous,37,32,structured,chain_distance_vs_depth,outside,34000,0.45705882352941174,0.31560162940488146,819,17641
C128 Synchronous,37,32,structured,chain_size,0–1,259,1.0,1.0,0,0
C128 Synchronous,37,32,structured,chain_size,129+,21042,0.19518106643855146,0.25297060032287394,66,16869
C128 Synchronous,37,32,structured,chain_size,17–32,1524,0.678477690288714,0.7708271726128869,58,432
C128 Synchronous,37,32,structured,chain_size,2–4,315,1.0,1.0,0,0
C128 Synchronous,37,32,structured,chain_size,33–64,12104,0.9198612029081296,0.6382133122010114,750,220
C128 Synchronous,37,32,structured,chain_size,5–8,140,0.9571428571428572,0.975609756097561,0,6
C128 Synchronous,37,32,structured,chain_size,65–128,890,0.3359550561797753,0.67603668261563,3,588
C128 Synchronous,37,32,structured,chain_size,9–16,386,0.7901554404145078,0.84331612593952,10,71
C128 Synchronous,37,32,structured,cycle,acyclic,36352,0.4788732394366197,0.342992225935908,884,18060
C128 Synchronous,37,32,structured,cycle,cyclic,308,0.5811688311688312,0.525131118881119,3,126
C128 Synchronous,37,32,structured,diameter,0–4,609,1.0,1.0,0,0
C128 Synchronous,37,32,structured,diameter,128+,12631,0.22231018921700577,0.2571805130852627,4,9819
C128 Synchronous,37,32,structured,diameter,17–31,1492,0.6729222520107239,0.5812787210490183,55,433
C128 Synchronous,37,32,structured,diameter,32–63,12340,0.91677471636953,0.6748944391813945,753,274
C128 Synchronous,37,32,structured,diameter,5–8,151,0.9006622516556292,0.9232974910394266,0,15
C128 Synchronous,37,32,structured,diameter,64–127,9029,0.15716026137999778,0.2542667908218938,62,7548
C128 Synchronous,37,32,structured,diameter,9–16,408,0.7303921568627451,0.820090059853443,13,97
C128 Synchronous,37,32,structured,edge_distance,0–0,3316,1.0,1.0,0,0
C128 Synchronous,37,32,structured,edge_distance,1–1,29556,0.40316686967113274,0.25593404024886784,811,16829
C128 Synchronous,37,32,structured,edge_distance,2–2,1358,0.7378497790868925,0.5655591874976972,69,287
C128 Synchronous,37,32,structured,edge_distance,3–4,375,0.45066666666666666,0.536036036036036,0,206
C128 Synchronous,37,32,structured,edge_distance,5–8,1420,0.5894366197183099,0.6707326109104382,6,577
C128 Synchronous,37,32,structured,edge_distance,9+,635,0.5464566929133858,0.5157852283089008,1,287
C128 Synchronous,37,32,structured,liberties_vs_grid_light_cone,inside,34017,0.48802069553458566,0.3448644704101579,887,16529
C128 Synchronous,37,32,structured,liberties_vs_grid_light_cone,outside,2643,0.3730609156261824,0.3700957592339261,0,1657
C128 Synchronous,37,64,random,all,all,20505,0.9980004876859303,0.997947398088775,18,23
C128 Synchronous,37,64,random,chain_distance_vs_depth,inside,20505,0.9980004876859303,0.997947398088775,18,23
C128 Synchronous,37,64,random,chain_distance_vs_depth,outside,0,,,0,0
C128 Synchronous,37,64,random,chain_size,0–1,6496,0.9998460591133005,0.9998901098901098,1,0
C128 Synchronous,37,64,random,chain_size,17–32,809,0.9814585908529048,0.9814585908529048,0,15
C128 Synchronous,37,64,random,chain_size,2–4,7289,0.9997256139388119,0.9994480520919186,1,1
C128 Synchronous,37,64,random,chain_size,33–64,181,1.0,1.0,0,0
C128 Synchronous,37,64,random,chain_size,5–8,3409,0.9985332942211792,0.9930167597765363,0,5
C128 Synchronous,37,64,random,chain_size,9–16,2321,0.992244722102542,0.9164429530201342,16,2
C128 Synchronous,37,64,random,cycle,acyclic,17063,0.9998241809763816,0.99976780980768,2,1
C128 Synchronous,37,64,random,cycle,cyclic,3442,0.9889599070307961,0.9618117461392816,16,22
C128 Synchronous,37,64,random,diameter,0–4,16193,0.9995059593651577,0.9992911768778229,2,6
C128 Synchronous,37,64,random,diameter,17–31,182,0.9945054945054945,0.9945054945054945,0,1
C128 Synchronous,37,64,random,diameter,5–8,2980,0.9946308724832215,0.96,16,0
C128 Synchronous,37,64,random,diameter,9–16,1150,0.9860869565217392,0.9860869565217392,0,16
C128 Synchronous,37,64,random,edge_distance,0–0,3748,0.9994663820704376,0.9997564539698003,0,2
C128 Synchronous,37,64,random,edge_distance,1–1,1927,0.9968863518422418,0.9941221033868093,0,6
C128 Synchronous,37,64,random,edge_distance,2–2,1753,1.0,1.0,0,0
C128 Synchronous,37,64,random,edge_distance,3–4,3430,0.9967930029154519,0.9954318936877077,11,0
C128 Synchronous,37,64,random,edge_distance,5–8,5090,0.9962671905697446,0.9973444133020316,6,13
C128 Synchronous,37,64,random,edge_distance,9+,4557,0.9993416721527321,0.9993600367757846,1,2
C128 Synchronous,37,64,random,liberties_vs_grid_light_cone,inside,20505,0.9980004876859303,0.997947398088775,18,23
C128 Synchronous,37,64,random,liberties_vs_grid_light_cone,outside,0,,,0,0
C128 Synchronous,37,64,structured,all,all,36660,0.49028914348063285,0.3514080790241849,368,18318
C128 Synchronous,37,64,structured,chain_distance_vs_depth,inside,15000,0.9205333333333333,0.6763127741522779,341,851
C128 Synchronous,37,64,structured,chain_distance_vs_depth,outside,21660,0.19233610341643584,0.25606343323463693,27,17467
C128 Synchronous,37,64,structured,chain_size,0–1,259,0.9961389961389961,0.9980544747081712,0,1
C128 Synchronous,37,64,structured,chain_size,129+,21042,0.19251972245984222,0.2515563021614636,27,16964
C128 Synchronous,37,64,structured,chain_size,17–32,1524,0.6633858267716536,0.7657182612539755,47,466
C128 Synchronous,37,64,structured,chain_size,2–4,315,0.9936507936507937,0.9977703455964325,0,2
C128 Synchronous,37,64,structured,chain_size,33–64,12104,0.9609220092531394,0.6429703034008318,250,223
C128 Synchronous,37,64,structured,chain_size,5–8,140,0.9142857142857143,0.9512195121951219,0,12
C128 Synchronous,37,64,structured,chain_size,65–128,890,0.31910112359550563,0.56386230728336,35,571
C128 Synchronous,37,64,structured,chain_size,9–16,386,0.772020725388601,0.8334478107973712,9,79
C128 Synchronous,37,64,structured,cycle,acyclic,36352,0.48979423415492956,0.3491863553479167,333,18214
C128 Synchronous,37,64,structured,cycle,cyclic,308,0.5487012987012987,0.48710664335664333,35,104
C128 Synchronous,37,64,structured,diameter,0–4,609,0.9917898193760263,0.997055359246172,0,5
C128 Synchronous,37,64,structured,diameter,128+,12631,0.2183516744517457,0.2537075324649537,3,9870
C128 Synchronous,37,64,structured,diameter,17–31,1492,0.660857908847185,0.5786689857014752,44,462
C128 Synchronous,37,64,structured,diameter,32–63,12340,0.9562398703403565,0.6740801132056884,285,255
C128 Synchronous,37,64,structured,diameter,5–8,151,0.8609271523178808,0.9010752688172042,0,21
C128 Synchronous,37,64,structured,diameter,64–127,9029,0.15594196478015285,0.25767072669882646,24,7597
C128 Synchronous,37,64,structured,diameter,9–16,408,0.7058823529411765,0.8078536667226045,12,108
C128 Synchronous,37,64,structured,edge_distance,0–0,3316,1.0,1.0,0,0
C128 Synchronous,37,64,structured,edge_distance,1–1,29556,0.41632832588983626,0.26092916455079895,273,16978
C128 Synchronous,37,64,structured,edge_distance,2–2,1358,0.7452135493372607,0.5664055879272137,56,290
C128 Synchronous,37,64,structured,edge_distance,3–4,375,0.5093333333333333,0.5855855855855856,0,184
C128 Synchronous,37,64,structured,edge_distance,5–8,1420,0.5654929577464789,0.652116328609799,38,579
C128 Synchronous,37,64,structured,edge_distance,9+,635,0.5464566929133858,0.5157852283089008,1,287
C128 Synchronous,37,64,structured,liberties_vs_grid_light_cone,inside,36660,0.49028914348063285,0.3514080790241849,368,18318
C128 Synchronous,37,64,structured,liberties_vs_grid_light_cone,outside,0,,,0,0
C128 Synchronous,37,128,random,all,all,20505,0.9956595952206779,0.9932971278317659,72,17
C128 Synchronous,37,128,random,chain_distance_vs_depth,inside,20505,0.9956595952206779,0.9932971278317659,72,17
C128 Synchronous,37,128,random,chain_distance_vs_depth,outside,0,,,0,0
C128 Synchronous,37,128,random,chain_size,0–1,6496,0.9947660098522167,0.9955560757763406,32,2
C128 Synchronous,37,128,random,chain_size,17–32,809,0.9987639060568603,0.9987639060568603,0,1
C128 Synchronous,37,128,random,chain_size,2–4,7289,0.9978049115104952,0.9936185094933352,13,3
C128 Synchronous,37,128,random,chain_size,33–64,181,1.0,1.0,0,0
C128 Synchronous,37,128,random,chain_size,5–8,3409,0.9976532707538868,0.9914479354233037,1,7
C128 Synchronous,37,128,random,chain_size,9–16,2321,0.98707453683757,0.8641359060402685,26,4
C128 Synchronous,37,128,random,cycle,acyclic,17063,0.997011076598488,0.9954027199486888,46,5
C128 Synchronous,37,128,random,cycle,cyclic,3442,0.9889599070307961,0.9468818746200074,26,12
C128 Synchronous,37,128,random,diameter,0–4,16193,0.9962329401593281,0.9946496724779802,51,10
C128 Synchronous,37,128,random,diameter,17–31,182,1.0,1.0,0,0
C128 Synchronous,37,128,random,diameter,5–8,2980,0.9922818791946308,0.9473228834573149,21,2
C128 Synchronous,37,128,random,diameter,9–16,1150,0.9956521739130435,0.9956521739130435,0,5
C128 Synchronous,37,128,random,edge_distance,0–0,3748,0.996264674493063,0.9953245825201414,8,6
C128 Synchronous,37,128,random,edge_distance,1–1,1927,0.9958484691229891,0.9906417128096445,2,6
C128 Synchronous,37,128,random,edge_distance,2–2,1753,1.0,1.0,0,0
C128 Synchronous,37,128,random,edge_distance,3–4,3430,0.9935860058309038,0.9906556283709331,21,1
C128 Synchronous,37,128,random,edge_distance,5–8,5090,0.9931237721021611,0.9886415382106349,32,3
C128 Synchronous,37,128,random,edge_distance,9+,4557,0.9978055738424402,0.9966218515997277,9,1
C128 Synchronous,37,128,random,liberties_vs_grid_light_cone,inside,20505,0.9956595952206779,0.9932971278317659,72,17
C128 Synchronous,37,128,random,liberties_vs_grid_light_cone,outside,0,,,0,0
C128 Synchronous,37,128,structured,all,all,36660,0.49238952536824876,0.3522993644708289,272,18337
C128 Synchronous,37,128,structured,chain_distance_vs_depth,inside,24029,0.6372716301136128,0.4144880250173698,269,8447
C128 Synchronous,37,128,structured,chain_distance_vs_depth,outside,12631,0.21676826854564168,0.252309322174126,3,9890
C128 Synchronous,37,128,structured,chain_size,0–1,259,0.9961389961389961,0.9980544747081712,0,1
C128 Synchronous,37,128,structured,chain_size,129+,21042,0.1917593384659253,0.2513907829969495,5,17002
C128 Synchronous,37,128,structured,chain_size,17–32,1524,0.6666666666666666,0.7729182014896301,32,476
C128 Synchronous,37,128,structured,chain_size,2–4,315,0.9936507936507937,0.9977703455964325,0,2
C128 Synchronous,37,128,structured,chain_size,33–64,12104,0.9755452742894911,0.6504192609942981,73,223
C128 Synchronous,37,128,structured,chain_size,5–8,140,0.8714285714285714,0.9268292682926829,0,18
C128 Synchronous,37,128,structured,chain_size,65–128,890,0.23820224719101124,0.39207868155236575,154,524
C128 Synchronous,37,128,structured,chain_size,9–16,386,0.7435233160621761,0.8194845413686972,8,91
C128 Synchronous,37,128,structured,cycle,acyclic,36352,0.49370048415492956,0.35136554029131667,118,18287
C128 Synchronous,37,128,structured,cycle,cyclic,308,0.33766233766233766,0.3129370629370629,154,50
C128 Synchronous,37,128,structured,diameter,0–4,609,0.9901477832512315,0.9964664310954063,0,6
C128 Synchronous,37,128,structured,diameter,128+,12631,0.21676826854564168,0.252309322174126,3,9890
C128 Synchronous,37,128,structured,diameter,17–31,1492,0.6648793565683646,0.584595909826992,29,471
C128 Synchronous,37,128,structured,diameter,32–63,12340,0.9653160453808752,0.6771250652988045,227,201
C128 Synchronous,37,128,structured,diameter,5–8,151,0.7880794701986755,0.8673835125448028,0,32
C128 Synchronous,37,128,structured,diameter,64–127,9029,0.15560970207110422,0.2599121127761499,2,7622
C128 Synchronous,37,128,structured,diameter,9–16,408,0.6911764705882353,0.8012669911058903,11,115
C128 Synchronous,37,128,structured,edge_distance,0–0,3316,0.9996984318455971,0.9996984318455971,0,1
C128 Synchronous,37,128,structured,edge_distance,1–1,29556,0.42103126268777913,0.2626057242868853,74,17038
C128 Synchronous,37,128,structured,edge_distance,2–2,1358,0.7562592047128129,0.6026423695001079,40,291
C128 Synchronous,37,128,structured,edge_distance,3–4,375,0.44266666666666665,0.5292792792792793,78,131
C128 Synchronous,37,128,structured,edge_distance,5–8,1420,0.5338028169014084,0.6274520700194498,79,583
C128 Synchronous,37,128,structured,edge_distance,9+,635,0.537007874015748,0.5072922343140482,1,293
C128 Synchronous,37,128,structured,liberties_vs_grid_light_cone,inside,36660,0.49238952536824876,0.3522993644708289,272,18337
C128 Synchronous,37,128,structured,liberties_vs_grid_light_cone,outside,0,,,0,0
C128 Synchronous,37,256,random,all,all,20505,0.9806388685686418,0.9678967071893363,311,86
C128 Synchronous,37,256,random,chain_distance_vs_depth,inside,20505,0.9806388685686418,0.9678967071893363,311,86
C128 Synchronous,37,256,random,chain_distance_vs_depth,outside,0,,,0,0
C128 Synchronous,37,256,random,chain_size,0–1,6496,0.9679802955665024,0.9693310998937414,168,40
C128 Synchronous,37,256,random,chain_size,17–32,809,0.9962917181705809,0.9962917181705809,0,3
C128 Synchronous,37,256,random,chain_size,2–4,7289,0.9857319248182193,0.9682576771012197,85,19
C128 Synchronous,37,256,random,chain_size,33–64,181,1.0,1.0,0,0
C128 Synchronous,37,256,random,chain_size,5–8,3409,0.9879730126136697,0.9562397576489932,28,13
C128 Synchronous,37,256,random,chain_size,9–16,2321,0.982335200344679,0.8425195749440716,30,11
C128 Synchronous,37,256,random,cycle,acyclic,17063,0.9797808122838891,0.9697719561233575,275,70
C128 Synchronous,37,256,random,cycle,cyclic,3442,0.9848925043579314,0.9270206368408365,36,16
C128 Synchronous,37,256,random,diameter,0–4,16193,0.9789415179398505,0.9703626286203164,273,68
C128 Synchronous,37,256,random,diameter,17–31,182,1.0,1.0,0,0
C128 Synchronous,37,256,random,diameter,5–8,2980,0.9838926174496644,0.8356958815742863,38,10
C128 Synchronous,37,256,random,diameter,9–16,1150,0.9930434782608696,0.9930434782608696,0,8
C128 Synchronous,37,256,random,edge_distance,0–0,3748,0.9773212379935966,0.9732852041056038,30,55
C128 Synchronous,37,256,random,edge_distance,1–1,1927,0.987026466009341,0.9689102184975051,19,6
C128 Synchronous,37,256,random,edge_distance,2–2,1753,0.9868796349115802,0.9785081540417642,19,4
C128 Synchronous,37,256,random,edge_distance,3–4,3430,0.9810495626822158,0.9662875130914165,65,0
C128 Synchronous,37,256,random,edge_distance,5–8,5090,0.9803536345776032,0.964795824948086,89,11
C128 Synchronous,37,256,random,edge_distance,9+,4557,0.978275181040158,0.9603687496742486,89,10
C128 Synchronous,37,256,random,liberties_vs_grid_light_cone,inside,20505,0.9806388685686418,0.9678967071893363,311,86
C128 Synchronous,37,256,random,liberties_vs_grid_light_cone,outside,0,,,0,0
C128 Synchronous,37,256,structured,all,all,36660,0.49135297326786687,0.35136810380308126,335,18312
C128 Synchronous,37,256,structured,chain_distance_vs_depth,inside,25205,0.6213846459035905,0.40522092271433496,307,9236
C128 Synchronous,37,256,structured,chain_distance_vs_depth,outside,11455,0.2052378873854212,0.25117135207496655,28,9076
C128 Synchronous,37,256,structured,chain_size,0–1,259,0.9961389961389961,0.9980544747081712,0,1
C128 Synchronous,37,256,structured,chain_size,129+,21042,0.19123657447010742,0.2509885904990133,31,16987
C128 Synchronous,37,256,structured,chain_size,17–32,1524,0.6679790026246719,0.7811578972293258,26,480
C128 Synchronous,37,256,structured,chain_size,2–4,315,0.9777777777777777,0.9695015129797738,1,6
C128 Synchronous,37,256,structured,chain_size,33–64,12104,0.9769497686715135,0.6496418592053357,77,202
C128 Synchronous,37,256,structured,chain_size,5–8,140,0.85,0.9146341463414634,0,21
C128 Synchronous,37,256,structured,chain_size,65–128,890,0.20449438202247192,0.3370547581073897,192,516
C128 Synchronous,37,256,structured,chain_size,9–16,386,0.7227979274611399,0.8038750621576854,8,99
C128 Synchronous,37,256,structured,cycle,acyclic,36352,0.49331536091549294,0.35091717242246573,107,18312
C128 Synchronous,37,256,structured,cycle,cyclic,308,0.2597402597402597,0.25,228,0
C128 Synchronous,37,256,structured,diameter,0–4,609,0.9802955665024631,0.9842625310823191,1,11
C128 Synchronous,37,256,structured,diameter,128+,12631,0.21621407647850527,0.25184249367909667,30,9870
C128 Synchronous,37,256,structured,diameter,17–31,1492,0.6675603217158177,0.5913588032992048,59,437
C128 Synchronous,37,256,structured,diameter,32–63,12340,0.9647487844408428,0.6749050088096592,233,202
C128 Synchronous,37,256,structured,diameter,5–8,151,0.7483443708609272,0.8381123058542413,0,38
C128 Synchronous,37,256,structured,diameter,64–127,9029,0.1545021597076088,0.2592213520164783,1,7633
C128 Synchronous,37,256,structured,diameter,9–16,408,0.6764705882352942,0.7927924148347039,11,121
C128 Synchronous,37,256,structured,edge_distance,0–0,3316,0.9936670687575392,0.9936670687575392,0,21
C128 Synchronous,37,256,structured,edge_distance,1–1,29556,0.42126810123156044,0.2622114724150181,69,17036
C128 Synchronous,37,256,structured,edge_distance,2–2,1358,0.7577319587628866,0.5687037124765107,35,294
C128 Synchronous,37,256,structured,edge_distance,3–4,375,0.408,0.5,104,118
C128 Synchronous,37,256,structured,edge_distance,5–8,1420,0.526056338028169,0.6214411410577012,90,583
C128 Synchronous,37,256,structured,edge_distance,9+,635,0.5322834645669291,0.5074209160412428,37,260
C128 Synchronous,37,256,structured,liberties_vs_grid_light_cone,inside,36660,0.49135297326786687,0.35136810380308126,335,18312
C128 Synchronous,37,256,structured,liberties_vs_grid_light_cone,outside,0,,,0,0
Synchronous,9,32,random,all,all,113796,0.9989279060775422,0.9988549483491747,45,77
Synchronous,9,32,random,chain_distance_vs_depth,inside,113796,0.9989279060775422,0.9988549483491747,45,77
Synchronous,9,32,random,chain_distance_vs_depth,outside,0,,,0,0
Synchronous,9,32,random,chain_size,0–1,41334,0.9999274205254753,0.9999474529103873,1,2
Synchronous,9,32,random,chain_size,17–32,597,1.0,1.0,0,0
Synchronous,9,32,random,chain_size,2–4,46191,0.9997185598926198,0.9995374218323663,6,7
Synchronous,9,32,random,chain_size,5–8,18768,0.9974424552429667,0.9933059136083566,22,26
Synchronous,9,32,random,chain_size,9–16,6906,0.9916015059368665,0.921009041414978,16,42
Synchronous,9,32,random,cycle,acyclic,102006,0.9996176695488501,0.9995943511235941,20,19
Synchronous,9,32,random,cycle,cyclic,11790,0.9929601357082273,0.9794871251487896,25,58
Synchronous,9,32,random,diameter,0–4,100551,0.9994530138934471,0.9994357796875014,25,30
Synchronous,9,32,random,diameter,5–8,11505,0.9941764450239027,0.9739309857068617,20,47
Synchronous,9,32,random,diameter,9–16,1740,1.0,1.0,0,0
Synchronous,9,32,random,edge_distance,0–0,64731,0.9986714248196382,0.9986273128415576,34,52
Synchronous,9,32,random,edge_distance,1–1,26982,0.9993699503372618,0.9990170599985227,10,7
Synchronous,9,32,random,edge_distance,2–2,15615,0.9997438360550752,0.9996986756767682,1,3
Synchronous,9,32,random,edge_distance,3–4,6468,0.9976808905380334,0.9986842105263158,0,15
Synchronous,9,32,random,liberties_vs_grid_light_cone,inside,113796,0.9989279060775422,0.9988549483491747,45,77
Synchronous,9,32,random,liberties_vs_grid_light_cone,outside,0,,,0,0
Synchronous,9,32,structured,all,all,175089,0.9980524190554518,0.9978799864062982,109,232
Synchronous,9,32,structured,chain_distance_vs_depth,inside,175089,0.9980524190554518,0.9978799864062982,109,232
Synchronous,9,32,structured,chain_distance_vs_depth,outside,0,,,0,0
Synchronous,9,32,structured,chain_size,0–1,7107,0.9997185873082876,0.9987995191271705,2,0
Synchronous,9,32,structured,chain_size,17–32,69345,0.9979234263465282,0.998400495142743,45,99
Synchronous,9,32,structured,chain_size,2–4,24294,0.9995060508767597,0.9965161295504649,7,5
Synchronous,9,32,structured,chain_size,5–8,59136,0.9992390422077922,0.9945448095463171,25,20
Synchronous,9,32,structured,chain_size,9–16,15207,0.9909252318011442,0.9900972562138801,30,108
Synchronous,9,32,structured,cycle,acyclic,162729,0.9985005745749067,0.9981955687113574,64,180
Synchronous,9,32,structured,cycle,cyclic,12360,0.9921521035598706,0.9936376901387043,45,52
Synchronous,9,32,structured,diameter,0–4,44127,0.9995467627529631,0.9983367488062731,10,10
Synchronous,9,32,structured,diameter,17–31,60795,0.9988979356855004,0.9991622825796821,28,39
Synchronous,9,32,structured,diameter,5–8,52068,0.9986363985557348,0.996264895202098,54,17
Synchronous,9,32,structured,diameter,9–16,18099,0.9898889441405603,0.9910116704034353,17,166
Synchronous,9,32,structured,edge_distance,0–0,54087,1.0,1.0,0,0
Synchronous,9,32,structured,edge_distance,1–1,102741,0.997080036207551,0.9975718981165462,78,222
Synchronous,9,32,structured,edge_distance,2–2,17277,0.9979163049140476,0.9965895149451516,29,7
Synchronous,9,32,structured,edge_distance,3–4,984,0.9949186991869918,0.9963550304035379,2,3
Synchronous,9,32,structured,liberties_vs_grid_light_cone,inside,175089,0.9980524190554518,0.9978799864062982,109,232
Synchronous,9,32,structured,liberties_vs_grid_light_cone,outside,0,,,0,0
Synchronous,9,64,random,all,all,113796,0.992662307989736,0.9871928072118764,650,185
Synchronous,9,64,random,chain_distance_vs_depth,inside,113796,0.992662307989736,0.9871928072118764,650,185
Synchronous,9,64,random,chain_distance_vs_depth,outside,0,,,0,0
Synchronous,9,64,random,chain_size,0–1,41334,0.992475927807616,0.9916695552887484,286,25
Synchronous,9,64,random,chain_size,17–32,597,0.998324958123953,0.998324958123953,0,1
Synchronous,9,64,random,chain_size,2–4,46191,0.9943928470914247,0.9843275674658001,223,36
Synchronous,9,64,random,chain_size,5–8,18768,0.9904624893435635,0.9629688680683175,113,66
Synchronous,9,64,random,chain_size,9–16,6906,0.9876918621488561,0.8924550937798557,28,57
Synchronous,9,64,random,cycle,acyclic,102006,0.9935101856753524,0.9886804632925024,563,99
Synchronous,9,64,random,cycle,cyclic,11790,0.9853265479219677,0.9440420509610267,87,86
Synchronous,9,64,random,diameter,0–4,100551,0.9930284134419349,0.9882373951938481,589,112
Synchronous,9,64,random,diameter,5–8,11505,0.9886136462407649,0.9421136996637083,61,70
Synchronous,9,64,random,diameter,9–16,1740,0.9982758620689656,0.9982758620689656,0,3
Synchronous,9,64,random,edge_distance,0–0,64731,0.9938669262022833,0.9911947235020688,286,111
Synchronous,9,64,random,edge_distance,1–1,26982,0.9906233785486621,0.9727949578952493,214,39
Synchronous,9,64,random,edge_distance,2–2,15615,0.9933397374319565,0.9841871341612903,87,17
Synchronous,9,64,random,edge_distance,3–4,6468,0.9874768089053804,0.9763720419528042,63,18
Synchronous,9,64,random,liberties_vs_grid_light_cone,inside,113796,0.992662307989736,0.9871928072118764,650,185
Synchronous,9,64,random,liberties_vs_grid_light_cone,outside,0,,,0,0
Synchronous,9,64,structured,all,all,175089,0.9789421379983894,0.97915286787513,2260,1427
Synchronous,9,64,structured,chain_distance_vs_depth,inside,175089,0.9789421379983894,0.97915286787513,2260,1427
Synchronous,9,64,structured,chain_distance_vs_depth,outside,0,,,0,0
Synchronous,9,64,structured,chain_size,0–1,7107,0.9866328971436612,0.920403053232831,89,6
Synchronous,9,64,structured,chain_size,17–32,69345,0.9701492537313433,0.9661205583266865,1269,801
Synchronous,9,64,structured,chain_size,2–4,24294,0.984893389314234,0.9616058961472579,305,62
Synchronous,9,64,structured,chain_size,5–8,59136,0.9891436688311688,0.9708158407845107,388,254
Synchronous,9,64,structured,chain_size,9–16,15207,0.9662655356086013,0.9661438679809042,209,304
Synchronous,9,64,structured,cycle,acyclic,162729,0.9830024150581642,0.9826719336965491,1549,1217
Synchronous,9,64,structured,cycle,cyclic,12360,0.9254854368932038,0.9210521301038542,711,210
Synchronous,9,64,structured,diameter,0–4,44127,0.9866974867994652,0.9697943434835774,475,112
Synchronous,9,64,structured,diameter,17–31,60795,0.9798832140801053,0.9753399229509623,617,606
Synchronous,9,64,structured,diameter,5–8,52068,0.9866520703695167,0.9761783861412991,424,271
Synchronous,9,64,structured,diameter,9–16,18099,0.9346925244488645,0.9379951792180671,744,438
Synchronous,9,64,structured,edge_distance,0–0,54087,0.9973561114500712,0.9973561114500712,119,24
Synchronous,9,64,structured,edge_distance,1–1,102741,0.971598485512113,0.9703000047523034,1632,1286
Synchronous,9,64,structured,edge_distance,2–2,17277,0.9699021820917983,0.9681355805756362,408,112
Synchronous,9,64,structured,edge_distance,3–4,984,0.8922764227642277,0.9237088787739788,101,5
Synchronous,9,64,structured,liberties_vs_grid_light_cone,inside,175089,0.9789421379983894,0.97915286787513,2260,1427
Synchronous,9,64,structured,liberties_vs_grid_light_cone,outside,0,,,0,0
Synchronous,9,128,random,all,all,113796,0.9208583781503743,0.8875651890358135,5110,3896
Synchronous,9,128,random,chain_distance_vs_depth,inside,113796,0.9208583781503743,0.8875651890358135,5110,3896
Synchronous,9,128,random,chain_distance_vs_depth,outside,0,,,0,0
Synchronous,9,128,random,chain_size,0–1,41334,0.9256302317704553,0.9117535601275896,2891,183
Synchronous,9,128,random,chain_size,17–32,597,0.9195979899497487,0.9195979899497487,0,48
Synchronous,9,128,random,chain_size,2–4,46191,0.9261111471931761,0.8779827248207067,1717,1696
Synchronous,9,128,random,chain_size,5–8,18768,0.9034526854219949,0.836628501396526,437,1375
Synchronous,9,128,random,chain_size,9–16,6906,0.90457573124819,0.7679458870179906,65,594
Synchronous,9,128,random,cycle,acyclic,102006,0.9229064956963315,0.8907015750239168,4837,3027
Synchronous,9,128,random,cycle,cyclic,11790,0.9031382527565733,0.8141982337407205,273,869
Synchronous,9,128,random,diameter,0–4,100551,0.9231932054380364,0.8907468205038066,4949,2774
Synchronous,9,128,random,diameter,5–8,11505,0.8996088657105606,0.8047077047047733,161,994
Synchronous,9,128,random,diameter,9–16,1740,0.9264367816091954,0.9264367816091954,0,128
Synchronous,9,128,random,edge_distance,0–0,64731,0.9298635893157838,0.9119593075692364,2448,2092
Synchronous,9,128,random,edge_distance,1–1,26982,0.9137573196946113,0.8359982639830053,1237,1090
Synchronous,9,128,random,edge_distance,2–2,15615,0.907012487992315,0.823574584101388,890,562
Synchronous,9,128,random,edge_distance,3–4,6468,0.8937847866419295,0.8071783237935688,535,152
Synchronous,9,128,random,liberties_vs_grid_light_cone,inside,113796,0.9208583781503743,0.8875651890358135,5110,3896
Synchronous,9,128,random,liberties_vs_grid_light_cone,outside,0,,,0,0
Synchronous,9,128,structured,all,all,175089,0.8645831548526749,0.8504891247904088,12140,11570
Synchronous,9,128,structured,chain_distance_vs_depth,inside,175089,0.8645831548526749,0.8504891247904088,12140,11570
Synchronous,9,128,structured,chain_distance_vs_depth,outside,0,,,0,0
Synchronous,9,128,structured,chain_size,0–1,7107,0.953848318559167,0.777180116146126,289,39
Synchronous,9,128,structured,chain_size,17–32,69345,0.8261013771721104,0.8235642589299745,3950,8109
Synchronous,9,128,structured,chain_size,2–4,24294,0.9045443319338108,0.8420148320377107,1918,401
Synchronous,9,128,structured,chain_size,5–8,59136,0.9003821699134199,0.8783465619456564,4378,1513
Synchronous,9,128,structured,chain_size,9–16,15207,0.7952916420069704,0.7988518550631172,1605,1508
Synchronous,9,128,structured,cycle,acyclic,162729,0.873519778281683,0.85718262764063,10610,9972
Synchronous,9,128,structured,cycle,cyclic,12360,0.7469255663430421,0.7485225349703037,1530,1598
Synchronous,9,128,structured,diameter,0–4,44127,0.9145421170711809,0.8510251287200981,2989,782
Synchronous,9,128,structured,diameter,17–31,60795,0.8437535981577432,0.8406384718284342,2514,6985
Synchronous,9,128,structured,diameter,5–8,52068,0.888472766382423,0.8724017156734759,3982,1825
Synchronous,9,128,structured,diameter,9–16,18099,0.7440190065749489,0.7490633311866943,2655,1978
Synchronous,9,128,structured,edge_distance,0–0,54087,0.9593802577329118,0.9593802577329118,1575,622
Synchronous,9,128,structured,edge_distance,1–1,102741,0.8296785119864514,0.8226667357614881,7387,10112
Synchronous,9,128,structured,edge_distance,2–2,17277,0.7889101117092088,0.8183525624928359,2818,829
Synchronous,9,128,structured,edge_distance,3–4,984,0.6270325203252033,0.7238347060711303,360,7
Synchronous,9,128,structured,liberties_vs_grid_light_cone,inside,175089,0.8645831548526749,0.8504891247904088,12140,11570
Synchronous,9,128,structured,liberties_vs_grid_light_cone,outside,0,,,0,0
Synchronous,9,256,random,all,all,113796,0.7790783507328904,0.7463289682440125,11027,14113
Synchronous,9,256,random,chain_distance_vs_depth,inside,113796,0.7790783507328904,0.7463289682440125,11027,14113
Synchronous,9,256,random,chain_distance_vs_depth,outside,0,,,0,0
Synchronous,9,256,random,chain_size,0–1,41334,0.8149949194367833,0.7863791186710084,6545,1102
Synchronous,9,256,random,chain_size,17–32,597,0.7319932998324958,0.7319932998324958,0,160
Synchronous,9,256,random,chain_size,2–4,46191,0.7788313740772012,0.7405409401611139,3586,6630
Synchronous,9,256,random,chain_size,5–8,18768,0.7229326513213982,0.6963423156283723,787,4413
Synchronous,9,256,random,chain_size,9–16,6906,0.7224152910512598,0.6146870632914214,109,1808
Synchronous,9,256,random,cycle,acyclic,102006,0.785061663039429,0.7499535023333724,10565,11360
Synchronous,9,256,random,cycle,cyclic,11790,0.7273112807463953,0.6867556358356894,462,2753
Synchronous,9,256,random,diameter,0–4,100551,0.7868345416753687,0.7502212264885455,10760,10674
Synchronous,9,256,random,diameter,5–8,11505,0.7202086049543677,0.6625911794325048,267,2952
Synchronous,9,256,random,diameter,9–16,1740,0.7201149425287356,0.7201149425287356,0,487
Synchronous,9,256,random,edge_distance,0–0,64731,0.7955539077103706,0.7814734794628868,5729,7505
Synchronous,9,256,random,edge_distance,1–1,26982,0.7695130086724483,0.6784539226229798,2444,3775
Synchronous,9,256,random,edge_distance,2–2,15615,0.7456932436759526,0.6420621354342089,1814,2157
Synchronous,9,256,random,edge_distance,3–4,6468,0.7346938775510204,0.6223313589012318,1040,676
Synchronous,9,256,random,liberties_vs_grid_light_cone,inside,113796,0.7790783507328904,0.7463289682440125,11027,14113
Synchronous,9,256,random,liberties_vs_grid_light_cone,outside,0,,,0,0
Synchronous,9,256,structured,all,all,175089,0.7152019829915072,0.694613816806003,26937,22928
Synchronous,9,256,structured,chain_distance_vs_depth,inside,175089,0.7152019829915072,0.694613816806003,26937,22928
Synchronous,9,256,structured,chain_distance_vs_depth,outside,0,,,0,0
Synchronous,9,256,structured,chain_size,0–1,7107,0.8633741381736316,0.6589324216335887,815,156
Synchronous,9,256,structured,chain_size,17–32,69345,0.6569327276660177,0.6341302701522451,7864,15926
Synchronous,9,256,structured,chain_size,2–4,24294,0.7702313328393842,0.7122817947061639,4312,1270
Synchronous,9,256,structured,chain_size,5–8,59136,0.7630377435064936,0.7537800922414247,10725,3288
Synchronous,9,256,structured,chain_size,9–16,15207,0.637732623134083,0.6402613598303518,3221,2288
Synchronous,9,256,structured,cycle,acyclic,162729,0.7203202871030978,0.698096293720998,24939,20573
Synchronous,9,256,structured,cycle,cyclic,12360,0.6478155339805826,0.5922220037965474,1998,2355
Synchronous,9,256,structured,diameter,0–4,44127,0.789222018265461,0.7174840009912244,7070,2231
Synchronous,9,256,structured,diameter,17–31,60795,0.6651698330454807,0.6411306529051665,6050,14306
Synchronous,9,256,structured,diameter,5–8,52068,0.7505185526619037,0.748325926311182,9516,3474
Synchronous,9,256,structured,diameter,9–16,18099,0.601193436101442,0.5993108858301206,4301,2917
Synchronous,9,256,structured,edge_distance,0–0,54087,0.8667147373675744,0.8667147373675744,5163,2046
Synchronous,9,256,structured,edge_distance,1–1,102741,0.6567971890481892,0.6357314700242677,15999,19262
Synchronous,9,256,structured,edge_distance,2–2,17277,0.6009723910401111,0.6509196546235337,5295,1599
Synchronous,9,256,structured,edge_distance,3–4,984,0.49085365853658536,0.5894499030514433,480,21
Synchronous,9,256,structured,liberties_vs_grid_light_cone,inside,175089,0.7152019829915072,0.694613816806003,26937,22928
Synchronous,9,256,structured,liberties_vs_grid_light_cone,outside,0,,,0,0
Synchronous,13,32,random,all,all,62337,0.9985562346599932,0.9984354772838429,49,41
Synchronous,13,32,random,chain_distance_vs_depth,inside,62337,0.9985562346599932,0.9984354772838429,49,41
Synchronous,13,32,random,chain_distance_vs_depth,outside,0,,,0,0
Synchronous,13,32,random,chain_size,0–1,20535,1.0,1.0,0,0
Synchronous,13,32,random,chain_size,17–32,927,0.9989212513484358,0.9989212513484358,0,1
Synchronous,13,32,random,chain_size,2–4,24450,0.9996319018404908,0.9993686185796186,3,6
Synchronous,13,32,random,chain_size,33–64,102,1.0,1.0,0,0
Synchronous,13,32,random,chain_size,5–8,10827,0.9951048305163018,0.9876482692145713,35,18
Synchronous,13,32,random,chain_size,9–16,5496,0.9950873362445415,0.8973935735395837,11,16
Synchronous,13,32,random,cycle,acyclic,54120,0.9990946045824095,0.9989929582666892,34,15
Synchronous,13,32,random,cycle,cyclic,8217,0.9950103444079348,0.9843922898509491,15,26
Synchronous,13,32,random,diameter,0–4,51828,0.9994597514856834,0.9994552890302942,18,10
Synchronous,13,32,random,diameter,17–31,102,1.0,1.0,0,0
Synchronous,13,32,random,diameter,5–8,8133,0.9934833394811263,0.9580185615042216,31,22
Synchronous,13,32,random,diameter,9–16,2274,0.996042216358839,0.996042216358839,0,9
Synchronous,13,32,random,edge_distance,0–0,27630,0.9983351429605501,0.9984622560641717,16,30
Synchronous,13,32,random,edge_distance,1–1,12261,0.9993475246717234,0.9996049624678557,1,7
Synchronous,13,32,random,edge_distance,2–2,10179,0.9981334119265154,0.9971199811153012,17,2
Synchronous,13,32,random,edge_distance,3–4,10575,0.9983924349881796,0.9983470991244816,15,2
Synchronous,13,32,random,edge_distance,5–8,1692,1.0,1.0,0,0
Synchronous,13,32,random,liberties_vs_grid_light_cone,inside,62337,0.9985562346599932,0.9984354772838429,49,41
Synchronous,13,32,random,liberties_vs_grid_light_cone,outside,0,,,0,0
Synchronous,13,32,structured,all,all,89799,0.6143609617033597,0.5409526813602283,339,34291
Synchronous,13,32,structured,chain_distance_vs_depth,inside,65346,0.7277415603097359,0.623328673011035,304,17487
Synchronous,13,32,structured,chain_distance_vs_depth,outside,24453,0.31137283768862717,0.29578357812111905,35,16804
Synchronous,13,32,structured,chain_size,0–1,1851,0.9989195029713668,0.9896932285821175,1,1
Synchronous,13,32,structured,chain_size,17–32,9453,0.5652173913043478,0.51427709141789,3,4107
Synchronous,13,32,structured,chain_size,2–4,4983,0.9979931768011239,0.9992599171107164,0,10
Synchronous,13,32,structured,chain_size,33–64,10566,0.5715502555366269,0.4029831388193818,35,4492
Synchronous,13,32,structured,chain_size,5–8,8226,0.976173109652322,0.9754882174707528,10,186
Synchronous,13,32,structured,chain_size,65–128,26826,0.10784313725490197,0.26061410216439923,0,23933
Synchronous,13,32,structured,chain_size,9–16,27894,0.9336057933605794,0.8593012228794308,290,1562
Synchronous,13,32,structured,cycle,acyclic,83259,0.6263707226846347,0.5461635728447695,339,30769
Synchronous,13,32,structured,cycle,cyclic,6540,0.4614678899082569,0.42675080734016857,0,3522
Synchronous,13,32,structured,diameter,0–4,8706,0.9949460142430507,0.9974362444364249,3,41
Synchronous,13,32,structured,diameter,17–31,17481,0.25845203363651964,0.34839514151828044,3,12960
Synchronous,13,32,structured,diameter,32–63,9342,0.5930207664311711,0.4344346235254995,35,3767
Synchronous,13,32,structured,diameter,5–8,11106,0.9523680893210877,0.8832823869752016,10,519
Synchronous,13,32,structured,diameter,64–127,15111,0.13725100919859703,0.2591075555639636,0,13037
Synchronous,13,32,structured,diameter,9–16,28053,0.8483228175239724,0.6909399786980643,288,3967
Synchronous,13,32,structured,edge_distance,0–0,19731,0.9620901120064873,0.9620901120064873,0,748
Synchronous,13,32,structured,edge_distance,1–1,55206,0.4441727348476615,0.3993754510960995,305,30380
Synchronous,13,32,structured,edge_distance,2–2,11553,0.7454340863844888,0.5906543266147948,32,2909
Synchronous,13,32,structured,edge_distance,3–4,3255,0.9213517665130568,0.7602235980554221,2,254
Synchronous,13,32,structured,edge_distance,5–8,54,1.0,1.0,0,0
Synchronous,13,32,structured,liberties_vs_grid_light_cone,inside,89799,0.6143609617033597,0.5409526813602283,339,34291
Synchronous,13,32,structured,liberties_vs_grid_light_cone,outside,0,,,0,0
Synchronous,13,64,random,all,all,62337,0.9927170059515216,0.985396811943038,380,74
Synchronous,13,64,random,chain_distance_vs_depth,inside,62337,0.9927170059515216,0.985396811943038,380,74
Synchronous,13,64,random,chain_distance_vs_depth,outside,0,,,0,0
Synchronous,13,64,random,chain_size,0–1,20535,0.9928414901387874,0.9916134979434756,142,5
Synchronous,13,64,random,chain_size,17–32,927,0.9946062567421791,0.9946062567421791,0,5
Synchronous,13,64,random,chain_size,2–4,24450,0.9941513292433538,0.9808859320599164,123,20
Synchronous,13,64,random,chain_size,33–64,102,1.0,1.0,0,0
Synchronous,13,64,random,chain_size,5–8,10827,0.9899325759674887,0.9493067062765388,93,16
Synchronous,13,64,random,chain_size,9–16,5496,0.9909024745269287,0.8289550613359449,22,28
Synchronous,13,64,random,cycle,acyclic,54120,0.9929416112342941,0.9863800181379137,339,43
Synchronous,13,64,random,cycle,cyclic,8217,0.9912376779846659,0.9593244989909386,41,31
Synchronous,13,64,random,diameter,0–4,51828,0.9931504206220576,0.9869863039348654,324,31
Synchronous,13,64,random,diameter,17–31,102,1.0,1.0,0,0
Synchronous,13,64,random,diameter,5–8,8133,0.9895487519980327,0.9208932569373867,56,29
Synchronous,13,64,random,diameter,9–16,2274,0.9938434476693052,0.9938434476693052,0,14
Synchronous,13,64,random,edge_distance,0–0,27630,0.9942453854505972,0.9908012470132607,121,38
Synchronous,13,64,random,edge_distance,1–1,12261,0.9899681918277465,0.9744512937949334,104,19
Synchronous,13,64,random,edge_distance,2–2,10179,0.9918459573631987,0.9780649394819289,72,11
Synchronous,13,64,random,edge_distance,3–4,10575,0.9923404255319149,0.9810351024297055,75,6
Synchronous,13,64,random,edge_distance,5–8,1692,0.9952718676122931,0.9876822259601906,8,0
Synchronous,13,64,random,liberties_vs_grid_light_cone,inside,62337,0.9927170059515216,0.985396811943038,380,74
Synchronous,13,64,random,liberties_vs_grid_light_cone,outside,0,,,0,0
Synchronous,13,64,structured,all,all,89799,0.5916324235236473,0.5272680736598924,890,35781
Synchronous,13,64,structured,chain_distance_vs_depth,inside,74688,0.6831887317909169,0.5919569753553471,887,22775
Synchronous,13,64,structured,chain_distance_vs_depth,outside,15111,0.1391039639997353,0.26042406967737325,3,13006
Synchronous,13,64,structured,chain_size,0–1,1851,0.990815775256618,0.9440703329592219,6,11
Synchronous,13,64,structured,chain_size,17–32,9453,0.5515709298635354,0.5076316785472961,37,4202
Synchronous,13,64,structured,chain_size,2–4,4983,0.9652819586594421,0.9422296287747971,72,101
Synchronous,13,64,structured,chain_size,33–64,10566,0.5702252508044672,0.4147089767768488,53,4488
Synchronous,13,64,structured,chain_size,5–8,8226,0.9287624604911257,0.9388245706565846,120,466
Synchronous,13,64,structured,chain_size,65–128,26826,0.1112353686721837,0.26321870259177127,3,23839
Synchronous,13,64,structured,chain_size,9–16,27894,0.8826629382662938,0.8406779453817651,599,2674
Synchronous,13,64,structured,cycle,acyclic,83259,0.6017968027480513,0.5315245917967201,831,32323
Synchronous,13,64,structured,cycle,cyclic,6540,0.46223241590214065,0.4274070196781633,59,3458
Synchronous,13,64,structured,diameter,0–4,8706,0.9614059269469332,0.9638330022396674,125,211
Synchronous,13,64,structured,diameter,17–31,17481,0.25650706481322577,0.34606121681010177,35,12962
Synchronous,13,64,structured,diameter,32–63,9342,0.589702419182188,0.4472718896241762,29,3804
Synchronous,13,64,structured,diameter,5–8,11106,0.9011345218800648,0.866756930931712,89,1009
Synchronous,13,64,structured,diameter,64–127,15111,0.1391039639997353,0.26042406967737325,3,13006
Synchronous,13,64,structured,diameter,9–16,28053,0.8075785121020924,0.6731222169788337,609,4789
Synchronous,13,64,structured,edge_distance,0–0,19731,0.9063909583903502,0.9063909583903502,100,1747
Synchronous,13,64,structured,edge_distance,1–1,55206,0.43214505669673586,0.3893633684257546,654,30695
Synchronous,13,64,structured,edge_distance,2–2,11553,0.7273435471306154,0.575294721602981,94,3056
Synchronous,13,64,structured,edge_distance,3–4,3255,0.9010752688172043,0.6992403538863219,42,280
Synchronous,13,64,structured,edge_distance,5–8,54,0.9444444444444444,0.9583333333333334,0,3
Synchronous,13,64,structured,liberties_vs_grid_light_cone,inside,89799,0.5916324235236473,0.5272680736598924,890,35781
Synchronous,13,64,structured,liberties_vs_grid_light_cone,outside,0,,,0,0
Synchronous,13,128,random,all,all,62337,0.9186197603349535,0.8731945602679083,2944,2129
Synchronous,13,128,random,chain_distance_vs_depth,inside,62337,0.9186197603349535,0.8731945602679083,2944,2129
Synchronous,13,128,random,chain_distance_vs_depth,outside,0,,,0,0
Synchronous,13,128,random,chain_size,0–1,20535,0.9152666179693206,0.8973836673904984,1648,92
Synchronous,13,128,random,chain_size,17–32,927,0.941747572815534,0.941747572815534,0,54
Synchronous,13,128,random,chain_size,2–4,24450,0.9255623721881391,0.8613312160698321,980,840
Synchronous,13,128,random,chain_size,33–64,102,0.8921568627450981,0.8921568627450981,0,11
Synchronous,13,128,random,chain_size,5–8,10827,0.9091160986422832,0.8167829849627679,273,711
Synchronous,13,128,random,chain_size,9–16,5496,0.9155749636098981,0.7017764612859074,43,421
Synchronous,13,128,random,cycle,acyclic,54120,0.9186991869918699,0.8751885959583475,2796,1604
Synchronous,13,128,random,cycle,cyclic,8217,0.9180966289400024,0.8422495146463823,148,525
Synchronous,13,128,random,diameter,0–4,51828,0.9191170795708883,0.8767291826177234,2812,1380
Synchronous,13,128,random,diameter,17–31,102,0.8921568627450981,0.8921568627450981,0,11
Synchronous,13,128,random,diameter,5–8,8133,0.9128242960777081,0.7822013347617214,132,577
Synchronous,13,128,random,diameter,9–16,2274,0.9291996481970096,0.9291996481970096,0,161
Synchronous,13,128,random,edge_distance,0–0,27630,0.928519724936663,0.9121660289233781,969,1006
Synchronous,13,128,random,edge_distance,1–1,12261,0.9057173150640241,0.815841998978154,676,480
Synchronous,13,128,random,edge_distance,2–2,10179,0.9089301503094607,0.8137458774279329,549,378
Synchronous,13,128,random,edge_distance,3–4,10575,0.9186761229314421,0.8270228792596908,614,246
Synchronous,13,128,random,edge_distance,5–8,1692,0.9083924349881797,0.831329159685416,136,19
Synchronous,13,128,random,liberties_vs_grid_light_cone,inside,62337,0.9186197603349535,0.8731945602679083,2944,2129
Synchronous,13,128,random,liberties_vs_grid_light_cone,outside,0,,,0,0
Synchronous,13,128,structured,all,all,89799,0.5530573837125135,0.4975038701945341,2923,37212
Synchronous,13,128,structured,chain_distance_vs_depth,inside,89799,0.5530573837125135,0.4975038701945341,2923,37212
Synchronous,13,128,structured,chain_distance_vs_depth,outside,0,,,0,0
Synchronous,13,128,structured,chain_size,0–1,1851,0.9600216099405726,0.8522820800598577,33,41
Synchronous,13,128,structured,chain_size,17–32,9453,0.5117951972918651,0.4807977779640136,416,4199
Synchronous,13,128,structured,chain_size,2–4,4983,0.8894240417419226,0.8743008252383191,246,305
Synchronous,13,128,structured,chain_size,33–64,10566,0.5570698466780238,0.399142603881101,252,4428
Synchronous,13,128,structured,chain_size,5–8,8226,0.8430585946997325,0.8868585146972641,435,856
Synchronous,13,128,structured,chain_size,65–128,26826,0.12357414448669202,0.27237552110247915,34,23477
Synchronous,13,128,structured,chain_size,9–16,27894,0.8059439305943931,0.7859834480869385,1507,3906
Synchronous,13,128,structured,cycle,acyclic,83259,0.5619452551676095,0.501589111641589,2390,34082
Synchronous,13,128,structured,cycle,cyclic,6540,0.4399082568807339,0.42893968715714165,533,3130
Synchronous,13,128,structured,diameter,0–4,8706,0.8962784286698828,0.8861193949952981,418,485
Synchronous,13,128,structured,diameter,17–31,17481,0.24123333905382988,0.3250209615100088,230,13034
Synchronous,13,128,structured,diameter,32–63,9342,0.5833868550631557,0.42144358315774055,99,3793
Synchronous,13,128,structured,diameter,5–8,11106,0.8033495407887629,0.8259446106983204,483,1701
Synchronous,13,128,structured,diameter,64–127,15111,0.14936139236317914,0.26833325713553013,22,12832
Synchronous,13,128,structured,diameter,9–16,28053,0.7491177414180301,0.636449744979718,1671,5367
Synchronous,13,128,structured,edge_distance,0–0,19731,0.8274289189600121,0.8274289189600121,797,2608
Synchronous,13,128,structured,edge_distance,1–1,55206,0.411495127341231,0.37373707931321376,1555,30934
Synchronous,13,128,structured,edge_distance,2–2,11553,0.693412966329092,0.5782827379658998,475,3067
Synchronous,13,128,structured,edge_distance,3–4,3255,0.7870967741935484,0.6496410046246406,95,598
Synchronous,13,128,structured,edge_distance,5–8,54,0.8888888888888888,0.8194444444444443,1,5
Synchronous,13,128,structured,liberties_vs_grid_light_cone,inside,89799,0.5530573837125135,0.4975038701945341,2923,37212
Synchronous,13,128,structured,liberties_vs_grid_light_cone,outside,0,,,0,0
Synchronous,13,256,random,all,all,62337,0.770120474196705,0.7233038605813891,6169,8161
Synchronous,13,256,random,chain_distance_vs_depth,inside,62337,0.770120474196705,0.7233038605813891,6169,8161
Synchronous,13,256,random,chain_distance_vs_depth,outside,0,,,0,0
Synchronous,13,256,random,chain_size,0–1,20535,0.7910396883369857,0.7574392046408683,3693,598
Synchronous,13,256,random,chain_size,17–32,927,0.8101402373247033,0.8101402373247033,0,176
Synchronous,13,256,random,chain_size,2–4,24450,0.7707566462167689,0.7169786983276971,1961,3644
Synchronous,13,256,random,chain_size,33–64,102,0.7058823529411765,0.7058823529411765,0,30
Synchronous,13,256,random,chain_size,5–8,10827,0.7363997413872726,0.6755084097803199,461,2393
Synchronous,13,256,random,chain_size,9–16,5496,0.75,0.632389044754034,54,1320
Synchronous,13,256,random,cycle,acyclic,54120,0.7727087952697709,0.725217729528147,5910,6391
Synchronous,13,256,random,cycle,cyclic,8217,0.7530728976512109,0.6950797695407133,259,1770
Synchronous,13,256,random,diameter,0–4,51828,0.7743883615034345,0.7262521056389944,5984,5709
Synchronous,13,256,random,diameter,17–31,102,0.7058823529411765,0.7058823529411765,0,30
Synchronous,13,256,random,diameter,5–8,8133,0.7433911225869912,0.6547823520643474,185,1902
Synchronous,13,256,random,diameter,9–16,2274,0.7713280562884784,0.7713280562884784,0,520
Synchronous,13,256,random,edge_distance,0–0,27630,0.786391603329714,0.7769493514809881,2348,3554
Synchronous,13,256,random,edge_distance,1–1,12261,0.7646195253241986,0.6711557812113933,1179,1707
Synchronous,13,256,random,edge_distance,2–2,10179,0.7497789566755084,0.636593370342325,1079,1468
Synchronous,13,256,random,edge_distance,3–4,10575,0.7552718676122931,0.6353711487914931,1292,1296
Synchronous,13,256,random,edge_distance,5–8,1692,0.7594562647754137,0.6544466176318124,271,136
Synchronous,13,256,random,liberties_vs_grid_light_cone,inside,62337,0.770120474196705,0.7233038605813891,6169,8161
Synchronous,13,256,random,liberties_vs_grid_light_cone,outside,0,,,0,0
Synchronous,13,256,structured,all,all,89799,0.5262085323890021,0.47765277591602673,5958,36588
Synchronous,13,256,structured,chain_distance_vs_depth,inside,89799,0.5262085323890021,0.47765277591602673,5958,36588
Synchronous,13,256,structured,chain_distance_vs_depth,outside,0,,,0,0
Synchronous,13,256,structured,chain_size,0–1,1851,0.8665586169638033,0.7722222222222221,77,170
Synchronous,13,256,structured,chain_size,17–32,9453,0.47984766740717233,0.4709844911734353,1040,3877
Synchronous,13,256,structured,chain_size,2–4,4983,0.7880794701986755,0.7915086156462112,510,546
Synchronous,13,256,structured,chain_size,33–64,10566,0.5348286958167707,0.3932421332977537,724,4191
Synchronous,13,256,structured,chain_size,5–8,8226,0.7583272550449793,0.8036612360911143,878,1110
Synchronous,13,256,structured,chain_size,65–128,26826,0.15320957280250502,0.2888030753099308,207,22509
Synchronous,13,256,structured,chain_size,9–16,27894,0.7595540259554026,0.7542024508123942,2522,4185
Synchronous,13,256,structured,cycle,acyclic,83259,0.5379478494817377,0.48160254653782836,4664,33806
Synchronous,13,256,structured,cycle,cyclic,6540,0.3767584097859327,0.3672530206731851,1294,2782
Synchronous,13,256,structured,diameter,0–4,8706,0.7941649437169768,0.7859814207604803,871,921
Synchronous,13,256,structured,diameter,17–31,17481,0.25278874206281104,0.3238617314015971,542,12520
Synchronous,13,256,structured,diameter,32–63,9342,0.5733247698565618,0.4027576277237994,383,3603
Synchronous,13,256,structured,diameter,5–8,11106,0.7454529083378354,0.7739704820219668,900,1927
Synchronous,13,256,structured,diameter,64–127,15111,0.1740453973926279,0.28232450069418824,139,12342
Synchronous,13,256,structured,diameter,9–16,28053,0.7006380779239297,0.631646007436206,3123,5275
Synchronous,13,256,structured,edge_distance,0–0,19731,0.7651411484466069,0.7651411484466069,1456,3178
Synchronous,13,256,structured,edge_distance,1–1,55206,0.4039234865775459,0.3713137823068987,3127,29780
Synchronous,13,256,structured,edge_distance,2–2,11553,0.6399203670042414,0.5679676195339237,1197,2963
Synchronous,13,256,structured,edge_distance,3–4,3255,0.7443932411674347,0.6191331836433916,176,656
Synchronous,13,256,structured,edge_distance,5–8,54,0.7592592592592593,0.7237654320987654,2,11
Synchronous,13,256,structured,liberties_vs_grid_light_cone,inside,89799,0.5262085323890021,0.47765277591602673,5958,36588
Synchronous,13,256,structured,liberties_vs_grid_light_cone,outside,0,,,0,0
Synchronous,19,32,random,all,all,64446,0.9981069422462217,0.9972186309421889,77,45
Synchronous,19,32,random,chain_distance_vs_depth,inside,64446,0.9981069422462217,0.9972186309421889,77,45
Synchronous,19,32,random,chain_distance_vs_depth,outside,0,,,0,0
Synchronous,19,32,random,chain_size,0–1,21609,0.999953722985793,0.999968847352025,0,1
Synchronous,19,32,random,chain_size,17–32,1143,1.0,1.0,0,0
Synchronous,19,32,random,chain_size,2–4,24291,0.9995471573833931,0.9988558807128254,9,2
Synchronous,19,32,random,chain_size,33–64,228,1.0,1.0,0,0
Synchronous,19,32,random,chain_size,5–8,10983,0.9932623144860239,0.9600758292978546,42,32
Synchronous,19,32,random,chain_size,9–16,6192,0.9941860465116279,0.8669943914160957,26,10
Synchronous,19,32,random,cycle,acyclic,55752,0.9991031711866839,0.998968925605779,28,22
Synchronous,19,32,random,cycle,cyclic,8694,0.9917184265010351,0.9333886863773013,49,23
Synchronous,19,32,random,diameter,0–4,53040,0.9986990950226244,0.9981159583176049,43,26
Synchronous,19,32,random,diameter,17–31,306,1.0,1.0,0,0
Synchronous,19,32,random,diameter,5–8,8307,0.9936198386902613,0.941198542269288,34,19
Synchronous,19,32,random,diameter,9–16,2793,1.0,1.0,0,0
Synchronous,19,32,random,edge_distance,0–0,20649,0.9968037193084411,0.9958071532429928,49,17
Synchronous,19,32,random,edge_distance,1–1,10350,0.9998067632850242,0.9998408200688833,0,2
Synchronous,19,32,random,edge_distance,2–2,9327,0.9969979629033987,0.9929499079734799,25,3
Synchronous,19,32,random,edge_distance,3–4,13287,0.9989463385263792,0.9989339549219023,1,13
Synchronous,19,32,random,edge_distance,5–8,10770,0.9988857938718663,0.9992678149158059,2,10
Synchronous,19,32,random,edge_distance,9+,63,1.0,1.0,0,0
Synchronous,19,32,random,liberties_vs_grid_light_cone,inside,64446,0.9981069422462217,0.9972186309421889,77,45
Synchronous,19,32,random,liberties_vs_grid_light_cone,outside,0,,,0,0
Synchronous,19,32,structured,all,all,101709,0.5539922720703183,0.4488494895673021,2314,43049
Synchronous,19,32,structured,chain_distance_vs_depth,inside,49557,0.7974655447262748,0.6486569175211554,1949,8088
Synchronous,19,32,structured,chain_distance_vs_depth,outside,52152,0.3226338395459426,0.2962844622179887,365,34961
Synchronous,19,32,structured,chain_size,0–1,1323,1.0,1.0,0,0
Synchronous,19,32,structured,chain_size,129+,39318,0.24706241416145278,0.252660225510769,10,29594
Synchronous,19,32,structured,chain_size,17–32,13077,0.6941194463561979,0.6556152219244046,0,4000
Synchronous,19,32,structured,chain_size,2–4,2292,0.993455497382199,0.9978885135135135,0,15
Synchronous,19,32,structured,chain_size,33–64,8217,0.5059023974686625,0.4782341094256808,11,4049
Synchronous,19,32,structured,chain_size,5–8,2805,0.9058823529411765,0.9426857221324376,8,256
Synchronous,19,32,structured,chain_size,65–128,8013,0.5521028328965432,0.27732978618892046,344,3245
Synchronous,19,32,structured,chain_size,9–16,26664,0.8563231323132313,0.734470201214829,1941,1890
Synchronous,19,32,structured,cycle,acyclic,96525,0.5613468013468014,0.447191012682744,2314,40027
Synchronous,19,32,structured,cycle,cyclic,5184,0.41705246913580246,0.39631899196080245,0,3022
Synchronous,19,32,structured,diameter,0–4,4065,0.992619926199262,0.9976894639556377,0,30
Synchronous,19,32,structured,diameter,128+,20481,0.23602363165861043,0.2527322404371585,0,15647
Synchronous,19,32,structured,diameter,17–31,4968,0.5239533011272142,0.44510783069557464,0,2365
Synchronous,19,32,structured,diameter,32–63,23658,0.3198917913602164,0.3204910169314551,21,16069
Synchronous,19,32,structured,diameter,5–8,3321,0.8955133995784402,0.8837005592615053,17,330
Synchronous,19,32,structured,diameter,64–127,8013,0.5521028328965432,0.27732978618892046,344,3245
Synchronous,19,32,structured,diameter,9–16,37203,0.8039136628766498,0.6536807318087332,1932,5363
Synchronous,19,32,structured,edge_distance,0–0,16620,0.7975932611311672,0.7975932611311672,0,3364
Synchronous,19,32,structured,edge_distance,1–1,68028,0.44957958487681543,0.3008302074575477,2073,35371
Synchronous,19,32,structured,edge_distance,2–2,9729,0.7403638606228801,0.5627050559700164,200,2326
Synchronous,19,32,structured,edge_distance,3–4,6294,0.702097235462345,0.49991858486124113,22,1853
Synchronous,19,32,structured,edge_distance,5–8,1038,0.8516377649325626,0.6951735916151975,19,135
Synchronous,19,32,structured,liberties_vs_grid_light_cone,inside,101709,0.5539922720703183,0.4488494895673021,2314,43049
Synchronous,19,32,structured,liberties_vs_grid_light_cone,outside,0,,,0,0
Synchronous,19,64,random,all,all,64446,0.992707072587903,0.9834099634370904,390,80
Synchronous,19,64,random,chain_distance_vs_depth,inside,64446,0.992707072587903,0.9834099634370904,390,80
Synchronous,19,64,random,chain_distance_vs_depth,outside,0,,,0,0
Synchronous,19,64,random,chain_size,0–1,21609,0.9944004812809477,0.9921819176929151,107,14
Synchronous,19,64,random,chain_size,17–32,1143,0.9991251093613298,0.9991251093613298,0,1
Synchronous,19,64,random,chain_size,2–4,24291,0.9931661932402948,0.9751726971269656,150,16
Synchronous,19,64,random,chain_size,33–64,228,1.0,1.0,0,0
Synchronous,19,64,random,chain_size,5–8,10983,0.9888919238823637,0.9185327633793174,98,24
Synchronous,19,64,random,chain_size,9–16,6192,0.9903100775193798,0.8104292270600638,35,25
Synchronous,19,64,random,cycle,acyclic,55752,0.9934172765102597,0.9857715608238338,308,59
Synchronous,19,64,random,cycle,cyclic,8694,0.9881527490223142,0.8920582240980722,82,21
Synchronous,19,64,random,diameter,0–4,53040,0.9929110105580694,0.9849546087098657,339,37
Synchronous,19,64,random,diameter,17–31,306,1.0,1.0,0,0
Synchronous,19,64,random,diameter,5–8,8307,0.9892861442157217,0.8945343269435048,51,38
Synchronous,19,64,random,diameter,9–16,2793,0.9982098102398854,0.9826094824466161,0,5
Synchronous,19,64,random,edge_distance,0–0,20649,0.9920577267664293,0.9870262076952474,129,35
Synchronous,19,64,random,edge_distance,1–1,10350,0.9942028985507246,0.9772085261029448,48,12
Synchronous,19,64,random,edge_distance,2–2,9327,0.989064007719524,0.9706456767836011,90,12
Synchronous,19,64,random,edge_distance,3–4,13287,0.9953337849025363,0.9855098867472347,56,6
Synchronous,19,64,random,edge_distance,5–8,10770,0.9923862581244197,0.9815568495815706,67,15
Synchronous,19,64,random,edge_distance,9+,63,1.0,1.0,0,0
Synchronous,19,64,random,liberties_vs_grid_light_cone,inside,64446,0.992707072587903,0.9834099634370904,390,80
Synchronous,19,64,random,liberties_vs_grid_light_cone,outside,0,,,0,0
Synchronous,19,64,structured,all,all,101709,0.5368748095055501,0.43653057785865973,2695,44409
Synchronous,19,64,structured,chain_distance_vs_depth,inside,73215,0.6213754012155979,0.49469709413763696,2323,25398
Synchronous,19,64,structured,chain_distance_vs_depth,outside,28494,0.31975152663718676,0.2579063823855524,372,19011
Synchronous,19,64,structured,chain_size,0–1,1323,0.9947089947089947,0.9918767507002801,0,7
Synchronous,19,64,structured,chain_size,129+,39318,0.24635027213998678,0.25193229468587713,43,29589
Synchronous,19,64,structured,chain_size,17–32,13077,0.6396727078076011,0.6349104126754732,81,4631
Synchronous,19,64,structured,chain_size,2–4,2292,0.9589877835951134,0.9827106518282989,25,69
Synchronous,19,64,structured,chain_size,33–64,8217,0.49178532311062434,0.467264482846632,52,4124
Synchronous,19,64,structured,chain_size,5–8,2805,0.8409982174688057,0.8994225307159046,96,350
Synchronous,19,64,structured,chain_size,65–128,8013,0.5358791963060028,0.2676267680853154,356,3363
Synchronous,19,64,structured,chain_size,9–16,26664,0.838058805880588,0.7099532159692367,2042,2276
Synchronous,19,64,structured,cycle,acyclic,96525,0.5437140637140637,0.4347424385285984,2671,41372
Synchronous,19,64,structured,cycle,cyclic,5184,0.4095293209876543,0.3810656504441631,24,3037
Synchronous,19,64,structured,diameter,0–4,4065,0.9626076260762607,0.9808079631363513,32,120
Synchronous,19,64,structured,diameter,128+,20481,0.2351935940627899,0.25184322725563446,16,15648
Synchronous,19,64,structured,diameter,17–31,4968,0.5124798711755234,0.43408016761202783,51,2371
Synchronous,19,64,structured,diameter,32–63,23658,0.3156648913686702,0.3167815275849796,55,16135
Synchronous,19,64,structured,diameter,5–8,3321,0.8376994881059922,0.8358849566362918,110,429
Synchronous,19,64,structured,diameter,64–127,8013,0.5358791963060028,0.2676267680853154,356,3363
Synchronous,19,64,structured,diameter,9–16,37203,0.7737279251673252,0.6396088064968377,2075,6343
Synchronous,19,64,structured,edge_distance,0–0,16620,0.7321901323706378,0.7321901323706378,122,4329
Synchronous,19,64,structured,edge_distance,1–1,68028,0.4432439583700829,0.29394616631178433,2238,35637
Synchronous,19,64,structured,edge_distance,2–2,9729,0.7210401891252955,0.5399007530612252,279,2435
Synchronous,19,64,structured,edge_distance,3–4,6294,0.6965363838576422,0.4931907971257429,37,1873
Synchronous,19,64,structured,edge_distance,5–8,1038,0.8516377649325626,0.6182505146921204,19,135
Synchronous,19,64,structured,liberties_vs_grid_light_cone,inside,101709,0.5368748095055501,0.43653057785865973,2695,44409
Synchronous,19,64,structured,liberties_vs_grid_light_cone,outside,0,,,0,0
Synchronous,19,128,random,all,all,64446,0.925798342798622,0.8655840747926687,2861,1921
Synchronous,19,128,random,chain_distance_vs_depth,inside,64446,0.925798342798622,0.8655840747926687,2861,1921
Synchronous,19,128,random,chain_distance_vs_depth,outside,0,,,0,0
Synchronous,19,128,random,chain_size,0–1,21609,0.9201258734786432,0.8892365080664948,1637,89
Synchronous,19,128,random,chain_size,17–32,1143,0.9536307961504812,0.9536307961504812,0,53
Synchronous,19,128,random,chain_size,2–4,24291,0.9312090897863406,0.8482277818579352,959,712
Synchronous,19,128,random,chain_size,33–64,228,0.9649122807017544,0.9649122807017544,0,8
Synchronous,19,128,random,chain_size,5–8,10983,0.9203314212874443,0.7820952607362086,215,660
Synchronous,19,128,random,chain_size,9–16,6192,0.9274870801033591,0.7347862782379938,50,399
Synchronous,19,128,random,cycle,acyclic,55752,0.9249533649017075,0.868308396605707,2722,1462
Synchronous,19,128,random,cycle,cyclic,8694,0.9312169312169312,0.7738382498913808,139,459
Synchronous,19,128,random,diameter,0–4,53040,0.9253393665158371,0.8688542078495028,2786,1174
Synchronous,19,128,random,diameter,17–31,306,0.9738562091503268,0.9738562091503268,0,8
Synchronous,19,128,random,diameter,5–8,8307,0.922836162272782,0.8194083280220946,72,569
Synchronous,19,128,random,diameter,9–16,2793,0.9380594343000358,0.9027506333695259,3,170
Synchronous,19,128,random,edge_distance,0–0,20649,0.9312315366361568,0.9068247938100549,765,655
Synchronous,19,128,random,edge_distance,1–1,10350,0.928695652173913,0.8420461199958011,363,375
Synchronous,19,128,random,edge_distance,2–2,9327,0.9118687680926343,0.8104571249059602,461,361
Synchronous,19,128,random,edge_distance,3–4,13287,0.9297057274027245,0.835091351263245,616,318
Synchronous,19,128,random,edge_distance,5–8,10770,0.9199628597957289,0.823518356669942,651,211
Synchronous,19,128,random,edge_distance,9+,63,0.9047619047619048,0.8630952380952381,5,1
Synchronous,19,128,random,liberties_vs_grid_light_cone,inside,64446,0.925798342798622,0.8655840747926687,2861,1921
Synchronous,19,128,random,liberties_vs_grid_light_cone,outside,0,,,0,0
Synchronous,19,128,structured,all,all,101709,0.5087455387428841,0.414383536684401,3916,46049
Synchronous,19,128,structured,chain_distance_vs_depth,inside,81228,0.5769685330181711,0.45585695107717183,3811,30551
Synchronous,19,128,structured,chain_distance_vs_depth,outside,20481,0.23817196425955764,0.25391421966403704,105,15498
Synchronous,19,128,structured,chain_size,0–1,1323,0.9554043839758125,0.9593059446000622,5,54
Synchronous,19,128,structured,chain_size,129+,39318,0.2482069281245231,0.2537461943329954,156,29403
Synchronous,19,128,structured,chain_size,17–32,13077,0.5566261374933089,0.5941835593990987,326,5472
Synchronous,19,128,structured,chain_size,2–4,2292,0.9013961605584643,0.9407155317081787,66,160
Synchronous,19,128,structured,chain_size,33–64,8217,0.44773031520019474,0.4272107347063845,337,4201
Synchronous,19,128,structured,chain_size,5–8,2805,0.7679144385026738,0.8472789121472457,196,455
Synchronous,19,128,structured,chain_size,65–128,8013,0.5152876575564708,0.2612288366507002,373,3511
Synchronous,19,128,structured,chain_size,9–16,26664,0.803105310531053,0.6769268324636192,2457,2793
Synchronous,19,128,structured,cycle,acyclic,96525,0.5152861952861952,0.4121575878536527,3643,43144
Synchronous,19,128,structured,cycle,cyclic,5184,0.3869598765432099,0.39417203883767893,273,2905
Synchronous,19,128,structured,diameter,0–4,4065,0.9116851168511685,0.9289403285304567,88,271
Synchronous,19,128,structured,diameter,128+,20481,0.23817196425955764,0.25391421966403704,105,15498
Synchronous,19,128,structured,diameter,17–31,4968,0.47302737520128824,0.40699277643011844,322,2296
Synchronous,19,128,structured,diameter,32–63,23658,0.3054357933891284,0.3093289900882171,115,16317
Synchronous,19,128,structured,diameter,5–8,3321,0.7515808491418248,0.8050726953013774,249,576
Synchronous,19,128,structured,diameter,64–127,8013,0.5152876575564708,0.2612288366507002,373,3511
Synchronous,19,128,structured,diameter,9–16,37203,0.7246458618928581,0.6037061263441532,2664,7580
Synchronous,19,128,structured,edge_distance,0–0,16620,0.6390493381468111,0.6390493381468111,534,5465
Synchronous,19,128,structured,edge_distance,1–1,68028,0.43357147057094136,0.28666853676586856,2813,35720
Synchronous,19,128,structured,edge_distance,2–2,9729,0.6814677767499229,0.5173923884039258,361,2738
Synchronous,19,128,structured,edge_distance,3–4,6294,0.6650778519224658,0.48449693460546644,189,1919
Synchronous,19,128,structured,edge_distance,5–8,1038,0.7822736030828517,0.5885559445563739,19,207
Synchronous,19,128,structured,liberties_vs_grid_light_cone,inside,101709,0.5087455387428841,0.414383536684401,3916,46049
Synchronous,19,128,structured,liberties_vs_grid_light_cone,outside,0,,,0,0
Synchronous,19,256,random,all,all,64446,0.7770226235918444,0.7098445959682288,5954,8416
Synchronous,19,256,random,chain_distance_vs_depth,inside,64446,0.7770226235918444,0.7098445959682288,5954,8416
Synchronous,19,256,random,chain_distance_vs_depth,outside,0,,,0,0
Synchronous,19,256,random,chain_size,0–1,21609,0.7973992318015641,0.7413654486352628,3695,683
Synchronous,19,256,random,chain_size,17–32,1143,0.8145231846019247,0.8145231846019247,0,212
Synchronous,19,256,random,chain_size,2–4,24291,0.7732905191223087,0.7004871648018516,1870,3637
Synchronous,19,256,random,chain_size,33–64,228,0.7850877192982456,0.7850877192982456,0,49
Synchronous,19,256,random,chain_size,5–8,10983,0.7466994445961941,0.6493247874142536,326,2456
Synchronous,19,256,random,chain_size,9–16,6192,0.7671188630490956,0.6252883117875808,63,1379
Synchronous,19,256,random,cycle,acyclic,55752,0.7781783613143923,0.7116461502847226,5765,6602
Synchronous,19,256,random,cycle,cyclic,8694,0.7696112261329653,0.6534580971962376,189,1814
Synchronous,19,256,random,diameter,0–4,53040,0.7789969834087481,0.7122201845705526,5850,5872
Synchronous,19,256,random,diameter,17–31,306,0.8366013071895425,0.8366013071895425,0,50
Synchronous,19,256,random,diameter,5–8,8307,0.7574334898278561,0.6839665963948947,101,1914
Synchronous,19,256,random,diameter,9–16,2793,0.7912638739706409,0.8285559174809989,3,580
Synchronous,19,256,random,edge_distance,0–0,20649,0.7917090416000775,0.775556330179357,1717,2584
Synchronous,19,256,random,edge_distance,1–1,10350,0.7827053140096618,0.6767194780227054,790,1459
Synchronous,19,256,random,edge_distance,2–2,9327,0.7577999356706336,0.6445657689731237,838,1421
Synchronous,19,256,random,edge_distance,3–4,13287,0.7744411831113118,0.6473476041380344,1303,1694
Synchronous,19,256,random,edge_distance,5–8,10770,0.7637883008356546,0.6400430029799109,1290,1254
Synchronous,19,256,random,edge_distance,9+,63,0.6825396825396826,0.6288690476190476,16,4
Synchronous,19,256,random,liberties_vs_grid_light_cone,inside,64446,0.7770226235918444,0.7098445959682288,5954,8416
Synchronous,19,256,random,liberties_vs_grid_light_cone,outside,0,,,0,0
Synchronous,19,256,structured,all,all,101709,0.4915297564620633,0.4042964652131978,5271,46445
Synchronous,19,256,structured,chain_distance_vs_depth,inside,101709,0.4915297564620633,0.4042964652131978,5271,46445
Synchronous,19,256,structured,chain_distance_vs_depth,outside,0,,,0,0
Synchronous,19,256,structured,chain_size,0–1,1323,0.8866213151927438,0.9540460628695923,4,146
Synchronous,19,256,structured,chain_size,129+,39318,0.24932600844396968,0.25483752579710406,306,29209
Synchronous,19,256,structured,chain_size,17–32,13077,0.5232851571461344,0.5956966756050226,480,5754
Synchronous,19,256,structured,chain_size,2–4,2292,0.8315881326352531,0.9002025922981804,116,270
Synchronous,19,256,structured,chain_size,33–64,8217,0.43312644517463794,0.43673115348013325,742,3916
Synchronous,19,256,structured,chain_size,5–8,2805,0.7165775401069518,0.8080313986388707,262,533
Synchronous,19,256,structured,chain_size,65–128,8013,0.5125421190565331,0.25403537320265124,378,3528
Synchronous,19,256,structured,chain_size,9–16,26664,0.7722772277227723,0.6364612823025552,2983,3089
Synchronous,19,256,structured,cycle,acyclic,96525,0.497021497021497,0.39669966043138766,4520,44030
Synchronous,19,256,structured,cycle,cyclic,5184,0.38927469135802467,0.3654548602533222,751,2415
Synchronous,19,256,structured,diameter,0–4,4065,0.8460024600246002,0.9029498168498801,141,485
Synchronous,19,256,structured,diameter,128+,20481,0.23944143352375372,0.2548425783095539,193,15384
Synchronous,19,256,structured,diameter,17–31,4968,0.44605475040257647,0.40529139845484174,742,2010
Synchronous,19,256,structured,diameter,32–63,23658,0.3052667173894666,0.3120567483120816,178,16258
Synchronous,19,256,structured,diameter,5–8,3321,0.7034025895814514,0.7734873990185127,326,659
Synchronous,19,256,structured,diameter,64–127,8013,0.5125421190565331,0.25403537320265124,378,3528
Synchronous,19,256,structured,diameter,9–16,37203,0.6926591941510093,0.6043525912283658,3313,8121
Synchronous,19,256,structured,edge_distance,0–0,16620,0.5873646209386282,0.5873646209386282,727,6131
Synchronous,19,256,structured,edge_distance,1–1,68028,0.4272505438936908,0.2856611215263793,3554,35409
Synchronous,19,256,structured,edge_distance,2–2,9729,0.6603967519786206,0.566723546995495,512,2792
Synchronous,19,256,structured,edge_distance,3–4,6294,0.626946298061646,0.5007466755348895,448,1900
Synchronous,19,256,structured,edge_distance,5–8,1038,0.7658959537572254,0.5803545870903105,30,213
Synchronous,19,256,structured,liberties_vs_grid_light_cone,inside,101709,0.4915297564620633,0.4042964652131978,5271,46445
Synchronous,19,256,structured,liberties_vs_grid_light_cone,outside,0,,,0,0
Synchronous,25,32,random,all,all,61599,0.9989123200051949,0.9984316660196272,40,27
Synchronous,25,32,random,chain_distance_vs_depth,inside,61599,0.9989123200051949,0.9984316660196272,40,27
Synchronous,25,32,random,chain_distance_vs_depth,outside,0,,,0,0
Synchronous,25,32,random,chain_size,0–1,17862,1.0,1.0,0,0
Synchronous,25,32,random,chain_size,17–32,1794,0.9988851727982163,0.9988851727982163,0,2
Synchronous,25,32,random,chain_size,2–4,23064,0.9993929934096427,0.9983030353742965,9,5
Synchronous,25,32,random,chain_size,5–8,12171,0.9963848492317805,0.9885996436476654,30,14
Synchronous,25,32,random,chain_size,9–16,6708,0.9989564698867024,0.9855313516648704,1,6
Synchronous,25,32,random,cycle,acyclic,51777,0.9990343202580296,0.9987139883726541,31,19
Synchronous,25,32,random,cycle,cyclic,9822,0.99826919161067,0.9914704844492336,9,8
Synchronous,25,32,random,diameter,0–4,48864,0.9990995415848068,0.9987324631834533,39,5
Synchronous,25,32,random,diameter,17–31,249,0.9959839357429718,0.9959839357429718,0,1
Synchronous,25,32,random,diameter,5–8,9216,0.9981553819444444,0.9926225586208071,1,16
Synchronous,25,32,random,diameter,9–16,3270,0.9984709480122325,0.9522260577093291,0,5
Synchronous,25,32,random,edge_distance,0–0,16437,0.9995132931800207,0.9993955774910964,1,7
Synchronous,25,32,random,edge_distance,1–1,7521,0.9984044674910252,0.9967672245270921,12,0
Synchronous,25,32,random,edge_distance,2–2,7155,0.9987421383647799,0.9995091623036649,0,9
Synchronous,25,32,random,edge_distance,3–4,12114,0.9975235264982665,0.9950982353271469,24,6
Synchronous,25,32,random,edge_distance,5–8,15036,0.9994679436020218,0.9993097161195453,3,5
Synchronous,25,32,random,edge_distance,9+,3336,1.0,1.0,0,0
Synchronous,25,32,random,liberties_vs_grid_light_cone,inside,61599,0.9989123200051949,0.9984316660196272,40,27
Synchronous,25,32,random,liberties_vs_grid_light_cone,outside,0,,,0,0
Synchronous,25,32,structured,all,all,88455,0.5737380589000056,0.41018599905575537,2417,35288
Synchronous,25,32,structured,chain_distance_vs_depth,inside,37599,0.8152876406287402,0.6685445013878424,1822,5123
Synchronous,25,32,structured,chain_distance_vs_depth,outside,50856,0.3951549473021866,0.2915364578032031,595,30165
Synchronous,25,32,structured,chain_size,0–1,708,1.0,1.0,0,0
Synchronous,25,32,structured,chain_size,129+,43851,0.373013158194796,0.2509502375829637,545,26949
Synchronous,25,32,structured,chain_size,17–32,28686,0.8208533779544028,0.6690612998251939,1758,3381
Synchronous,25,32,structured,chain_size,2–4,1791,0.9916247906197655,0.9977022058823529,0,15
Synchronous,25,32,structured,chain_size,33–64,3204,0.6089263420724095,0.5522445820433437,0,1253
Synchronous,25,32,structured,chain_size,5–8,885,0.7988700564971751,0.8653841569524899,8,170
Synchronous,25,32,structured,chain_size,65–128,5433,0.47947726854408246,0.44673569565628685,50,2778
Synchronous,25,32,structured,chain_size,9–16,3897,0.7952270977675134,0.8324229478181264,56,742
Synchronous,25,32,structured,cycle,acyclic,85035,0.5789498441818075,0.4063290972670036,2417,33387
Synchronous,25,32,structured,cycle,cyclic,3420,0.44415204678362574,0.41827147525676933,0,1901
Synchronous,25,32,structured,diameter,0–4,2652,0.9875565610859729,0.9965408805031446,0,33
Synchronous,25,32,structured,diameter,128+,30936,0.44604990949056117,0.2549014154771346,520,16617
Synchronous,25,32,structured,diameter,17–31,29757,0.8041805289511712,0.6266911731805712,1716,4111
Synchronous,25,32,structured,diameter,32–63,3360,0.5464285714285714,0.46626761996844945,0,1524
Synchronous,25,32,structured,diameter,5–8,921,0.7741585233441911,0.8661186696900982,8,200
Synchronous,25,32,structured,diameter,64–127,16560,0.2693840579710145,0.3031269308692434,75,12024
Synchronous,25,32,structured,diameter,9–16,4269,0.7945654720074959,0.8145470004165656,98,779
Synchronous,25,32,structured,edge_distance,0–0,11508,0.7681612791101842,0.7681612791101842,7,2661
Synchronous,25,32,structured,edge_distance,1–1,63999,0.49588274816794015,0.2900548185085511,1988,30275
Synchronous,25,32,structured,edge_distance,2–2,6453,0.8276770494343716,0.5367100025631011,333,779
Synchronous,25,32,structured,edge_distance,3–4,3978,0.693815987933635,0.5307150572908363,39,1179
Synchronous,25,32,structured,edge_distance,5–8,2514,0.8233890214797136,0.7435762571566531,50,394
Synchronous,25,32,structured,edge_distance,9+,3,1.0,1.0,0,0
Synchronous,25,32,structured,liberties_vs_grid_light_cone,inside,88455,0.5737380589000056,0.41018599905575537,2417,35288
Synchronous,25,32,structured,liberties_vs_grid_light_cone,outside,0,,,0,0
Synchronous,25,64,random,all,all,61599,0.9924511761554571,0.9833546295291943,388,77
Synchronous,25,64,random,chain_distance_vs_depth,inside,61599,0.9924511761554571,0.9833546295291943,388,77
Synchronous,25,64,random,chain_distance_vs_depth,outside,0,,,0,0
Synchronous,25,64,random,chain_size,0–1,17862,0.9938976598365244,0.992653511964844,104,5
Synchronous,25,64,random,chain_size,17–32,1794,0.9994425863991081,0.9994425863991081,0,1
Synchronous,25,64,random,chain_size,2–4,23064,0.9911116892126257,0.971998685967713,185,20
Synchronous,25,64,random,chain_size,5–8,12171,0.9903048229397748,0.9507320039757121,91,27
Synchronous,25,64,random,chain_size,9–16,6708,0.9952295766249255,0.9343899957251836,8,24
Synchronous,25,64,random,cycle,acyclic,51777,0.9920621125210035,0.9841447957947288,349,62
Synchronous,25,64,random,cycle,cyclic,9822,0.9945021380574222,0.9651967779006163,39,15
Synchronous,25,64,random,diameter,0–4,48864,0.9918344793713163,0.9844005610684067,369,30
Synchronous,25,64,random,diameter,17–31,249,0.9959839357429718,0.9959839357429718,0,1
Synchronous,25,64,random,diameter,5–8,9216,0.9929470486111112,0.9440118761346561,19,46
Synchronous,25,64,random,diameter,9–16,3270,1.0,1.0,0,0
Synchronous,25,64,random,edge_distance,0–0,16437,0.9947679016852223,0.9906341825196131,69,17
Synchronous,25,64,random,edge_distance,1–1,7521,0.9922882595399548,0.9800424788464133,51,7
Synchronous,25,64,random,edge_distance,2–2,7155,0.9914744933612858,0.9789366523844671,41,20
Synchronous,25,64,random,edge_distance,3–4,12114,0.9885256727753013,0.9691777473677328,120,19
Synchronous,25,64,random,edge_distance,5–8,15036,0.9936153232242618,0.9851279195014162,83,13
Synchronous,25,64,random,edge_distance,9+,3336,0.992505995203837,0.9849813131686405,24,1
Synchronous,25,64,random,liberties_vs_grid_light_cone,inside,61599,0.9924511761554571,0.9833546295291943,388,77
Synchronous,25,64,random,liberties_vs_grid_light_cone,outside,0,,,0,0
Synchronous,25,64,structured,all,all,88455,0.5626815895087898,0.401074704571053,2458,36225
Synchronous,25,64,structured,chain_distance_vs_depth,inside,40959,0.7765814595082888,0.6129963741143442,1794,7357
Synchronous,25,64,structured,chain_distance_vs_depth,outside,47496,0.3782213239009601,0.2654159098024278,664,28868
Synchronous,25,64,structured,chain_size,0–1,708,0.9957627118644068,0.9985569985569986,0,3
Synchronous,25,64,structured,chain_size,129+,43851,0.3717133018631274,0.24980982656924594,533,27018
Synchronous,25,64,structured,chain_size,17–32,28686,0.805340584257129,0.642898068188896,1670,3914
Synchronous,25,64,structured,chain_size,2–4,1791,0.9581239530988275,0.973250758636788,24,51
Synchronous,25,64,structured,chain_size,33–64,3204,0.6107990012484394,0.5552545579635363,6,1241
Synchronous,25,64,structured,chain_size,5–8,885,0.7401129943502824,0.8244883439047781,23,207
Synchronous,25,64,structured,chain_size,65–128,5433,0.43622308117062397,0.424151728149219,131,2932
Synchronous,25,64,structured,chain_size,9–16,3897,0.7613548883756736,0.8091304816097938,71,859
Synchronous,25,64,structured,cycle,acyclic,85035,0.5670959016875404,0.39648160851723563,2458,34354
Synchronous,25,64,structured,cycle,cyclic,3420,0.4529239766081871,0.4262842957695899,0,1871
Synchronous,25,64,structured,diameter,0–4,2652,0.9581447963800905,0.9752437106918239,25,86
Synchronous,25,64,structured,diameter,128+,30936,0.4439811223170416,0.2526246873684517,503,16698
Synchronous,25,64,structured,diameter,17–31,29757,0.790906341365057,0.6095081482205285,1612,4610
Synchronous,25,64,structured,diameter,32–63,3360,0.5416666666666666,0.4623916509762014,6,1534
Synchronous,25,64,structured,diameter,5–8,921,0.7339847991313789,0.8402874407338693,22,223
Synchronous,25,64,structured,diameter,64–127,16560,0.2553743961352657,0.2939439449246424,161,12170
Synchronous,25,64,structured,diameter,9–16,4269,0.7580229561958304,0.7822515061645495,129,904
Synchronous,25,64,structured,edge_distance,0–0,11508,0.70950643030935,0.70950643030935,118,3225
Synchronous,25,64,structured,edge_distance,1–1,63999,0.4928827012922077,0.2855909435395791,1886,30569
Synchronous,25,64,structured,edge_distance,2–2,6453,0.8174492484115915,0.5037974461281881,350,828
Synchronous,25,64,structured,edge_distance,3–4,3978,0.685771744595274,0.5248347582802257,42,1208
Synchronous,25,64,structured,edge_distance,5–8,2514,0.8182179793158313,0.7406561127589616,62,395
Synchronous,25,64,structured,edge_distance,9+,3,1.0,1.0,0,0
Synchronous,25,64,structured,liberties_vs_grid_light_cone,inside,88455,0.5626815895087898,0.401074704571053,2458,36225
Synchronous,25,64,structured,liberties_vs_grid_light_cone,outside,0,,,0,0
Synchronous,25,128,random,all,all,61599,0.916053832042728,0.8513304080826511,3152,2019
Synchronous,25,128,random,chain_distance_vs_depth,inside,61599,0.916053832042728,0.8513304080826511,3152,2019
Synchronous,25,128,random,chain_distance_vs_depth,outside,0,,,0,0
Synchronous,25,128,random,chain_size,0–1,17862,0.8995633187772926,0.8793574623256413,1739,55
Synchronous,25,128,random,chain_size,17–32,1794,0.9464882943143813,0.9464882943143813,0,96
Synchronous,25,128,random,chain_size,2–4,23064,0.9183142559833507,0.8283568425545216,1073,811
Synchronous,25,128,random,chain_size,5–8,12171,0.9170980198833292,0.7992626437438066,287,722
Synchronous,25,128,random,chain_size,9–16,6708,0.9421586165772212,0.7406623356553816,53,335
Synchronous,25,128,random,cycle,acyclic,51777,0.9124128474032872,0.8536318919621422,2980,1555
Synchronous,25,128,random,cycle,cyclic,9822,0.935247403787416,0.7853398744186634,172,464
Synchronous,25,128,random,diameter,0–4,48864,0.910752292075966,0.8534522019028421,3061,1300
Synchronous,25,128,random,diameter,17–31,249,0.9437751004016064,0.9437751004016064,0,14
Synchronous,25,128,random,diameter,5–8,9216,0.9320746527777778,0.7813780731380944,91,535
Synchronous,25,128,random,diameter,9–16,3270,0.9480122324159022,0.9736679058240396,0,170
Synchronous,25,128,random,edge_distance,0–0,16437,0.9252905031331752,0.9021096582518295,630,598
Synchronous,25,128,random,edge_distance,1–1,7521,0.9149049328546736,0.8347029436514637,356,284
Synchronous,25,128,random,edge_distance,2–2,7155,0.9055206149545773,0.8170131816358768,358,318
Synchronous,25,128,random,edge_distance,3–4,12114,0.9150569588905398,0.8143201014548118,702,327
Synchronous,25,128,random,edge_distance,5–8,15036,0.9138068635275339,0.8178496737378402,887,409
Synchronous,25,128,random,edge_distance,9+,3336,0.9094724220623501,0.8317165317219656,219,83
Synchronous,25,128,random,liberties_vs_grid_light_cone,inside,61599,0.916053832042728,0.8513304080826511,3152,2019
Synchronous,25,128,random,liberties_vs_grid_light_cone,outside,0,,,0,0
Synchronous,25,128,structured,all,all,88455,0.5390198405969137,0.38299450108669536,3249,37527
Synchronous,25,128,structured,chain_distance_vs_depth,inside,57519,0.5914915071541578,0.4657856925089059,2606,20891
Synchronous,25,128,structured,chain_distance_vs_depth,outside,30936,0.44145978794931473,0.25067083196750234,643,16636
Synchronous,25,128,structured,chain_size,0–1,708,0.9096045197740112,0.9419191919191919,11,53
Synchronous,25,128,structured,chain_size,129+,43851,0.370892339969442,0.25053595943926565,689,26898
Synchronous,25,128,structured,chain_size,17–32,28686,0.7634386111692114,0.6025110226329544,1945,4841
Synchronous,25,128,structured,chain_size,2–4,1791,0.8693467336683417,0.9429223916578126,52,182
Synchronous,25,128,structured,chain_size,33–64,3204,0.6189138576779026,0.5623272834634647,65,1156
Synchronous,25,128,structured,chain_size,5–8,885,0.6824858757062147,0.7823281750550577,39,242
Synchronous,25,128,structured,chain_size,65–128,5433,0.36830480397570403,0.36731872837016,318,3114
Synchronous,25,128,structured,chain_size,9–16,3897,0.699512445470875,0.7538164589404066,130,1041
Synchronous,25,128,structured,cycle,acyclic,85035,0.5428117833833127,0.3782371104200558,3148,35729
Synchronous,25,128,structured,cycle,cyclic,3420,0.44473684210526315,0.4147132891618186,101,1798
Synchronous,25,128,structured,diameter,0–4,2652,0.8733031674208145,0.930800950883498,66,270
Synchronous,25,128,structured,diameter,128+,30936,0.44145978794931473,0.25067083196750234,643,16636
Synchronous,25,128,structured,diameter,17–31,29757,0.7548475988842961,0.5756186276483815,1872,5423
Synchronous,25,128,structured,diameter,32–63,3360,0.47619047619047616,0.40103060256425815,162,1598
Synchronous,25,128,structured,diameter,5–8,921,0.6775244299674267,0.8036294063079777,40,257
Synchronous,25,128,structured,diameter,64–127,16560,0.24390096618357487,0.2855316410532908,265,12256
Synchronous,25,128,structured,diameter,9–16,4269,0.6982899976575311,0.726880918185266,201,1087
Synchronous,25,128,structured,edge_distance,0–0,11508,0.5934132777198471,0.5934132777198471,365,4314
Synchronous,25,128,structured,edge_distance,1–1,63999,0.4840856888388881,0.2793375516531986,2339,30679
Synchronous,25,128,structured,edge_distance,2–2,6453,0.7952890128622346,0.46974007280975516,350,971
Synchronous,25,128,structured,edge_distance,3–4,3978,0.6779788838612368,0.5271613426181415,96,1185
Synchronous,25,128,structured,edge_distance,5–8,2514,0.8106603023070803,0.7564101800719558,99,377
Synchronous,25,128,structured,edge_distance,9+,3,0.6666666666666666,0.6666666666666666,0,1
Synchronous,25,128,structured,liberties_vs_grid_light_cone,inside,88455,0.5390198405969137,0.38299450108669536,3249,37527
Synchronous,25,128,structured,liberties_vs_grid_light_cone,outside,0,,,0,0
Synchronous,25,256,random,all,all,61599,0.7596876572671635,0.6838034099991005,6375,8428
Synchronous,25,256,random,chain_distance_vs_depth,inside,61599,0.7596876572671635,0.6838034099991005,6375,8428
Synchronous,25,256,random,chain_distance_vs_depth,outside,0,,,0,0
Synchronous,25,256,random,chain_size,0–1,17862,0.7498600380696451,0.7103697532322384,3886,582
Synchronous,25,256,random,chain_size,17–32,1794,0.8383500557413601,0.8383500557413601,0,290
Synchronous,25,256,random,chain_size,2–4,23064,0.7620967741935484,0.6735675668822821,1942,3545
Synchronous,25,256,random,chain_size,5–8,12171,0.7460356585325775,0.6419097710871965,463,2628
Synchronous,25,256,random,chain_size,9–16,6708,0.7813059033989267,0.6118571970449578,84,1383
Synchronous,25,256,random,cycle,acyclic,51777,0.7555478301176198,0.6847090706226622,6094,6563
Synchronous,25,256,random,cycle,cyclic,9822,0.781510893911627,0.6320608740031328,281,1865
Synchronous,25,256,random,diameter,0–4,48864,0.7542771774721676,0.6841564343782803,6215,5792
Synchronous,25,256,random,diameter,17–31,249,0.8313253012048193,0.8313253012048193,0,42
Synchronous,25,256,random,diameter,5–8,9216,0.7650824652777778,0.6229191629784346,160,2005
Synchronous,25,256,random,diameter,9–16,3270,0.8198776758409786,0.9087670384138786,0,589
Synchronous,25,256,random,edge_distance,0–0,16437,0.7770882764494738,0.7615309032549209,1424,2240
Synchronous,25,256,random,edge_distance,1–1,7521,0.7613349288658423,0.6701290517960381,673,1122
Synchronous,25,256,random,edge_distance,2–2,7155,0.7443745632424877,0.636716778365424,700,1129
Synchronous,25,256,random,edge_distance,3–4,12114,0.7498761763249133,0.6254477576070101,1385,1645
Synchronous,25,256,random,edge_distance,5–8,15036,0.7599095504123438,0.6350953187521451,1723,1887
Synchronous,25,256,random,edge_distance,9+,3336,0.7377098321342925,0.6330535433695963,470,405
Synchronous,25,256,random,liberties_vs_grid_light_cone,inside,61599,0.7596876572671635,0.6838034099991005,6375,8428
Synchronous,25,256,random,liberties_vs_grid_light_cone,outside,0,,,0,0
Synchronous,25,256,structured,all,all,88455,0.521779435871347,0.3720018607728921,4456,37845
Synchronous,25,256,structured,chain_distance_vs_depth,inside,67065,0.5615447699992544,0.4288114700880079,4102,25303
Synchronous,25,256,structured,chain_distance_vs_depth,outside,21390,0.39710144927536234,0.33539650136325555,354,12542
Synchronous,25,256,structured,chain_size,0–1,708,0.8389830508474576,0.9178691678691678,13,101
Synchronous,25,256,structured,chain_size,129+,43851,0.36877152174408795,0.24953828237961642,874,26806
Synchronous,25,256,structured,chain_size,17–32,28686,0.7349578191452276,0.5855514004092468,2373,5230
Synchronous,25,256,structured,chain_size,2–4,1791,0.8263539921831379,0.9012029021378667,72,239
Synchronous,25,256,structured,chain_size,33–64,3204,0.5639825218476904,0.5426628022847281,400,997
Synchronous,25,256,structured,chain_size,5–8,885,0.6666666666666666,0.7667127543763459,62,233
Synchronous,25,256,structured,chain_size,65–128,5433,0.3434566537824406,0.36770209159084516,483,3084
Synchronous,25,256,structured,chain_size,9–16,3897,0.657685399024891,0.7051108837391126,179,1155
Synchronous,25,256,structured,cycle,acyclic,85035,0.5266772505438937,0.36510547742584765,3932,36317
Synchronous,25,256,structured,cycle,cyclic,3420,0.4,0.38547075881634707,524,1528
Synchronous,25,256,structured,diameter,0–4,2652,0.8235294117647058,0.8997841793950285,90,378
Synchronous,25,256,structured,diameter,128+,30936,0.4382596327902767,0.24970062335554224,817,16561
Synchronous,25,256,structured,diameter,17–31,29757,0.7249386698927983,0.5975949293271455,2550,5635
Synchronous,25,256,structured,diameter,32–63,3360,0.4455357142857143,0.3916420945339267,364,1499
Synchronous,25,256,structured,diameter,5–8,921,0.6568946796959826,0.7749572682608395,61,255
Synchronous,25,256,structured,diameter,64–127,16560,0.23852657004830918,0.2796266976660739,296,12314
Synchronous,25,256,structured,diameter,9–16,4269,0.6530803466854064,0.6778474126300212,278,1203
Synchronous,25,256,structured,edge_distance,0–0,11508,0.5529197080291971,0.5529197080291971,438,4707
Synchronous,25,256,structured,edge_distance,1–1,63999,0.47421053453960216,0.273337917431493,3025,30625
Synchronous,25,256,structured,edge_distance,2–2,6453,0.7624360762436077,0.4717086110026236,450,1083
Synchronous,25,256,structured,edge_distance,3–4,3978,0.6568627450980392,0.5602950789792784,287,1078
Synchronous,25,256,structured,edge_distance,5–8,2514,0.7581543357199682,0.7327210889001976,256,352
Synchronous,25,256,structured,edge_distance,9+,3,1.0,1.0,0,0
Synchronous,25,256,structured,liberties_vs_grid_light_cone,inside,88455,0.521779435871347,0.3720018607728921,4456,37845
Synchronous,25,256,structured,liberties_vs_grid_light_cone,outside,0,,,0,0
Synchronous,37,32,random,all,all,61515,0.9980817686743071,0.9969577085357534,65,53
Synchronous,37,32,random,chain_distance_vs_depth,inside,61515,0.9980817686743071,0.9969577085357534,65,53
Synchronous,37,32,random,chain_distance_vs_depth,outside,0,,,0,0
Synchronous,37,32,random,chain_size,0–1,19488,1.0,1.0,0,0
Synchronous,37,32,random,chain_size,17–32,2427,0.9979398434281005,0.9979398434281005,0,5
Synchronous,37,32,random,chain_size,2–4,21867,0.9993597658572277,0.9981348059960333,13,1
Synchronous,37,32,random,chain_size,33–64,543,1.0,1.0,0,0
Synchronous,37,32,random,chain_size,5–8,10227,0.9940353964994622,0.9741428948451374,26,35
Synchronous,37,32,random,chain_size,9–16,6963,0.9945425822203073,0.8938735085756898,26,12
Synchronous,37,32,random,cycle,acyclic,51189,0.9987497313876028,0.998271210592309,39,25
Synchronous,37,32,random,cycle,cyclic,10326,0.9947704822777454,0.9634268248543598,26,28
Synchronous,37,32,random,diameter,0–4,48579,0.9987443133864427,0.9981578884611699,25,36
Synchronous,37,32,random,diameter,17–31,546,1.0,1.0,0,0
Synchronous,37,32,random,diameter,5–8,8940,0.9947427293064877,0.9376602593980523,40,7
Synchronous,37,32,random,diameter,9–16,3450,0.9971014492753624,0.9971014492753624,0,10
Synchronous,37,32,random,edge_distance,0–0,11244,0.9972429740305941,0.9960952260144905,17,14
Synchronous,37,32,random,edge_distance,1–1,5781,0.9989621172807472,0.9969221638576478,3,3
Synchronous,37,32,random,edge_distance,2–2,5259,0.9960068454078722,0.992014633792453,11,10
Synchronous,37,32,random,edge_distance,3–4,10290,0.9965014577259476,0.9951026713538087,27,9
Synchronous,37,32,random,edge_distance,5–8,15270,0.9988212180746562,0.9985278175307103,2,16
Synchronous,37,32,random,edge_distance,9+,13671,0.9995611147684881,0.9991697626556904,5,1
Synchronous,37,32,random,liberties_vs_grid_light_cone,inside,61515,0.9980817686743071,0.9969577085357534,65,53
Synchronous,37,32,random,liberties_vs_grid_light_cone,outside,0,,,0,0
Synchronous,37,32,structured,all,all,109980,0.46074740861974905,0.3311176766043506,3606,55701
Synchronous,37,32,structured,chain_distance_vs_depth,inside,7980,0.7209273182957393,0.6262611929041613,144,2083
Synchronous,37,32,structured,chain_distance_vs_depth,outside,102000,0.4403921568627451,0.30323124341825597,3462,53618
Synchronous,37,32,structured,chain_size,0–1,777,1.0,1.0,0,0
Synchronous,37,32,structured,chain_size,129+,63126,0.21577479960713494,0.27001841148781186,270,49235
Synchronous,37,32,structured,chain_size,17–32,4572,0.6237970253718286,0.7461564559778845,111,1609
Synchronous,37,32,structured,chain_size,2–4,945,1.0,1.0,0,0
Synchronous,37,32,structured,chain_size,33–64,36312,0.8303040317250495,0.5612374080878222,3192,2970
Synchronous,37,32,structured,chain_size,5–8,420,0.8785714285714286,0.9308943089430896,0,51
Synchronous,37,32,structured,chain_size,65–128,2670,0.4303370786516854,0.7304625199362041,0,1521
Synchronous,37,32,structured,chain_size,9–16,1158,0.6994818652849741,0.7908140977406998,33,315
Synchronous,37,32,structured,cycle,acyclic,109056,0.46002970950704225,0.3289616245680441,3606,55281
Synchronous,37,32,structured,cycle,cyclic,924,0.5454545454545454,0.5,0,420
Synchronous,37,32,structured,diameter,0–4,1827,0.9994526546250684,0.9998036906164115,0,1
Synchronous,37,32,structured,diameter,128+,37893,0.258543794368353,0.2876882481941852,210,27886
Synchronous,37,32,structured,diameter,17–31,4476,0.6179624664879356,0.5607873440700922,110,1600
Synchronous,37,32,structured,diameter,32–63,37020,0.8280388978930308,0.6043335784774735,3192,3174
Synchronous,37,32,structured,diameter,5–8,453,0.8211920529801324,0.8754281162883313,9,72
Synchronous,37,32,structured,diameter,64–127,27087,0.16498689408203196,0.2646848185578148,60,22558
Synchronous,37,32,structured,diameter,9–16,1224,0.6446078431372549,0.779465234659059,25,410
Synchronous,37,32,structured,edge_distance,0–0,9948,0.728086047446723,0.728086047446723,0,2705
Synchronous,37,32,structured,edge_distance,1–1,88668,0.4056931474714666,0.264513157449091,3258,49438
Synchronous,37,32,structured,edge_distance,2–2,4074,0.761168384879725,0.7024946354284552,269,704
Synchronous,37,32,structured,edge_distance,3–4,1125,0.46844444444444444,0.551051051051051,0,598
Synchronous,37,32,structured,edge_distance,5–8,4260,0.6509389671361502,0.7203142848322065,57,1430
Synchronous,37,32,structured,edge_distance,9+,1905,0.5548556430446194,0.520653012555236,22,826
Synchronous,37,32,structured,liberties_vs_grid_light_cone,inside,102051,0.4686676269708283,0.33065324181973954,3600,50623
Synchronous,37,32,structured,liberties_vs_grid_light_cone,outside,7929,0.3588094337243032,0.3587405112523806,6,5078
Synchronous,37,64,random,all,all,61515,0.9922620499065269,0.9806320742316204,393,83
Synchronous,37,64,random,chain_distance_vs_depth,inside,61515,0.9922620499065269,0.9806320742316204,393,83
Synchronous,37,64,random,chain_distance_vs_depth,outside,0,,,0,0
Synchronous,37,64,random,chain_size,0–1,19488,0.9951765188834154,0.9934969447521191,88,6
Synchronous,37,64,random,chain_size,17–32,2427,0.9971157807993407,0.9971157807993407,0,7
Synchronous,37,64,random,chain_size,2–4,21867,0.9922257282663374,0.9691867514474928,161,9
Synchronous,37,64,random,chain_size,33–64,543,1.0,1.0,0,0
Synchronous,37,64,random,chain_size,5–8,10227,0.9859196245233206,0.8911461918266746,100,44
Synchronous,37,64,random,chain_size,9–16,6963,0.9912394083010196,0.8202426508104714,44,17
Synchronous,37,64,random,cycle,acyclic,51189,0.9927328136904413,0.9829960521213154,331,41
Synchronous,37,64,random,cycle,cyclic,10326,0.989928336238621,0.9213409875942,62,42
Synchronous,37,64,random,diameter,0–4,48579,0.9921571049218798,0.9826731449880894,316,65
Synchronous,37,64,random,diameter,17–31,546,1.0,1.0,0,0
Synchronous,37,64,random,diameter,5–8,8940,0.9907158836689038,0.8741067888460081,77,6
Synchronous,37,64,random,diameter,9–16,3450,0.9965217391304347,0.9965217391304347,0,12
Synchronous,37,64,random,edge_distance,0–0,11244,0.9926182853077197,0.9862415114324788,60,23
Synchronous,37,64,random,edge_distance,1–1,5781,0.9908320359799343,0.9659193599990563,45,8
Synchronous,37,64,random,edge_distance,2–2,5259,0.989351587754326,0.9715530374047796,44,12
Synchronous,37,64,random,edge_distance,3–4,10290,0.9897959183673469,0.9755870671651403,95,10
Synchronous,37,64,random,edge_distance,5–8,15270,0.9914210870988867,0.9762970654284999,105,26
Synchronous,37,64,random,edge_distance,9+,13671,0.9964889181479043,0.9907431897347135,44,4
Synchronous,37,64,random,liberties_vs_grid_light_cone,inside,61515,0.9922620499065269,0.9806320742316204,393,83
Synchronous,37,64,random,liberties_vs_grid_light_cone,outside,0,,,0,0
Synchronous,37,64,structured,all,all,109980,0.4519003455173668,0.3216062034074161,2917,57363
Synchronous,37,64,structured,chain_distance_vs_depth,inside,45000,0.8006666666666666,0.5894487951004268,2764,6206
Synchronous,37,64,structured,chain_distance_vs_depth,outside,64980,0.21037242228377961,0.2703503795591027,153,51157
Synchronous,37,64,structured,chain_size,0–1,777,0.9974259974259975,0.9160181582360571,1,1
Synchronous,37,64,structured,chain_size,129+,63126,0.20885213699584956,0.26521643500746694,151,49791
Synchronous,37,64,structured,chain_size,17–32,4572,0.5767716535433071,0.7048714771929058,119,1816
Synchronous,37,64,structured,chain_size,2–4,945,0.9735449735449735,0.990709773318469,21,4
Synchronous,37,64,structured,chain_size,33–64,36312,0.8291473892927957,0.5285939740081829,2564,3640
Synchronous,37,64,structured,chain_size,5–8,420,0.8071428571428572,0.885208203043569,2,79
Synchronous,37,64,structured,chain_size,65–128,2670,0.3707865168539326,0.7022860180754917,2,1678
Synchronous,37,64,structured,chain_size,9–16,1158,0.6450777202072538,0.7456598930192199,57,354
Synchronous,37,64,structured,cycle,acyclic,109056,0.45110768779342725,0.31933765008154047,2917,56943
Synchronous,37,64,structured,cycle,cyclic,924,0.5454545454545454,0.5,0,420
Synchronous,37,64,structured,diameter,0–4,1827,0.9786535303776683,0.9894538236705492,23,16
Synchronous,37,64,structured,diameter,128+,37893,0.24595571741482597,0.27755694604397496,111,28462
Synchronous,37,64,structured,diameter,17–31,4476,0.573503127792672,0.5305435388383585,104,1805
Synchronous,37,64,structured,diameter,32–63,37020,0.826904376012966,0.5741581516357265,2564,3844
Synchronous,37,64,structured,diameter,5–8,453,0.7130242825607064,0.788968538430904,28,102
Synchronous,37,64,structured,diameter,64–127,27087,0.16059364270683354,0.26224946717382575,42,22695
Synchronous,37,64,structured,diameter,9–16,1224,0.6045751633986928,0.7532490537189312,45,439
Synchronous,37,64,structured,edge_distance,0–0,9948,0.6470647366304785,0.6470647366304785,80,3431
Synchronous,37,64,structured,edge_distance,1–1,88668,0.4049375197365453,0.25900909605614053,2656,50107
Synchronous,37,64,structured,edge_distance,2–2,4074,0.7869415807560137,0.6107101938264002,142,726
Synchronous,37,64,structured,edge_distance,3–4,1125,0.4142222222222222,0.5052552552552553,0,659
Synchronous,37,64,structured,edge_distance,5–8,4260,0.6208920187793427,0.6959618412521996,17,1598
Synchronous,37,64,structured,edge_distance,9+,1905,0.5464566929133858,0.5147241211244858,22,842
Synchronous,37,64,structured,liberties_vs_grid_light_cone,inside,109980,0.4519003455173668,0.3216062034074161,2917,57363
Synchronous,37,64,structured,liberties_vs_grid_light_cone,outside,0,,,0,0
Synchronous,37,128,random,all,all,61515,0.9233032593676339,0.8484130160598751,2922,1796
Synchronous,37,128,random,chain_distance_vs_depth,inside,61515,0.9233032593676339,0.8484130160598751,2922,1796
Synchronous,37,128,random,chain_distance_vs_depth,outside,0,,,0,0
Synchronous,37,128,random,chain_size,0–1,19488,0.9139470443349754,0.8776301663247204,1589,88
Synchronous,37,128,random,chain_size,17–32,2427,0.9542645241038319,0.9542645241038319,0,111
Synchronous,37,128,random,chain_size,2–4,21867,0.9237664059999086,0.8169334859488622,984,683
Synchronous,37,128,random,chain_size,33–64,543,0.9797421731123389,0.9797421731123389,0,11
Synchronous,37,128,random,chain_size,5–8,10227,0.9239268602718295,0.7582093980115687,287,491
Synchronous,37,128,random,chain_size,9–16,6963,0.9319258940112021,0.7369636514384396,62,412
Synchronous,37,128,random,cycle,acyclic,51189,0.9199242024653734,0.8507761762826054,2761,1338
Synchronous,37,128,random,cycle,cyclic,10326,0.9400542320356382,0.8050320972526661,161,458
Synchronous,37,128,random,diameter,0–4,48579,0.9193272813355565,0.8515237340440922,2795,1124
Synchronous,37,128,random,diameter,17–31,546,0.9725274725274725,0.9725274725274725,0,15
Synchronous,37,128,random,diameter,5–8,8940,0.9313199105145414,0.7296886477618063,127,487
Synchronous,37,128,random,diameter,9–16,3450,0.9507246376811594,0.9507246376811594,0,170
Synchronous,37,128,random,edge_distance,0–0,11244,0.9316079686944148,0.9011614991483916,392,377
Synchronous,37,128,random,edge_distance,1–1,5781,0.925099463760595,0.8332493934486345,243,190
Synchronous,37,128,random,edge_distance,2–2,5259,0.9153831526906256,0.8337407770364507,270,175
Synchronous,37,128,random,edge_distance,3–4,10290,0.9140913508260448,0.822521131740267,549,335
Synchronous,37,128,random,edge_distance,5–8,15270,0.9192534381139489,0.8211537626848245,831,402
Synchronous,37,128,random,edge_distance,9+,13671,0.9302172481895984,0.8440183579294129,637,317
Synchronous,37,128,random,liberties_vs_grid_light_cone,inside,61515,0.9233032593676339,0.8484130160598751,2922,1796
Synchronous,37,128,random,liberties_vs_grid_light_cone,outside,0,,,0,0
Synchronous,37,128,structured,all,all,109980,0.4376886706673941,0.3084469853428859,3210,58633
Synchronous,37,128,structured,chain_distance_vs_depth,inside,72087,0.5444809743781819,0.34288757364390854,2883,29954
Synchronous,37,128,structured,chain_distance_vs_depth,outside,37893,0.23452880479244187,0.2676844644771852,327,28679
Synchronous,37,128,structured,chain_size,0–1,777,0.9472329472329473,0.9734111543450065,7,34
Synchronous,37,128,structured,chain_size,129+,63126,0.20232550771472926,0.2598368930842233,371,49983
Synchronous,37,128,structured,chain_size,17–32,4572,0.5242782152230971,0.650648360469789,166,2009
Synchronous,37,128,structured,chain_size,2–4,945,0.9174603174603174,0.9710144927536232,33,45
Synchronous,37,128,structured,chain_size,33–64,36312,0.8119079092311082,0.4916561845734094,2468,4362
Synchronous,37,128,structured,chain_size,5–8,420,0.7476190476190476,0.8282715759849907,17,89
Synchronous,37,128,structured,chain_size,65–128,2670,0.3318352059925094,0.5865214804688489,72,1712
Synchronous,37,128,structured,chain_size,9–16,1158,0.5898100172711571,0.6996302139416857,76,399
Synchronous,37,128,structured,cycle,acyclic,109056,0.43687646713615025,0.30616980632147495,3149,58263
Synchronous,37,128,structured,cycle,cyclic,924,0.5335497835497836,0.4750874125874126,61,370
Synchronous,37,128,structured,diameter,0–4,1827,0.926655719759168,0.9336707985117879,43,91
Synchronous,37,128,structured,diameter,128+,37893,0.23452880479244187,0.2676844644771852,327,28679
Synchronous,37,128,structured,diameter,17–31,4476,0.5203306523681859,0.488942019750118,149,1998
Synchronous,37,128,structured,diameter,32–63,37020,0.8096974608319827,0.5583202922262782,2529,4516
Synchronous,37,128,structured,diameter,5–8,453,0.6445916114790287,0.7411788132218239,41,120
Synchronous,37,128,structured,diameter,64–127,27087,0.15793554103444457,0.26004561015143696,55,22754
Synchronous,37,128,structured,diameter,9–16,1224,0.5580065359477124,0.7117242996679711,66,475
Synchronous,37,128,structured,edge_distance,0–0,9948,0.5523723361479694,0.5523723361479694,157,4296
Synchronous,37,128,structured,edge_distance,1–1,88668,0.4007984842333198,0.2531787295738269,2687,50443
Synchronous,37,128,structured,edge_distance,2–2,4074,0.758713794796269,0.568018556241589,266,717
Synchronous,37,128,structured,edge_distance,3–4,1125,0.4613333333333333,0.5382735676853324,0,606
Synchronous,37,128,structured,edge_distance,5–8,4260,0.5833333333333334,0.639527534303861,81,1694
Synchronous,37,128,structured,edge_distance,9+,1905,0.5296587926509186,0.47468477023432487,19,877
Synchronous,37,128,structured,liberties_vs_grid_light_cone,inside,109980,0.4376886706673941,0.3084469853428859,3210,58633
Synchronous,37,128,structured,liberties_vs_grid_light_cone,outside,0,,,0,0
Synchronous,37,256,random,all,all,61515,0.769568397951719,0.6753462356464375,6036,8139
Synchronous,37,256,random,chain_distance_vs_depth,inside,61515,0.769568397951719,0.6753462356464375,6036,8139
Synchronous,37,256,random,chain_distance_vs_depth,outside,0,,,0,0
Synchronous,37,256,random,chain_size,0–1,19488,0.7741174055829229,0.7092854227517651,3694,708
Synchronous,37,256,random,chain_size,17–32,2427,0.8302430984754842,0.8302430984754842,0,412
Synchronous,37,256,random,chain_size,2–4,21867,0.7627932501028948,0.6525551620544494,1787,3400
Synchronous,37,256,random,chain_size,33–64,543,0.8250460405156538,0.8250460405156538,0,95
Synchronous,37,256,random,chain_size,5–8,10227,0.7548645741664222,0.6236373070146779,462,2045
Synchronous,37,256,random,chain_size,9–16,6963,0.7742352434295562,0.5952566329133796,93,1479
Synchronous,37,256,random,cycle,acyclic,51189,0.7667858328937858,0.6773751163836133,5750,6188
Synchronous,37,256,random,cycle,cyclic,10326,0.7833623862095681,0.6358890069497075,286,1951
Synchronous,37,256,random,diameter,0–4,48579,0.7655777187673686,0.6771716157491947,5868,5520
Synchronous,37,256,random,diameter,17–31,546,0.8333333333333334,0.8333333333333334,0,91
Synchronous,37,256,random,diameter,5–8,8940,0.7702460850111856,0.5767386474510754,168,1886
Synchronous,37,256,random,diameter,9–16,3450,0.8139130434782609,0.8139130434782609,0,642
Synchronous,37,256,random,edge_distance,0–0,11244,0.787797936677339,0.7645044995740423,879,1507
Synchronous,37,256,random,edge_distance,1–1,5781,0.7804878048780488,0.6760959149431636,482,787
Synchronous,37,256,random,edge_distance,2–2,5259,0.7484312606959498,0.6446088782780012,565,758
Synchronous,37,256,random,edge_distance,3–4,10290,0.7555879494655005,0.6396612172426569,1041,1474
Synchronous,37,256,random,edge_distance,5–8,15270,0.7643091028159791,0.6330155125963604,1692,1907
Synchronous,37,256,random,edge_distance,9+,13671,0.7744861385414381,0.6509774040250398,1377,1706
Synchronous,37,256,random,liberties_vs_grid_light_cone,inside,61515,0.769568397951719,0.6753462356464375,6036,8139
Synchronous,37,256,random,liberties_vs_grid_light_cone,outside,0,,,0,0
Synchronous,37,256,structured,all,all,109980,0.4224313511547554,0.2963374238254449,4372,59149
Synchronous,37,256,structured,chain_distance_vs_depth,inside,75615,0.5146730146135026,0.323874124030353,4041,32657
Synchronous,37,256,structured,chain_distance_vs_depth,outside,34365,0.21946748144914885,0.2639468872494686,331,26492
Synchronous,37,256,structured,chain_size,0–1,777,0.8944658944658944,0.9468223086900129,1,81
Synchronous,37,256,structured,chain_size,129+,63126,0.20067800906124258,0.2576594525049551,468,49990
Synchronous,37,256,structured,chain_size,17–32,4572,0.47747156605424323,0.586498073105216,289,2100
Synchronous,37,256,structured,chain_size,2–4,945,0.7386243386243386,0.7675850719328979,46,201
Synchronous,37,256,structured,chain_size,33–64,36312,0.790096937651465,0.5547347213471124,3085,4537
Synchronous,37,256,structured,chain_size,5–8,420,0.6452380952380953,0.6862296747967479,39,110
Synchronous,37,256,structured,chain_size,65–128,2670,0.23558052434456928,0.3671805777068935,327,1714
Synchronous,37,256,structured,chain_size,9–16,1158,0.5397236614853195,0.6174049866860325,117,416
Synchronous,37,256,structured,cycle,acyclic,109056,0.4226085680751174,0.2944743355644211,4057,58911
Synchronous,37,256,structured,cycle,cyclic,924,0.4015151515151515,0.43028846153846156,315,238
Synchronous,37,256,structured,diameter,0–4,1827,0.8051450465243569,0.7885856999520132,54,302
Synchronous,37,256,structured,diameter,128+,37893,0.231045311799013,0.26385462644760876,421,28717
Synchronous,37,256,structured,diameter,17–31,4476,0.484361036639857,0.5650194731039043,272,2036
Synchronous,37,256,structured,diameter,32–63,37020,0.7820907617504052,0.5599177757207687,3400,4667
Synchronous,37,256,structured,diameter,5–8,453,0.5717439293598234,0.6407407407407407,59,135
Synchronous,37,256,structured,diameter,64–127,27087,0.15597888285893602,0.2582318980817272,59,22803
Synchronous,37,256,structured,diameter,9–16,1224,0.5130718954248366,0.6198241452218748,107,489
Synchronous,37,256,structured,edge_distance,0–0,9948,0.504020908725372,0.504020908725372,178,4756
Synchronous,37,256,structured,edge_distance,1–1,88668,0.39300536834032573,0.2484092870451146,3454,50367
Synchronous,37,256,structured,edge_distance,2–2,4074,0.7452135493372607,0.5652951260038285,317,721
Synchronous,37,256,structured,edge_distance,3–4,1125,0.3368888888888889,0.3894924336100807,139,607
Synchronous,37,256,structured,edge_distance,5–8,4260,0.505868544600939,0.5355981319165538,266,1839
Synchronous,37,256,structured,edge_distance,9+,1905,0.5396325459317586,0.5587066991833072,18,859
Synchronous,37,256,structured,liberties_vs_grid_light_cone,inside,109980,0.4224313511547554,0.2963374238254449,4372,59149
Synchronous,37,256,structured,liberties_vs_grid_light_cone,outside,0,,,0,0
Synchronous + algorithm hints,9,32,random,all,all,37932,0.9979436887061056,0.9978422677782204,48,30
Synchronous + algorithm hints,9,32,random,chain_distance_vs_depth,inside,37932,0.9979436887061056,0.9978422677782204,48,30
Synchronous + algorithm hints,9,32,random,chain_distance_vs_depth,outside,0,,,0,0
Synchronous + algorithm hints,9,32,random,chain_size,0–1,13778,1.0,1.0,0,0
Synchronous + algorithm hints,9,32,random,chain_size,17–32,199,1.0,1.0,0,0
Synchronous + algorithm hints,9,32,random,chain_size,2–4,15397,0.9992855751120349,0.9990464521627956,8,3
Synchronous + algorithm hints,9,32,random,chain_size,5–8,6256,0.9912084398976982,0.9790597976357944,29,26
Synchronous + algorithm hints,9,32,random,chain_size,9–16,2302,0.9947871416159861,0.9771557408431532,11,1
Synchronous + algorithm hints,9,32,random,cycle,acyclic,34002,0.998529498264808,0.9985775239190847,27,23
Synchronous + algorithm hints,9,32,random,cycle,cyclic,3930,0.9928753180661578,0.9787432889242393,21,7
Synchronous + algorithm hints,9,32,random,diameter,0–4,33517,0.9986275621326491,0.998674858206493,33,13
Synchronous + algorithm hints,9,32,random,diameter,5–8,3835,0.9916558018252933,0.9656729816146005,15,17
Synchronous + algorithm hints,9,32,random,diameter,9–16,580,1.0,1.0,0,0
Synchronous + algorithm hints,9,32,random,edge_distance,0–0,21577,0.9965704222088335,0.9966197367392757,45,29
Synchronous + algorithm hints,9,32,random,edge_distance,1–1,8994,0.9996664442961974,0.9996253746253746,3,0
Synchronous + algorithm hints,9,32,random,edge_distance,2–2,5205,0.9998078770413065,0.9998087222647284,0,1
Synchronous + algorithm hints,9,32,random,edge_distance,3–4,2156,1.0,1.0,0,0
Synchronous + algorithm hints,9,32,random,liberties_vs_grid_light_cone,inside,37932,0.9979436887061056,0.9978422677782204,48,30
Synchronous + algorithm hints,9,32,random,liberties_vs_grid_light_cone,outside,0,,,0,0
Synchronous + algorithm hints,9,32,structured,all,all,58363,0.9959220739166939,0.994928010830499,131,107
Synchronous + algorithm hints,9,32,structured,chain_distance_vs_depth,inside,58363,0.9959220739166939,0.994928010830499,131,107
Synchronous + algorithm hints,9,32,structured,chain_distance_vs_depth,outside,0,,,0,0
Synchronous + algorithm hints,9,32,structured,chain_size,0–1,2369,1.0,1.0,0,0
Synchronous + algorithm hints,9,32,structured,chain_size,17–32,23115,0.9919532770927969,0.9930670110825055,98,88
Synchronous + algorithm hints,9,32,structured,chain_size,2–4,8098,1.0,1.0,0,0
Synchronous + algorithm hints,9,32,structured,chain_size,5–8,19712,0.9996956168831169,0.9981665590187536,3,3
Synchronous + algorithm hints,9,32,structured,chain_size,9–16,5069,0.9909252318011442,0.9873661247030451,30,16
Synchronous + algorithm hints,9,32,structured,cycle,acyclic,54243,0.9959257415703409,0.9946976049938129,114,107
Synchronous + algorithm hints,9,32,structured,cycle,cyclic,4120,0.995873786407767,0.9968093093093093,17,0
Synchronous + algorithm hints,9,32,structured,diameter,0–4,14709,1.0,1.0,0,0
Synchronous + algorithm hints,9,32,structured,diameter,17–31,20265,0.9921046138662719,0.9932972294186432,72,88
Synchronous + algorithm hints,9,32,structured,diameter,5–8,17356,0.9996542982253975,0.9990149480550061,3,3
Synchronous + algorithm hints,9,32,structured,diameter,9–16,6033,0.9880656389855793,0.986551130952699,56,16
Synchronous + algorithm hints,9,32,structured,edge_distance,0–0,18029,1.0,1.0,0,0
Synchronous + algorithm hints,9,32,structured,edge_distance,1–1,34247,0.993079685811896,0.9939404059650965,130,107
Synchronous + algorithm hints,9,32,structured,edge_distance,2–2,5759,0.9998263587428373,0.9999014195583596,1,0
Synchronous + algorithm hints,9,32,structured,edge_distance,3–4,328,1.0,1.0,0,0
Synchronous + algorithm hints,9,32,structured,liberties_vs_grid_light_cone,inside,58363,0.9959220739166939,0.994928010830499,131,107
Synchronous + algorithm hints,9,32,structured,liberties_vs_grid_light_cone,outside,0,,,0,0
Synchronous + algorithm hints,9,64,random,all,all,37932,0.9979436887061056,0.9977894075943796,42,36
Synchronous + algorithm hints,9,64,random,chain_distance_vs_depth,inside,37932,0.9979436887061056,0.9977894075943796,42,36
Synchronous + algorithm hints,9,64,random,chain_distance_vs_depth,outside,0,,,0,0
Synchronous + algorithm hints,9,64,random,chain_size,0–1,13778,0.9999274205254753,0.9998885421310745,1,0
Synchronous + algorithm hints,9,64,random,chain_size,17–32,199,1.0,1.0,0,0
Synchronous + algorithm hints,9,64,random,chain_size,2–4,15397,0.9991556796778593,0.998907948007671,9,4
Synchronous + algorithm hints,9,64,random,chain_size,5–8,6256,0.9918478260869565,0.98232530033002,20,31
Synchronous + algorithm hints,9,64,random,chain_size,9–16,2302,0.9943527367506516,0.9521557408431531,12,1
Synchronous + algorithm hints,9,64,random,cycle,acyclic,34002,0.9984706781954003,0.998492284800115,24,28
Synchronous + algorithm hints,9,64,random,cycle,cyclic,3930,0.9933842239185751,0.979261082821087,18,8
Synchronous + algorithm hints,9,64,random,diameter,0–4,33517,0.998776740161709,0.9987968003742027,26,15
Synchronous + algorithm hints,9,64,random,diameter,5–8,3835,0.9903520208604955,0.9471230212472286,16,21
Synchronous + algorithm hints,9,64,random,diameter,9–16,580,1.0,1.0,0,0
Synchronous + algorithm hints,9,64,random,edge_distance,0–0,21577,0.9965704222088335,0.9965063422813181,41,33
Synchronous + algorithm hints,9,64,random,edge_distance,1–1,8994,0.9997776295307983,0.9998280527606455,0,2
Synchronous + algorithm hints,9,64,random,edge_distance,2–2,5205,0.9998078770413065,0.9998087222647284,0,1
Synchronous + algorithm hints,9,64,random,edge_distance,3–4,2156,0.9995361781076066,0.999384236453202,1,0
Synchronous + algorithm hints,9,64,random,liberties_vs_grid_light_cone,inside,37932,0.9979436887061056,0.9977894075943796,42,36
Synchronous + algorithm hints,9,64,random,liberties_vs_grid_light_cone,outside,0,,,0,0
Synchronous + algorithm hints,9,64,structured,all,all,58363,0.9893939653547624,0.9882198647407294,287,332
Synchronous + algorithm hints,9,64,structured,chain_distance_vs_depth,inside,58363,0.9893939653547624,0.9882198647407294,287,332
Synchronous + algorithm hints,9,64,structured,chain_distance_vs_depth,outside,0,,,0,0
Synchronous + algorithm hints,9,64,structured,chain_size,0–1,2369,0.9966230476994512,0.9746222658593794,7,1
Synchronous + algorithm hints,9,64,structured,chain_size,17–32,23115,0.9804023361453602,0.979043845793705,186,267
Synchronous + algorithm hints,9,64,structured,chain_size,2–4,8098,0.9965423561373179,0.9866367198474268,22,6
Synchronous + algorithm hints,9,64,structured,chain_size,5–8,19712,0.9963474025974026,0.9858479316865054,32,40
Synchronous + algorithm hints,9,64,structured,chain_size,9–16,5069,0.9885579009666601,0.9839702083994073,40,18
Synchronous + algorithm hints,9,64,structured,cycle,acyclic,54243,0.9892889405084527,0.9881337923832696,249,332
Synchronous + algorithm hints,9,64,structured,cycle,cyclic,4120,0.9907766990291262,0.9902146464646465,38,0
Synchronous + algorithm hints,9,64,structured,diameter,0–4,14709,0.9970766197566115,0.9912565321163763,30,13
Synchronous + algorithm hints,9,64,structured,diameter,17–31,20265,0.9795706883789785,0.9773732505148331,147,267
Synchronous + algorithm hints,9,64,structured,diameter,5–8,17356,0.9959668126296382,0.9912095887812272,36,34
Synchronous + algorithm hints,9,64,structured,diameter,9–16,6033,0.9847505387037958,0.981602844146946,74,18
Synchronous + algorithm hints,9,64,structured,edge_distance,0–0,18029,1.0,1.0,0,0
Synchronous + algorithm hints,9,64,structured,edge_distance,1–1,34247,0.9837650013139837,0.982897814475682,238,318
Synchronous + algorithm hints,9,64,structured,edge_distance,2–2,5759,0.9904497308560514,0.9905980329293508,44,11
Synchronous + algorithm hints,9,64,structured,edge_distance,3–4,328,0.975609756097561,0.9770793638192019,5,3
Synchronous + algorithm hints,9,64,structured,liberties_vs_grid_light_cone,inside,58363,0.9893939653547624,0.9882198647407294,287,332
Synchronous + algorithm hints,9,64,structured,liberties_vs_grid_light_cone,outside,0,,,0,0
Synchronous + algorithm hints,9,128,random,all,all,37932,0.9936201623958663,0.9884140641566133,152,90
Synchronous + algorithm hints,9,128,random,chain_distance_vs_depth,inside,37932,0.9936201623958663,0.9884140641566133,152,90
Synchronous + algorithm hints,9,128,random,chain_distance_vs_depth,outside,0,,,0,0
Synchronous + algorithm hints,9,128,random,chain_size,0–1,13778,0.9941210625635071,0.9919123644672472,68,13
Synchronous + algorithm hints,9,128,random,chain_size,17–32,199,1.0,1.0,0,0
Synchronous + algorithm hints,9,128,random,chain_size,2–4,15397,0.9960381892576476,0.9905858772205662,34,27
Synchronous + algorithm hints,9,128,random,chain_size,5–8,6256,0.9872122762148338,0.9514381559135926,36,44
Synchronous + algorithm hints,9,128,random,chain_size,9–16,2302,0.9913119026933102,0.9015708086952823,14,6
Synchronous + algorithm hints,9,128,random,cycle,acyclic,34002,0.9938533027468972,0.9891136558044764,132,77
Synchronous + algorithm hints,9,128,random,cycle,cyclic,3930,0.9916030534351145,0.970714804456442,20,13
Synchronous + algorithm hints,9,128,random,diameter,0–4,33517,0.9943909061073485,0.9900657377557527,127,61
Synchronous + algorithm hints,9,128,random,diameter,5–8,3835,0.9859191655801826,0.8319905206171818,25,29
Synchronous + algorithm hints,9,128,random,diameter,9–16,580,1.0,1.0,0,0
Synchronous + algorithm hints,9,128,random,edge_distance,0–0,21577,0.9934189182926264,0.9912348040920484,81,61
Synchronous + algorithm hints,9,128,random,edge_distance,1–1,8994,0.9947742939737603,0.9795882101460424,37,10
Synchronous + algorithm hints,9,128,random,edge_distance,2–2,5205,0.9930835734870317,0.9791953617728254,23,13
Synchronous + algorithm hints,9,128,random,edge_distance,3–4,2156,0.9921150278293135,0.9825116837185802,11,6
Synchronous + algorithm hints,9,128,random,liberties_vs_grid_light_cone,inside,37932,0.9936201623958663,0.9884140641566133,152,90
Synchronous + algorithm hints,9,128,random,liberties_vs_grid_light_cone,outside,0,,,0,0
Synchronous + algorithm hints,9,128,structured,all,all,58363,0.9728081147302229,0.9711709063529606,582,1005
Synchronous + algorithm hints,9,128,structured,chain_distance_vs_depth,inside,58363,0.9728081147302229,0.9711709063529606,582,1005
Synchronous + algorithm hints,9,128,structured,chain_distance_vs_depth,outside,0,,,0,0
Synchronous + algorithm hints,9,128,structured,chain_size,0–1,2369,0.9831152384972562,0.8721553893239102,36,4
Synchronous + algorithm hints,9,128,structured,chain_size,17–32,23115,0.9528012113346311,0.9427012434203512,213,878
Synchronous + algorithm hints,9,128,structured,chain_size,2–4,8098,0.9859224499876512,0.9498453673432672,96,18
Synchronous + algorithm hints,9,128,structured,chain_size,5–8,19712,0.988484172077922,0.9685354932862799,154,73
Synchronous + algorithm hints,9,128,structured,chain_size,9–16,5069,0.9773130795028605,0.9702050187679752,83,32
Synchronous + algorithm hints,9,128,structured,cycle,acyclic,54243,0.971553933226407,0.9704153005241241,543,1000
Synchronous + algorithm hints,9,128,structured,cycle,cyclic,4120,0.9893203883495145,0.9883099258099258,39,5
Synchronous + algorithm hints,9,128,structured,diameter,0–4,14709,0.987626623155891,0.9653011085562557,146,36
Synchronous + algorithm hints,9,128,structured,diameter,17–31,20265,0.9485812978040957,0.9362080792006973,168,874
Synchronous + algorithm hints,9,128,structured,diameter,5–8,17356,0.9866904816778059,0.9765948741645056,166,65
Synchronous + algorithm hints,9,128,structured,diameter,9–16,6033,0.9781203381402287,0.9739882015090451,102,30
Synchronous + algorithm hints,9,128,structured,edge_distance,0–0,18029,0.9996117366465139,0.9996117366465139,5,2
Synchronous + algorithm hints,9,128,structured,edge_distance,1–1,34247,0.9614564779396736,0.9557478175939822,354,966
Synchronous + algorithm hints,9,128,structured,edge_distance,2–2,5759,0.959194304566765,0.9677116104133789,206,29
Synchronous + algorithm hints,9,128,structured,edge_distance,3–4,328,0.9237804878048781,0.9293911647436576,17,8
Synchronous + algorithm hints,9,128,structured,liberties_vs_grid_light_cone,inside,58363,0.9728081147302229,0.9711709063529606,582,1005
Synchronous + algorithm hints,9,128,structured,liberties_vs_grid_light_cone,outside,0,,,0,0
Synchronous + algorithm hints,9,256,random,all,all,37932,0.977196035010018,0.9582097884261442,468,397
Synchronous + algorithm hints,9,256,random,chain_distance_vs_depth,inside,37932,0.977196035010018,0.9582097884261442,468,397
Synchronous + algorithm hints,9,256,random,chain_distance_vs_depth,outside,0,,,0,0
Synchronous + algorithm hints,9,256,random,chain_size,0–1,13778,0.9706778922920598,0.9604424991220217,258,146
Synchronous + algorithm hints,9,256,random,chain_size,17–32,199,1.0,1.0,0,0
Synchronous + algorithm hints,9,256,random,chain_size,2–4,15397,0.9825290641033968,0.9568674996220338,140,129
Synchronous + algorithm hints,9,256,random,chain_size,5–8,6256,0.9755434782608695,0.9041851972112688,56,97
Synchronous + algorithm hints,9,256,random,chain_size,9–16,2302,0.9830582102519548,0.8954498079875627,14,25
Synchronous + algorithm hints,9,256,random,cycle,acyclic,34002,0.9765602023410388,0.958848431944736,443,354
Synchronous + algorithm hints,9,256,random,cycle,cyclic,3930,0.9826972010178117,0.9432566950936802,25,43
Synchronous + algorithm hints,9,256,random,diameter,0–4,33517,0.9767878986782826,0.9598384460386081,442,336
Synchronous + algorithm hints,9,256,random,diameter,5–8,3835,0.9783572359843546,0.8091302526627222,26,57
Synchronous + algorithm hints,9,256,random,diameter,9–16,580,0.993103448275862,0.993103448275862,0,4
Synchronous + algorithm hints,9,256,random,edge_distance,0–0,21577,0.9808592482736247,0.9706411798848409,232,181
Synchronous + algorithm hints,9,256,random,edge_distance,1–1,8994,0.9805425839448522,0.9378721828617717,102,73
Synchronous + algorithm hints,9,256,random,edge_distance,2–2,5205,0.9661863592699328,0.9184817453896973,87,89
Synchronous + algorithm hints,9,256,random,edge_distance,3–4,2156,0.9531539888682746,0.9113812050018947,47,54
Synchronous + algorithm hints,9,256,random,liberties_vs_grid_light_cone,inside,37932,0.977196035010018,0.9582097884261442,468,397
Synchronous + algorithm hints,9,256,random,liberties_vs_grid_light_cone,outside,0,,,0,0
Synchronous + algorithm hints,9,256,structured,all,all,58363,0.934684646094272,0.9228198908318903,1211,2601
Synchronous + algorithm hints,9,256,structured,chain_distance_vs_depth,inside,58363,0.934684646094272,0.9228198908318903,1211,2601
Synchronous + algorithm hints,9,256,structured,chain_distance_vs_depth,outside,0,,,0,0
Synchronous + algorithm hints,9,256,structured,chain_size,0–1,2369,0.9658083579569439,0.7570296057588086,67,14
Synchronous + algorithm hints,9,256,structured,chain_size,17–32,23115,0.8946571490374216,0.8900106962135251,226,2209
Synchronous + algorithm hints,9,256,structured,chain_size,2–4,8098,0.9611015065448258,0.9035629046937445,236,79
Synchronous + algorithm hints,9,256,structured,chain_size,5–8,19712,0.9628652597402597,0.9387217343432994,526,206
Synchronous + algorithm hints,9,256,structured,chain_size,9–16,5069,0.9508778851844545,0.9389503431137288,156,93
Synchronous + algorithm hints,9,256,structured,cycle,acyclic,54243,0.9314934645945099,0.9186951209831813,1161,2555
Synchronous + algorithm hints,9,256,structured,cycle,cyclic,4120,0.9766990291262136,0.9492150117150118,50,46
Synchronous + algorithm hints,9,256,structured,diameter,0–4,14709,0.966143177646339,0.9223017950230809,368,130
Synchronous + algorithm hints,9,256,structured,diameter,17–31,20265,0.8835924006908463,0.8768101317576504,184,2175
Synchronous + algorithm hints,9,256,structured,diameter,5–8,17356,0.9610509333947914,0.9479643649413108,481,195
Synchronous + algorithm hints,9,256,structured,diameter,9–16,6033,0.9537543510691199,0.945949552378421,178,101
Synchronous + algorithm hints,9,256,structured,edge_distance,0–0,18029,0.9863553164346331,0.9863553164346331,140,106
Synchronous + algorithm hints,9,256,structured,edge_distance,1–1,34247,0.9125470844161533,0.9046263769749123,596,2399
Synchronous + algorithm hints,9,256,structured,edge_distance,2–2,5759,0.9112693175898593,0.9299527497309117,423,88
Synchronous + algorithm hints,9,256,structured,edge_distance,3–4,328,0.8170731707317073,0.8426572809710313,52,8
Synchronous + algorithm hints,9,256,structured,liberties_vs_grid_light_cone,inside,58363,0.934684646094272,0.9228198908318903,1211,2601
Synchronous + algorithm hints,9,256,structured,liberties_vs_grid_light_cone,outside,0,,,0,0
Synchronous + algorithm hints,13,32,random,all,all,20779,0.9990374897733288,0.9990022690897105,6,14
Synchronous + algorithm hints,13,32,random,chain_distance_vs_depth,inside,20779,0.9990374897733288,0.9990022690897105,6,14
Synchronous + algorithm hints,13,32,random,chain_distance_vs_depth,outside,0,,,0,0
Synchronous + algorithm hints,13,32,random,chain_size,0–1,6845,1.0,1.0,0,0
Synchronous + algorithm hints,13,32,random,chain_size,17–32,309,1.0,1.0,0,0
Synchronous + algorithm hints,13,32,random,chain_size,2–4,8150,1.0,1.0,0,0
Synchronous + algorithm hints,13,32,random,chain_size,33–64,34,1.0,1.0,0,0
Synchronous + algorithm hints,13,32,random,chain_size,5–8,3609,0.9963978941535051,0.9868981386084209,6,7
Synchronous + algorithm hints,13,32,random,chain_size,9–16,1832,0.99617903930131,0.9990096208262592,0,7
Synchronous + algorithm hints,13,32,random,cycle,acyclic,18040,0.9993348115299335,0.9992009482027219,5,7
Synchronous + algorithm hints,13,32,random,cycle,cyclic,2739,0.9970792259948886,0.9968886636457588,1,7
Synchronous + algorithm hints,13,32,random,diameter,0–4,17276,0.9996526973836536,0.9996404193664248,6,0
Synchronous + algorithm hints,13,32,random,diameter,17–31,34,1.0,1.0,0,0
Synchronous + algorithm hints,13,32,random,diameter,5–8,2711,0.9955735890815197,0.9729800019581927,0,12
Synchronous + algorithm hints,13,32,random,diameter,9–16,758,0.9973614775725593,0.9973614775725593,0,2
Synchronous + algorithm hints,13,32,random,edge_distance,0–0,9210,0.9984799131378936,0.9987076869581766,0,14
Synchronous + algorithm hints,13,32,random,edge_distance,1–1,4087,1.0,1.0,0,0
Synchronous + algorithm hints,13,32,random,edge_distance,2–2,3393,1.0,1.0,0,0
Synchronous + algorithm hints,13,32,random,edge_distance,3–4,3525,0.9982978723404256,0.9979543630701034,6,0
Synchronous + algorithm hints,13,32,random,edge_distance,5–8,564,1.0,1.0,0,0
Synchronous + algorithm hints,13,32,random,liberties_vs_grid_light_cone,inside,20779,0.9990374897733288,0.9990022690897105,6,14
Synchronous + algorithm hints,13,32,random,liberties_vs_grid_light_cone,outside,0,,,0,0
Synchronous + algorithm hints,13,32,structured,all,all,29933,0.8091738215347609,0.764593697354218,925,4787
Synchronous + algorithm hints,13,32,structured,chain_distance_vs_depth,inside,21782,0.8820585804792949,0.8033896430186315,847,1722
Synchronous + algorithm hints,13,32,structured,chain_distance_vs_depth,outside,8151,0.6144031407189302,0.6202675093355106,78,3065
Synchronous + algorithm hints,13,32,structured,chain_size,0–1,617,1.0,1.0,0,0
Synchronous + algorithm hints,13,32,structured,chain_size,17–32,3151,0.6667724531894637,0.6189552793597699,114,936
Synchronous + algorithm hints,13,32,structured,chain_size,2–4,1661,1.0,1.0,0,0
Synchronous + algorithm hints,13,32,structured,chain_size,33–64,3522,0.704145371947757,0.694361950146718,54,988
Synchronous + algorithm hints,13,32,structured,chain_size,5–8,2742,0.9978118161925602,0.9984643912862419,1,5
Synchronous + algorithm hints,13,32,structured,chain_size,65–128,8942,0.6254752851711026,0.6757177356475834,591,2758
Synchronous + algorithm hints,13,32,structured,chain_size,9–16,9298,0.9714992471499247,0.9672073526425786,165,100
Synchronous + algorithm hints,13,32,structured,cycle,acyclic,27753,0.8296400389147119,0.7850431554747807,911,3817
Synchronous + algorithm hints,13,32,structured,cycle,cyclic,2180,0.5486238532110091,0.5269494441396669,14,970
Synchronous + algorithm hints,13,32,structured,diameter,0–4,2902,0.9982770503101309,0.9993609406952966,0,5
Synchronous + algorithm hints,13,32,structured,diameter,17–31,5827,0.7415479663634803,0.7354377470805529,675,831
Synchronous + algorithm hints,13,32,structured,diameter,32–63,3114,0.7302504816955684,0.8001077405047009,46,794
Synchronous + algorithm hints,13,32,structured,diameter,5–8,3702,0.9956780118854673,0.9946024600189334,16,0
Synchronous + algorithm hints,13,32,structured,diameter,64–127,5037,0.5427834028191384,0.6016818563046062,32,2271
Synchronous + algorithm hints,13,32,structured,diameter,9–16,9351,0.8885680675863544,0.7665190264276596,156,886
Synchronous + algorithm hints,13,32,structured,edge_distance,0–0,6577,0.9905732096700623,0.9905732096700623,9,53
Synchronous + algorithm hints,13,32,structured,edge_distance,1–1,18402,0.7396478643625692,0.706906682788509,803,3988
Synchronous + algorithm hints,13,32,structured,edge_distance,2–2,3851,0.7943391326928071,0.671871477780345,108,684
Synchronous + algorithm hints,13,32,structured,edge_distance,3–4,1085,0.9382488479262673,0.8194462352772454,5,62
Synchronous + algorithm hints,13,32,structured,edge_distance,5–8,18,1.0,1.0,0,0
Synchronous + algorithm hints,13,32,structured,liberties_vs_grid_light_cone,inside,29933,0.8091738215347609,0.764593697354218,925,4787
Synchronous + algorithm hints,13,32,structured,liberties_vs_grid_light_cone,outside,0,,,0,0
Synchronous + algorithm hints,13,64,random,all,all,20779,0.9985081091486597,0.9977070090237754,12,19
Synchronous + algorithm hints,13,64,random,chain_distance_vs_depth,inside,20779,0.9985081091486597,0.9977070090237754,12,19
Synchronous + algorithm hints,13,64,random,chain_distance_vs_depth,outside,0,,,0,0
Synchronous + algorithm hints,13,64,random,chain_size,0–1,6845,0.9994156318480643,0.999188077681591,3,1
Synchronous + algorithm hints,13,64,random,chain_size,17–32,309,1.0,1.0,0,0
Synchronous + algorithm hints,13,64,random,chain_size,2–4,8150,0.9995092024539878,0.9991911823808375,0,4
Synchronous + algorithm hints,13,64,random,chain_size,33–64,34,1.0,1.0,0,0
Synchronous + algorithm hints,13,64,random,chain_size,5–8,3609,0.9955666389581601,0.9730092497195321,9,7
Synchronous + algorithm hints,13,64,random,chain_size,9–16,1832,0.99617903930131,0.9990096208262592,0,7
Synchronous + algorithm hints,13,64,random,cycle,acyclic,18040,0.9988913525498891,0.9983681561109519,8,12
Synchronous + algorithm hints,13,64,random,cycle,cyclic,2739,0.9959839357429718,0.9771518215404956,4,7
Synchronous + algorithm hints,13,64,random,diameter,0–4,17276,0.9991896272285251,0.9988164345742601,9,5
Synchronous + algorithm hints,13,64,random,diameter,17–31,34,1.0,1.0,0,0
Synchronous + algorithm hints,13,64,random,diameter,5–8,2711,0.9944669863518997,0.9403713063060186,3,12
Synchronous + algorithm hints,13,64,random,diameter,9–16,758,0.9973614775725593,0.9973614775725593,0,2
Synchronous + algorithm hints,13,64,random,edge_distance,0–0,9210,0.9980456026058632,0.9977513303474719,3,15
Synchronous + algorithm hints,13,64,random,edge_distance,1–1,4087,0.9995106435037925,0.9984676060967093,1,1
Synchronous + algorithm hints,13,64,random,edge_distance,2–2,3393,1.0,1.0,0,0
Synchronous + algorithm hints,13,64,random,edge_distance,3–4,3525,0.9968794326241135,0.9939723310717914,8,3
Synchronous + algorithm hints,13,64,random,edge_distance,5–8,564,1.0,1.0,0,0
Synchronous + algorithm hints,13,64,random,liberties_vs_grid_light_cone,inside,20779,0.9985081091486597,0.9977070090237754,12,19
Synchronous + algorithm hints,13,64,random,liberties_vs_grid_light_cone,outside,0,,,0,0
Synchronous + algorithm hints,13,64,structured,all,all,29933,0.7799084622323188,0.7211261590836078,1111,5477
Synchronous + algorithm hints,13,64,structured,chain_distance_vs_depth,inside,24896,0.8390102827763496,0.7626573178623678,941,3067
Synchronous + algorithm hints,13,64,structured,chain_distance_vs_depth,outside,5037,0.48779035139964266,0.5558727223425621,170,2410
Synchronous + algorithm hints,13,64,structured,chain_size,0–1,617,1.0,1.0,0,0
Synchronous + algorithm hints,13,64,structured,chain_size,17–32,3151,0.658203744842907,0.6106936716670979,82,995
Synchronous + algorithm hints,13,64,structured,chain_size,2–4,1661,0.9957856712823601,0.9959136851898841,2,5
Synchronous + algorithm hints,13,64,structured,chain_size,33–64,3522,0.6856899488926746,0.7017747325173737,20,1087
Synchronous + algorithm hints,13,64,structured,chain_size,5–8,2742,0.9897884755652808,0.9930537066240672,9,19
Synchronous + algorithm hints,13,64,structured,chain_size,65–128,8942,0.5439498993513755,0.5990186072257624,842,3236
Synchronous + algorithm hints,13,64,structured,chain_size,9–16,9298,0.9687029468702947,0.957472976485255,156,135
Synchronous + algorithm hints,13,64,structured,cycle,acyclic,27753,0.7996252657370374,0.7406809608215431,1097,4464
Synchronous + algorithm hints,13,64,structured,cycle,cyclic,2180,0.5288990825688074,0.5045081535018163,14,1013
Synchronous + algorithm hints,13,64,structured,diameter,0–4,2902,0.9924190213645762,0.9958097758530815,7,15
Synchronous + algorithm hints,13,64,structured,diameter,17–31,5827,0.6610605800583491,0.6532507166873233,758,1217
Synchronous + algorithm hints,13,64,structured,diameter,32–63,3114,0.7145150931278099,0.8089765449520467,11,878
Synchronous + algorithm hints,13,64,structured,diameter,5–8,3702,0.990815775256618,0.9909902652451805,19,15
Synchronous + algorithm hints,13,64,structured,diameter,64–127,5037,0.48779035139964266,0.5558727223425621,170,2410
Synchronous + algorithm hints,13,64,structured,diameter,9–16,9351,0.8836488076141589,0.759705854728528,146,942
Synchronous + algorithm hints,13,64,structured,edge_distance,0–0,6577,0.9857077694997719,0.9857077694997719,11,83
Synchronous + algorithm hints,13,64,structured,edge_distance,1–1,18402,0.6942723616998152,0.641330049192442,1028,4598
Synchronous + algorithm hints,13,64,structured,edge_distance,2–2,3851,0.7920020773824981,0.666589867926159,60,741
Synchronous + algorithm hints,13,64,structured,edge_distance,3–4,1085,0.9382488479262673,0.8480328219691672,12,55
Synchronous + algorithm hints,13,64,structured,edge_distance,5–8,18,1.0,1.0,0,0
Synchronous + algorithm hints,13,64,structured,liberties_vs_grid_light_cone,inside,29933,0.7799084622323188,0.7211261590836078,1111,5477
Synchronous + algorithm hints,13,64,structured,liberties_vs_grid_light_cone,outside,0,,,0,0
Synchronous + algorithm hints,13,128,random,all,all,20779,0.9932624284133019,0.9863529301879472,76,64
Synchronous + algorithm hints,13,128,random,chain_distance_vs_depth,inside,20779,0.9932624284133019,0.9863529301879472,76,64
Synchronous + algorithm hints,13,128,random,chain_distance_vs_depth,outside,0,,,0,0
Synchronous + algorithm hints,13,128,random,chain_size,0–1,6845,0.9906501095690284,0.9873809727196396,42,22
Synchronous + algorithm hints,13,128,random,chain_size,17–32,309,1.0,1.0,0,0
Synchronous + algorithm hints,13,128,random,chain_size,2–4,8150,0.9961963190184049,0.9910365821792798,17,14
Synchronous + algorithm hints,13,128,random,chain_size,33–64,34,0.9705882352941176,0.9705882352941176,0,1
Synchronous + algorithm hints,13,128,random,chain_size,5–8,3609,0.9911332779163203,0.9408716579898856,17,15
Synchronous + algorithm hints,13,128,random,chain_size,9–16,1832,0.9934497816593887,0.99830220713073,0,12
Synchronous + algorithm hints,13,128,random,cycle,acyclic,18040,0.993569844789357,0.9877437829462975,65,51
Synchronous + algorithm hints,13,128,random,cycle,cyclic,2739,0.9912376779846659,0.9396301532211162,11,13
Synchronous + algorithm hints,13,128,random,diameter,0–4,17276,0.993574901597592,0.9880531926659044,69,42
Synchronous + algorithm hints,13,128,random,diameter,17–31,34,0.9705882352941176,0.9705882352941176,0,1
Synchronous + algorithm hints,13,128,random,diameter,5–8,2711,0.9911471781630394,0.8947768394480056,7,17
Synchronous + algorithm hints,13,128,random,diameter,9–16,758,0.9947229551451188,0.9947229551451188,0,4
Synchronous + algorithm hints,13,128,random,edge_distance,0–0,9210,0.9944625407166123,0.9917351398079512,22,29
Synchronous + algorithm hints,13,128,random,edge_distance,1–1,4087,0.9955957915341326,0.9853195321851713,14,4
Synchronous + algorithm hints,13,128,random,edge_distance,2–2,3393,0.9923371647509579,0.9824669041446915,10,16
Synchronous + algorithm hints,13,128,random,edge_distance,3–4,3525,0.9892198581560284,0.9718381834215483,25,13
Synchronous + algorithm hints,13,128,random,edge_distance,5–8,564,0.9875886524822695,0.9665882185137641,5,2
Synchronous + algorithm hints,13,128,random,liberties_vs_grid_light_cone,inside,20779,0.9932624284133019,0.9863529301879472,76,64
Synchronous + algorithm hints,13,128,random,liberties_vs_grid_light_cone,outside,0,,,0,0
Synchronous + algorithm hints,13,128,structured,all,all,29933,0.7519460127618348,0.6954719183417396,1243,6182
Synchronous + algorithm hints,13,128,structured,chain_distance_vs_depth,inside,29933,0.7519460127618348,0.6954719183417396,1243,6182
Synchronous + algorithm hints,13,128,structured,chain_distance_vs_depth,outside,0,,,0,0
Synchronous + algorithm hints,13,128,structured,chain_size,0–1,617,0.9854132901134521,0.9350729517396185,2,7
Synchronous + algorithm hints,13,128,structured,chain_size,17–32,3151,0.6540780704538242,0.6058222640038187,75,1015
Synchronous + algorithm hints,13,128,structured,chain_size,2–4,1661,0.9873570138470801,0.9826767740844118,12,9
Synchronous + algorithm hints,13,128,structured,chain_size,33–64,3522,0.6675184554230551,0.652369879919631,38,1133
Synchronous + algorithm hints,13,128,structured,chain_size,5–8,2742,0.9686360320933625,0.9608411475525421,53,33
Synchronous + algorithm hints,13,128,structured,chain_size,65–128,8942,0.5099530306419146,0.5686632631678119,856,3526
Synchronous + algorithm hints,13,128,structured,chain_size,9–16,9298,0.9283716928371692,0.9354567159613426,207,459
Synchronous + algorithm hints,13,128,structured,cycle,acyclic,27753,0.7702230389507441,0.7138609584149568,1231,5146
Synchronous + algorithm hints,13,128,structured,cycle,cyclic,2180,0.5192660550458715,0.49606090318372087,12,1036
Synchronous + algorithm hints,13,128,structured,diameter,0–4,2902,0.9769124741557547,0.9753127819883259,37,30
Synchronous + algorithm hints,13,128,structured,diameter,17–31,5827,0.632915737085979,0.6265221324466059,758,1381
Synchronous + algorithm hints,13,128,structured,diameter,32–63,3114,0.6987797045600513,0.7410382344073572,30,908
Synchronous + algorithm hints,13,128,structured,diameter,5–8,3702,0.9681253376553215,0.9764074785903895,52,66
Synchronous + algorithm hints,13,128,structured,diameter,64–127,5037,0.4552312884653564,0.5278347027917825,177,2567
Synchronous + algorithm hints,13,128,structured,diameter,9–16,9351,0.8482515239011871,0.7394627941457543,189,1230
Synchronous + algorithm hints,13,128,structured,edge_distance,0–0,6577,0.9265622624296792,0.9265622624296792,89,394
Synchronous + algorithm hints,13,128,structured,edge_distance,1–1,18402,0.6717204651668297,0.6151260936812599,1062,4979
Synchronous + algorithm hints,13,128,structured,edge_distance,2–2,3851,0.7860296027005973,0.6622274517678124,68,756
Synchronous + algorithm hints,13,128,structured,edge_distance,3–4,1085,0.9308755760368663,0.8617978510894406,22,53
Synchronous + algorithm hints,13,128,structured,edge_distance,5–8,18,0.8888888888888888,0.9259259259259259,2,0
Synchronous + algorithm hints,13,128,structured,liberties_vs_grid_light_cone,inside,29933,0.7519460127618348,0.6954719183417396,1243,6182
Synchronous + algorithm hints,13,128,structured,liberties_vs_grid_light_cone,outside,0,,,0,0
Synchronous + algorithm hints,13,256,random,all,all,20779,0.9730497136532076,0.9465427425894684,278,282
Synchronous + algorithm hints,13,256,random,chain_distance_vs_depth,inside,20779,0.9730497136532076,0.9465427425894684,278,282
Synchronous + algorithm hints,13,256,random,chain_distance_vs_depth,outside,0,,,0,0
Synchronous + algorithm hints,13,256,random,chain_size,0–1,6845,0.9574872169466764,0.944359821546548,165,126
Synchronous + algorithm hints,13,256,random,chain_size,17–32,309,0.9838187702265372,0.9838187702265372,0,5
Synchronous + algorithm hints,13,256,random,chain_size,2–4,8150,0.9788957055214724,0.944469479090583,90,82
Synchronous + algorithm hints,13,256,random,chain_size,33–64,34,0.9705882352941176,0.9705882352941176,0,1
Synchronous + algorithm hints,13,256,random,chain_size,5–8,3609,0.9822665558326407,0.9189341840609517,23,41
Synchronous + algorithm hints,13,256,random,chain_size,9–16,1832,0.9852620087336245,0.9961799660441426,0,27
Synchronous + algorithm hints,13,256,random,cycle,acyclic,18040,0.9721729490022173,0.9482130739087696,259,243
Synchronous + algorithm hints,13,256,random,cycle,cyclic,2739,0.9788243884629427,0.8907667645742068,19,39
Synchronous + algorithm hints,13,256,random,diameter,0–4,17276,0.9709423477656866,0.9476069700671788,271,231
Synchronous + algorithm hints,13,256,random,diameter,17–31,34,0.9705882352941176,0.9705882352941176,0,1
Synchronous + algorithm hints,13,256,random,diameter,5–8,2711,0.983400959055699,0.8910451245742586,7,38
Synchronous + algorithm hints,13,256,random,diameter,9–16,758,0.9841688654353562,0.9841688654353562,0,12
Synchronous + algorithm hints,13,256,random,edge_distance,0–0,9210,0.9824104234527687,0.9716717261460548,79,83
Synchronous + algorithm hints,13,256,random,edge_distance,1–1,4087,0.9730853927085882,0.9229055266125571,70,40
Synchronous + algorithm hints,13,256,random,edge_distance,2–2,3393,0.9666961391099322,0.9252329871768602,43,70
Synchronous + algorithm hints,13,256,random,edge_distance,3–4,3525,0.9594326241134752,0.8983078229448507,70,73
Synchronous + algorithm hints,13,256,random,edge_distance,5–8,564,0.9432624113475178,0.8968300971229897,16,16
Synchronous + algorithm hints,13,256,random,liberties_vs_grid_light_cone,inside,20779,0.9730497136532076,0.9465427425894684,278,282
Synchronous + algorithm hints,13,256,random,liberties_vs_grid_light_cone,outside,0,,,0,0
Synchronous + algorithm hints,13,256,structured,all,all,29933,0.7139611799685965,0.6681057970809777,1430,7132
Synchronous + algorithm hints,13,256,structured,chain_distance_vs_depth,inside,29933,0.7139611799685965,0.6681057970809777,1430,7132
Synchronous + algorithm hints,13,256,structured,chain_distance_vs_depth,outside,0,,,0,0
Synchronous + algorithm hints,13,256,structured,chain_size,0–1,617,0.965964343598055,0.8669472502805836,3,18
Synchronous + algorithm hints,13,256,structured,chain_size,17–32,3151,0.63344969850841,0.594384837895908,74,1081
Synchronous + algorithm hints,13,256,structured,chain_size,2–4,1661,0.9416014449127031,0.8813044359961458,35,62
Synchronous + algorithm hints,13,256,structured,chain_size,33–64,3522,0.6541737649063032,0.6479570015166791,56,1162
Synchronous + algorithm hints,13,256,structured,chain_size,5–8,2742,0.9288840262582057,0.9308813546082895,118,77
Synchronous + algorithm hints,13,256,structured,chain_size,65–128,8942,0.4897114739431894,0.5519627731864591,841,3722
Synchronous + algorithm hints,13,256,structured,chain_size,9–16,9298,0.8587868358786835,0.8908148486961148,303,1010
Synchronous + algorithm hints,13,256,structured,cycle,acyclic,27753,0.7288581414621843,0.6841179829327577,1419,6106
Synchronous + algorithm hints,13,256,structured,cycle,cyclic,2180,0.5243119266055046,0.5080404645233287,11,1026
Synchronous + algorithm hints,13,256,structured,diameter,0–4,2902,0.9393521709166093,0.9210325560770976,76,100
Synchronous + algorithm hints,13,256,structured,diameter,17–31,5827,0.6059721983868199,0.6018483027909733,754,1542
Synchronous + algorithm hints,13,256,structured,diameter,32–63,3114,0.6833654463712268,0.7302060859136805,48,938
Synchronous + algorithm hints,13,256,structured,diameter,5–8,3702,0.904105888708806,0.9233839948290892,124,231
Synchronous + algorithm hints,13,256,structured,diameter,64–127,5037,0.4363708556680564,0.5122474568326307,166,2673
Synchronous + algorithm hints,13,256,structured,diameter,9–16,9351,0.7957437707197091,0.7130548348828618,262,1648
Synchronous + algorithm hints,13,256,structured,edge_distance,0–0,6577,0.819978713699255,0.819978713699255,197,987
Synchronous + algorithm hints,13,256,structured,edge_distance,1–1,18402,0.655037495924356,0.5984763677679241,1076,5272
Synchronous + algorithm hints,13,256,structured,edge_distance,2–2,3851,0.7652557777200727,0.6447701961939325,98,806
Synchronous + algorithm hints,13,256,structured,edge_distance,3–4,1085,0.8857142857142857,0.7694121650532152,57,67
Synchronous + algorithm hints,13,256,structured,edge_distance,5–8,18,0.8888888888888888,0.9259259259259259,2,0
Synchronous + algorithm hints,13,256,structured,liberties_vs_grid_light_cone,inside,29933,0.7139611799685965,0.6681057970809777,1430,7132
Synchronous + algorithm hints,13,256,structured,liberties_vs_grid_light_cone,outside,0,,,0,0
Synchronous + algorithm hints,19,32,random,all,all,21482,0.9985569313844148,0.9982581547970467,21,10
Synchronous + algorithm hints,19,32,random,chain_distance_vs_depth,inside,21482,0.9985569313844148,0.9982581547970467,21,10
Synchronous + algorithm hints,19,32,random,chain_distance_vs_depth,outside,0,,,0,0
Synchronous + algorithm hints,19,32,random,chain_size,0–1,7203,1.0,1.0,0,0
Synchronous + algorithm hints,19,32,random,chain_size,17–32,381,1.0,1.0,0,0
Synchronous + algorithm hints,19,32,random,chain_size,2–4,8097,0.9991354822773867,0.9984862108512271,6,1
Synchronous + algorithm hints,19,32,random,chain_size,33–64,76,1.0,1.0,0,0
Synchronous + algorithm hints,19,32,random,chain_size,5–8,3661,0.9934444140945097,0.9762932761703687,15,9
Synchronous + algorithm hints,19,32,random,chain_size,9–16,2064,1.0,1.0,0,0
Synchronous + algorithm hints,19,32,random,cycle,acyclic,18584,0.9991390443392165,0.9991899722832408,6,10
Synchronous + algorithm hints,19,32,random,cycle,cyclic,2898,0.994824016563147,0.9649227799227799,15,0
Synchronous + algorithm hints,19,32,random,diameter,0–4,17680,0.9992081447963801,0.998951680104678,13,1
Synchronous + algorithm hints,19,32,random,diameter,17–31,102,1.0,1.0,0,0
Synchronous + algorithm hints,19,32,random,diameter,5–8,2769,0.9938605994944023,0.9639787713879492,8,9
Synchronous + algorithm hints,19,32,random,diameter,9–16,931,1.0,1.0,0,0
Synchronous + algorithm hints,19,32,random,edge_distance,0–0,6883,0.9986924306261804,0.9986111116573799,8,1
Synchronous + algorithm hints,19,32,random,edge_distance,1–1,3450,0.9991304347826087,0.9989019033674964,0,3
Synchronous + algorithm hints,19,32,random,edge_distance,2–2,3109,0.997748472177549,0.9949275362318841,7,0
Synchronous + algorithm hints,19,32,random,edge_distance,3–4,4429,0.9977421539850982,0.9978196314426501,4,6
Synchronous + algorithm hints,19,32,random,edge_distance,5–8,3590,0.9994428969359331,0.9990253411306043,2,0
Synchronous + algorithm hints,19,32,random,edge_distance,9+,21,1.0,1.0,0,0
Synchronous + algorithm hints,19,32,random,liberties_vs_grid_light_cone,inside,21482,0.9985569313844148,0.9982581547970467,21,10
Synchronous + algorithm hints,19,32,random,liberties_vs_grid_light_cone,outside,0,,,0,0
Synchronous + algorithm hints,19,32,structured,all,all,33903,0.6159926850131257,0.5499090677457313,4258,8761
Synchronous + algorithm hints,19,32,structured,chain_distance_vs_depth,inside,16519,0.7868515043283492,0.657614434277076,2059,1462
Synchronous + algorithm hints,19,32,structured,chain_distance_vs_depth,outside,17384,0.45363552692130693,0.4416555820275,2199,7299
Synchronous + algorithm hints,19,32,structured,chain_size,0–1,441,1.0,1.0,0,0
Synchronous + algorithm hints,19,32,structured,chain_size,129+,13106,0.40614985502823137,0.4084701644570594,1768,6015
Synchronous + algorithm hints,19,32,structured,chain_size,17–32,4359,0.7983482450103234,0.7205041456954443,311,568
Synchronous + algorithm hints,19,32,structured,chain_size,2–4,764,1.0,1.0,0,0
Synchronous + algorithm hints,19,32,structured,chain_size,33–64,2739,0.5125958378970427,0.47929815534851034,231,1104
Synchronous + algorithm hints,19,32,structured,chain_size,5–8,935,0.9925133689839573,0.9956467661691543,3,4
Synchronous + algorithm hints,19,32,structured,chain_size,65–128,2671,0.6106327218270311,0.6966484725839092,220,820
Synchronous + algorithm hints,19,32,structured,chain_size,9–16,8888,0.7777902790279028,0.7956879164046987,1725,250
Synchronous + algorithm hints,19,32,structured,cycle,acyclic,32175,0.6271328671328671,0.5606964331460743,4238,7759
Synchronous + algorithm hints,19,32,structured,cycle,cyclic,1728,0.4085648148148148,0.3847302371872072,20,1002
Synchronous + algorithm hints,19,32,structured,diameter,0–4,1355,1.0,1.0,0,0
Synchronous + algorithm hints,19,32,structured,diameter,128+,6827,0.3364581807528929,0.3469420640670061,160,4370
Synchronous + algorithm hints,19,32,structured,diameter,17–31,1656,0.5320048309178744,0.4573185848815673,76,699
Synchronous + algorithm hints,19,32,structured,diameter,32–63,7886,0.5019021049961958,0.46593141923311876,1819,2109
Synchronous + algorithm hints,19,32,structured,diameter,5–8,1107,0.964769647696477,0.9735066707095209,26,13
Synchronous + algorithm hints,19,32,structured,diameter,64–127,2671,0.6106327218270311,0.6966484725839092,220,820
Synchronous + algorithm hints,19,32,structured,diameter,9–16,12401,0.7817111523264253,0.6820315800528283,1957,750
Synchronous + algorithm hints,19,32,structured,edge_distance,0–0,5540,0.8785198555956679,0.8785198555956679,286,387
Synchronous + algorithm hints,19,32,structured,edge_distance,1–1,22676,0.5296348562356676,0.46012222509971534,3489,7177
Synchronous + algorithm hints,19,32,structured,edge_distance,2–2,3243,0.700277520814061,0.5477946740546042,344,628
Synchronous + algorithm hints,19,32,structured,edge_distance,3–4,2098,0.680648236415634,0.48212197469174967,139,531
Synchronous + algorithm hints,19,32,structured,edge_distance,5–8,346,0.8901734104046243,0.8173076923076923,0,38
Synchronous + algorithm hints,19,32,structured,liberties_vs_grid_light_cone,inside,33903,0.6159926850131257,0.5499090677457313,4258,8761
Synchronous + algorithm hints,19,32,structured,liberties_vs_grid_light_cone,outside,0,,,0,0
Synchronous + algorithm hints,19,64,random,all,all,21482,0.9978586723768736,0.996551582783648,31,15
Synchronous + algorithm hints,19,64,random,chain_distance_vs_depth,inside,21482,0.9978586723768736,0.996551582783648,31,15
Synchronous + algorithm hints,19,64,random,chain_distance_vs_depth,outside,0,,,0,0
Synchronous + algorithm hints,19,64,random,chain_size,0–1,7203,0.9994446758295155,0.9989361702127659,4,0
Synchronous + algorithm hints,19,64,random,chain_size,17–32,381,1.0,1.0,0,0
Synchronous + algorithm hints,19,64,random,chain_size,2–4,8097,0.9985179696183771,0.9968438194953941,10,2
Synchronous + algorithm hints,19,64,random,chain_size,33–64,76,1.0,1.0,0,0
Synchronous + algorithm hints,19,64,random,chain_size,5–8,3661,0.9918055176181371,0.9649221818873832,17,13
Synchronous + algorithm hints,19,64,random,chain_size,9–16,2064,1.0,1.0,0,0
Synchronous + algorithm hints,19,64,random,cycle,acyclic,18584,0.998493327593629,0.997863172841928,14,14
Synchronous + algorithm hints,19,64,random,cycle,cyclic,2898,0.9937888198757764,0.9473651762361439,17,1
Synchronous + algorithm hints,19,64,random,diameter,0–4,17680,0.998472850678733,0.9972705400457231,23,4
Synchronous + algorithm hints,19,64,random,diameter,17–31,102,1.0,1.0,0,0
Synchronous + algorithm hints,19,64,random,diameter,5–8,2769,0.9931383170819791,0.9637238319360689,8,11
Synchronous + algorithm hints,19,64,random,diameter,9–16,931,1.0,1.0,0,0
Synchronous + algorithm hints,19,64,random,edge_distance,0–0,6883,0.9978207177103008,0.9968351446143231,13,2
Synchronous + algorithm hints,19,64,random,edge_distance,1–1,3450,0.9991304347826087,0.9989019033674964,0,3
Synchronous + algorithm hints,19,64,random,edge_distance,2–2,3109,0.9967835316822129,0.9929054826024302,8,2
Synchronous + algorithm hints,19,64,random,edge_distance,3–4,4429,0.9972905847821179,0.9971002664841866,5,7
Synchronous + algorithm hints,19,64,random,edge_distance,5–8,3590,0.9983286908077994,0.9957249681126052,5,1
Synchronous + algorithm hints,19,64,random,edge_distance,9+,21,1.0,1.0,0,0
Synchronous + algorithm hints,19,64,random,liberties_vs_grid_light_cone,inside,21482,0.9978586723768736,0.996551582783648,31,15
Synchronous + algorithm hints,19,64,random,liberties_vs_grid_light_cone,outside,0,,,0,0
Synchronous + algorithm hints,19,64,structured,all,all,33903,0.6339556971359467,0.5678972103189539,3973,8437
Synchronous + algorithm hints,19,64,structured,chain_distance_vs_depth,inside,24405,0.7162876459741856,0.6171498828102723,3452,3472
Synchronous + algorithm hints,19,64,structured,chain_distance_vs_depth,outside,9498,0.42240471678248054,0.4047966926191956,521,4965
Synchronous + algorithm hints,19,64,structured,chain_size,0–1,441,1.0,1.0,0,0
Synchronous + algorithm hints,19,64,structured,chain_size,129+,13106,0.4642148634213337,0.46563278070396086,1756,5266
Synchronous + algorithm hints,19,64,structured,chain_size,17–32,4359,0.7547602661160817,0.7040251956940857,288,781
Synchronous + algorithm hints,19,64,structured,chain_size,2–4,764,1.0,1.0,0,0
Synchronous + algorithm hints,19,64,structured,chain_size,33–64,2739,0.5180722891566265,0.4876899703855529,193,1127
Synchronous + algorithm hints,19,64,structured,chain_size,5–8,935,0.9796791443850268,0.9881840796019901,6,13
Synchronous + algorithm hints,19,64,structured,chain_size,65–128,2671,0.5705728191688506,0.6634094017989836,194,953
Synchronous + algorithm hints,19,64,structured,chain_size,9–16,8888,0.7937668766876688,0.7863103086158489,1536,297
Synchronous + algorithm hints,19,64,structured,cycle,acyclic,32175,0.6458119658119658,0.5803003945955576,3973,7423
Synchronous + algorithm hints,19,64,structured,cycle,cyclic,1728,0.4131944444444444,0.3843406777218499,0,1014
Synchronous + algorithm hints,19,64,structured,diameter,0–4,1355,1.0,1.0,0,0
Synchronous + algorithm hints,19,64,structured,diameter,128+,6827,0.3644353303061374,0.39291077788425743,327,4012
Synchronous + algorithm hints,19,64,structured,diameter,17–31,1656,0.5446859903381642,0.4687716082325916,40,714
Synchronous + algorithm hints,19,64,structured,diameter,32–63,7886,0.5745625158508749,0.5247095287747631,1622,1733
Synchronous + algorithm hints,19,64,structured,diameter,5–8,1107,0.960252935862692,0.9716393774004447,22,22
Synchronous + algorithm hints,19,64,structured,diameter,64–127,2671,0.5705728191688506,0.6634094017989836,194,953
Synchronous + algorithm hints,19,64,structured,diameter,9–16,12401,0.7765502782033707,0.6724166882413167,1768,1003
Synchronous + algorithm hints,19,64,structured,edge_distance,0–0,5540,0.8395306859205777,0.8395306859205777,279,610
Synchronous + algorithm hints,19,64,structured,edge_distance,1–1,22676,0.568795201975657,0.49272398073049384,3230,6548
Synchronous + algorithm hints,19,64,structured,edge_distance,2–2,3243,0.6981190255935862,0.5399920158496052,282,697
Synchronous + algorithm hints,19,64,structured,edge_distance,3–4,2098,0.6539561487130601,0.45143075992634235,182,544
Synchronous + algorithm hints,19,64,structured,edge_distance,5–8,346,0.8901734104046243,0.8173076923076923,0,38
Synchronous + algorithm hints,19,64,structured,liberties_vs_grid_light_cone,inside,33903,0.6339556971359467,0.5678972103189539,3973,8437
Synchronous + algorithm hints,19,64,structured,liberties_vs_grid_light_cone,outside,0,,,0,0
Synchronous + algorithm hints,19,128,random,all,all,21482,0.9933432641281073,0.9844952622958725,84,59
Synchronous + algorithm hints,19,128,random,chain_distance_vs_depth,inside,21482,0.9933432641281073,0.9844952622958725,84,59
Synchronous + algorithm hints,19,128,random,chain_distance_vs_depth,outside,0,,,0,0
Synchronous + algorithm hints,19,128,random,chain_size,0–1,7203,0.9911148132722477,0.9866477552874161,42,22
Synchronous + algorithm hints,19,128,random,chain_size,17–32,381,1.0,1.0,0,0
Synchronous + algorithm hints,19,128,random,chain_size,2–4,8097,0.9953069037915278,0.9861509479964722,22,16
Synchronous + algorithm hints,19,128,random,chain_size,33–64,76,1.0,1.0,0,0
Synchronous + algorithm hints,19,128,random,chain_size,5–8,3661,0.9898934717290357,0.9513581051482575,20,17
Synchronous + algorithm hints,19,128,random,chain_size,9–16,2064,0.998062015503876,0.9665004156275977,0,4
Synchronous + algorithm hints,19,128,random,cycle,acyclic,18584,0.993596642272923,0.9860950511757847,65,54
Synchronous + algorithm hints,19,128,random,cycle,cyclic,2898,0.9917184265010351,0.9210055161003927,19,5
Synchronous + algorithm hints,19,128,random,diameter,0–4,17680,0.9932126696832579,0.9853466014901425,76,44
Synchronous + algorithm hints,19,128,random,diameter,17–31,102,1.0,1.0,0,0
Synchronous + algorithm hints,19,128,random,diameter,5–8,2769,0.9916937522571325,0.9435963622101289,8,15
Synchronous + algorithm hints,19,128,random,diameter,9–16,931,1.0,1.0,0,0
Synchronous + algorithm hints,19,128,random,edge_distance,0–0,6883,0.9954961499346215,0.9926935630341261,21,10
Synchronous + algorithm hints,19,128,random,edge_distance,1–1,3450,0.9965217391304347,0.9841473819480286,8,4
Synchronous + algorithm hints,19,128,random,edge_distance,2–2,3109,0.9906722418784175,0.967944685425023,21,8
Synchronous + algorithm hints,19,128,random,edge_distance,3–4,4429,0.9909686159403929,0.9768216366016536,19,21
Synchronous + algorithm hints,19,128,random,edge_distance,5–8,3590,0.9913649025069637,0.9782254577241689,15,16
Synchronous + algorithm hints,19,128,random,edge_distance,9+,21,1.0,1.0,0,0
Synchronous + algorithm hints,19,128,random,liberties_vs_grid_light_cone,inside,21482,0.9933432641281073,0.9844952622958725,84,59
Synchronous + algorithm hints,19,128,random,liberties_vs_grid_light_cone,outside,0,,,0,0
Synchronous + algorithm hints,19,128,structured,all,all,33903,0.6171725216057576,0.5545045068058649,3736,9243
Synchronous + algorithm hints,19,128,structured,chain_distance_vs_depth,inside,27076,0.6797532870438765,0.5946581374397144,3350,5321
Synchronous + algorithm hints,19,128,structured,chain_distance_vs_depth,outside,6827,0.36897612421268494,0.403866298855886,386,3922
Synchronous + algorithm hints,19,128,structured,chain_size,0–1,441,1.0,1.0,0,0
Synchronous + algorithm hints,19,128,structured,chain_size,129+,13106,0.46368075690523425,0.46489422086978527,1724,5305
Synchronous + algorithm hints,19,128,structured,chain_size,17–32,4359,0.6519844000917642,0.6715638819382547,275,1242
Synchronous + algorithm hints,19,128,structured,chain_size,2–4,764,0.9947643979057592,0.9918024642289348,2,2
Synchronous + algorithm hints,19,128,structured,chain_size,33–64,2739,0.5100401606425703,0.4815378451059108,180,1162
Synchronous + algorithm hints,19,128,structured,chain_size,5–8,935,0.9711229946524064,0.9822384890832462,8,19
Synchronous + algorithm hints,19,128,structured,chain_size,65–128,2671,0.5716959940097341,0.6581083266687039,119,1025
Synchronous + algorithm hints,19,128,structured,chain_size,9–16,8888,0.7844284428442845,0.7528231029346854,1428,488
Synchronous + algorithm hints,19,128,structured,cycle,acyclic,32175,0.6280963480963481,0.5664609552707476,3736,8230
Synchronous + algorithm hints,19,128,structured,cycle,cyclic,1728,0.41377314814814814,0.3848214469526191,0,1013
Synchronous + algorithm hints,19,128,structured,diameter,0–4,1355,0.9955719557195571,0.9939211464069974,2,4
Synchronous + algorithm hints,19,128,structured,diameter,128+,6827,0.36897612421268494,0.403866298855886,386,3922
Synchronous + algorithm hints,19,128,structured,diameter,17–31,1656,0.5458937198067633,0.47018005893681697,37,715
Synchronous + algorithm hints,19,128,structured,diameter,32–63,7886,0.5669540958660918,0.5188153678287423,1518,1897
Synchronous + algorithm hints,19,128,structured,diameter,5–8,1107,0.950316169828365,0.9505280978370729,22,33
Synchronous + algorithm hints,19,128,structured,diameter,64–127,2671,0.5716959940097341,0.6581083266687039,119,1025
Synchronous + algorithm hints,19,128,structured,diameter,9–16,12401,0.7339730666881703,0.6445252181754589,1652,1647
Synchronous + algorithm hints,19,128,structured,edge_distance,0–0,5540,0.7283393501805054,0.7283393501805054,283,1222
Synchronous + algorithm hints,19,128,structured,edge_distance,1–1,22676,0.5689275004409949,0.4874332851377938,3046,6729
Synchronous + algorithm hints,19,128,structured,edge_distance,2–2,3243,0.7049028677150786,0.5392105046964095,239,718
Synchronous + algorithm hints,19,128,structured,edge_distance,3–4,2098,0.6668255481410867,0.4643002377462519,162,537
Synchronous + algorithm hints,19,128,structured,edge_distance,5–8,346,0.8757225433526011,0.8111664795058956,6,37
Synchronous + algorithm hints,19,128,structured,liberties_vs_grid_light_cone,inside,33903,0.6171725216057576,0.5545045068058649,3736,9243
Synchronous + algorithm hints,19,128,structured,liberties_vs_grid_light_cone,outside,0,,,0,0
Synchronous + algorithm hints,19,256,random,all,all,21482,0.9751885299320361,0.9454947769798372,261,272
Synchronous + algorithm hints,19,256,random,chain_distance_vs_depth,inside,21482,0.9751885299320361,0.9454947769798372,261,272
Synchronous + algorithm hints,19,256,random,chain_distance_vs_depth,outside,0,,,0,0
Synchronous + algorithm hints,19,256,random,chain_size,0–1,7203,0.9555740663612384,0.9372350316823027,170,150
Synchronous + algorithm hints,19,256,random,chain_size,17–32,381,0.9868766404199475,0.9868766404199475,0,5
Synchronous + algorithm hints,19,256,random,chain_size,2–4,8097,0.9825861430159318,0.9508558962665297,69,72
Synchronous + algorithm hints,19,256,random,chain_size,33–64,76,1.0,1.0,0,0
Synchronous + algorithm hints,19,256,random,chain_size,5–8,3661,0.9847036328871893,0.9344964937415171,22,34
Synchronous + algorithm hints,19,256,random,chain_size,9–16,2064,0.9946705426356589,0.987226378498199,0,11
Synchronous + algorithm hints,19,256,random,cycle,acyclic,18584,0.9732565647869135,0.9463492475420563,239,258
Synchronous + algorithm hints,19,256,random,cycle,cyclic,2898,0.9875776397515528,0.8985190682439259,22,14
Synchronous + algorithm hints,19,256,random,diameter,0–4,17680,0.9720588235294118,0.9456520659874758,253,241
Synchronous + algorithm hints,19,256,random,diameter,17–31,102,1.0,1.0,0,0
Synchronous + algorithm hints,19,256,random,diameter,5–8,2769,0.9891657638136512,0.9557824680100014,8,22
Synchronous + algorithm hints,19,256,random,diameter,9–16,931,0.9903329752953813,0.995114006514658,0,9
Synchronous + algorithm hints,19,256,random,edge_distance,0–0,6883,0.9840185965422055,0.9737982709820151,56,54
Synchronous + algorithm hints,19,256,random,edge_distance,1–1,3450,0.9866666666666667,0.9503089715056541,24,22
Synchronous + algorithm hints,19,256,random,edge_distance,2–2,3109,0.9671920231585719,0.9071506753683656,52,50
Synchronous + algorithm hints,19,256,random,edge_distance,3–4,4429,0.9704222172047866,0.9154205639606454,69,62
Synchronous + algorithm hints,19,256,random,edge_distance,5–8,3590,0.96016713091922,0.9116927622268685,60,83
Synchronous + algorithm hints,19,256,random,edge_distance,9+,21,0.9523809523809523,0.9642857142857143,0,1
Synchronous + algorithm hints,19,256,random,liberties_vs_grid_light_cone,inside,21482,0.9751885299320361,0.9454947769798372,261,272
Synchronous + algorithm hints,19,256,random,liberties_vs_grid_light_cone,outside,0,,,0,0
Synchronous + algorithm hints,19,256,structured,all,all,33903,0.5957584874494882,0.5382941335630718,3731,9974
Synchronous + algorithm hints,19,256,structured,chain_distance_vs_depth,inside,33903,0.5957584874494882,0.5382941335630718,3731,9974
Synchronous + algorithm hints,19,256,structured,chain_distance_vs_depth,outside,0,,,0,0
Synchronous + algorithm hints,19,256,structured,chain_size,0–1,441,0.9886621315192744,0.977217553688142,0,5
Synchronous + algorithm hints,19,256,structured,chain_size,129+,13106,0.4573477796429116,0.45844676978756727,1659,5453
Synchronous + algorithm hints,19,256,structured,chain_size,17–32,4359,0.5863730213351687,0.6465620162490512,246,1557
Synchronous + algorithm hints,19,256,structured,chain_size,2–4,764,0.9319371727748691,0.9601632882882883,5,47
Synchronous + algorithm hints,19,256,structured,chain_size,33–64,2739,0.49981745162468055,0.47134881749310753,200,1170
Synchronous + algorithm hints,19,256,structured,chain_size,5–8,935,0.9422459893048128,0.9567132490414172,26,28
Synchronous + algorithm hints,19,256,structured,chain_size,65–128,2671,0.5630849868962935,0.6123881095791026,110,1057
Synchronous + algorithm hints,19,256,structured,chain_size,9–16,8888,0.759000900090009,0.7230262157509788,1485,657
Synchronous + algorithm hints,19,256,structured,cycle,acyclic,32175,0.6055322455322455,0.5497195222583682,3729,8963
Synchronous + algorithm hints,19,256,structured,cycle,cyclic,1728,0.41377314814814814,0.3844809020808243,2,1011
Synchronous + algorithm hints,19,256,structured,diameter,0–4,1355,0.9542435424354243,0.9602638251091226,5,57
Synchronous + algorithm hints,19,256,structured,diameter,128+,6827,0.362824080855427,0.39720329012147193,378,3972
Synchronous + algorithm hints,19,256,structured,diameter,17–31,1656,0.553743961352657,0.4796273522518969,33,706
Synchronous + algorithm hints,19,256,structured,diameter,32–63,7886,0.5582044128835911,0.5142686876385377,1481,2003
Synchronous + algorithm hints,19,256,structured,diameter,5–8,1107,0.9069557362240289,0.9208156458459673,53,50
Synchronous + algorithm hints,19,256,structured,diameter,64–127,2671,0.5630849868962935,0.6123881095791026,110,1057
Synchronous + algorithm hints,19,256,structured,diameter,9–16,12401,0.6935730989436336,0.6178631196073249,1671,2129
Synchronous + algorithm hints,19,256,structured,edge_distance,0–0,5540,0.6348375451263538,0.6348375451263538,296,1727
Synchronous + algorithm hints,19,256,structured,edge_distance,1–1,22676,0.5613864879167402,0.4773291836140328,2988,6958
Synchronous + algorithm hints,19,256,structured,edge_distance,2–2,3243,0.6993524514338575,0.5355821680297375,251,724
Synchronous + algorithm hints,19,256,structured,edge_distance,3–4,2098,0.6649189704480457,0.46308158910995056,175,528
Synchronous + algorithm hints,19,256,structured,edge_distance,5–8,346,0.8323699421965318,0.7869679221117607,21,37
Synchronous + algorithm hints,19,256,structured,liberties_vs_grid_light_cone,inside,33903,0.5957584874494882,0.5382941335630718,3731,9974
Synchronous + algorithm hints,19,256,structured,liberties_vs_grid_light_cone,outside,0,,,0,0
Synchronous + algorithm hints,25,32,random,all,all,20533,0.9963473433010276,0.9945211633620621,56,19
Synchronous + algorithm hints,25,32,random,chain_distance_vs_depth,inside,20533,0.9963473433010276,0.9945211633620621,56,19
Synchronous + algorithm hints,25,32,random,chain_distance_vs_depth,outside,0,,,0,0
Synchronous + algorithm hints,25,32,random,chain_size,0–1,5954,1.0,1.0,0,0
Synchronous + algorithm hints,25,32,random,chain_size,17–32,598,1.0,1.0,0,0
Synchronous + algorithm hints,25,32,random,chain_size,2–4,7688,0.9971383975026015,0.9946666421352875,21,1
Synchronous + algorithm hints,25,32,random,chain_size,5–8,4057,0.9933448360857776,0.9771272844506237,19,8
Synchronous + algorithm hints,25,32,random,chain_size,9–16,2236,0.9883720930232558,0.8143862627868191,16,10
Synchronous + algorithm hints,25,32,random,cycle,acyclic,17259,0.9972767831276436,0.9966018710992675,29,18
Synchronous + algorithm hints,25,32,random,cycle,cyclic,3274,0.9914477703115455,0.9428196323176341,27,1
Synchronous + algorithm hints,25,32,random,diameter,0–4,16288,0.9974828094302554,0.9965651447375157,40,1
Synchronous + algorithm hints,25,32,random,diameter,17–31,83,1.0,1.0,0,0
Synchronous + algorithm hints,25,32,random,diameter,5–8,3072,0.9889322916666666,0.9176701119883863,16,18
Synchronous + algorithm hints,25,32,random,diameter,9–16,1090,1.0,1.0,0,0
Synchronous + algorithm hints,25,32,random,edge_distance,0–0,5479,0.9968972440226319,0.9957913413271401,16,1
Synchronous + algorithm hints,25,32,random,edge_distance,1–1,2507,0.9956122856003191,0.9921431491746033,10,1
Synchronous + algorithm hints,25,32,random,edge_distance,2–2,2385,0.9966457023060796,0.9986910994764397,0,8
Synchronous + algorithm hints,25,32,random,edge_distance,3–4,4038,0.9972758791480931,0.995373833859325,11,0
Synchronous + algorithm hints,25,32,random,edge_distance,5–8,5012,0.9946129289704708,0.9908076984271298,18,9
Synchronous + algorithm hints,25,32,random,edge_distance,9+,1112,0.9991007194244604,0.9985632183908046,1,0
Synchronous + algorithm hints,25,32,random,liberties_vs_grid_light_cone,inside,20533,0.9963473433010276,0.9945211633620621,56,19
Synchronous + algorithm hints,25,32,random,liberties_vs_grid_light_cone,outside,0,,,0,0
Synchronous + algorithm hints,25,32,structured,all,all,29485,0.5074444632864168,0.43678947937769885,5370,9153
Synchronous + algorithm hints,25,32,structured,chain_distance_vs_depth,inside,12533,0.5842974547195404,0.5861895302989737,3208,2002
Synchronous + algorithm hints,25,32,structured,chain_distance_vs_depth,outside,16952,0.45062529495044834,0.39011352211798933,2162,7151
Synchronous + algorithm hints,25,32,structured,chain_size,0–1,236,1.0,1.0,0,0
Synchronous + algorithm hints,25,32,structured,chain_size,129+,14617,0.4450981733597866,0.37312133795946134,1937,6174
Synchronous + algorithm hints,25,32,structured,chain_size,17–32,9562,0.5167329010667224,0.6640920962911314,2997,1624
Synchronous + algorithm hints,25,32,structured,chain_size,2–4,597,1.0,1.0,0,0
Synchronous + algorithm hints,25,32,structured,chain_size,33–64,1068,0.599250936329588,0.5530508255933952,66,362
Synchronous + algorithm hints,25,32,structured,chain_size,5–8,295,0.9525423728813559,0.9704641350210971,7,7
Synchronous + algorithm hints,25,32,structured,chain_size,65–128,1811,0.4240750966316952,0.41219561684446704,159,884
Synchronous + algorithm hints,25,32,structured,chain_size,9–16,1299,0.7644341801385681,0.7197131522734207,204,102
Synchronous + algorithm hints,25,32,structured,cycle,acyclic,28345,0.5092608925736462,0.4383169865179651,5370,8540
Synchronous + algorithm hints,25,32,structured,cycle,cyclic,1140,0.46228070175438596,0.4359378366731308,0,613
Synchronous + algorithm hints,25,32,structured,diameter,0–4,884,1.0,1.0,0,0
Synchronous + algorithm hints,25,32,structured,diameter,128+,10312,0.4917571761055081,0.372452599853856,951,4290
Synchronous + algorithm hints,25,32,structured,diameter,17–31,9919,0.5191047484625466,0.5237979190971667,2877,1893
Synchronous + algorithm hints,25,32,structured,diameter,32–63,1120,0.5508928571428572,0.46990134089868196,66,437
Synchronous + algorithm hints,25,32,structured,diameter,5–8,307,0.9511400651465798,0.9739583333333334,8,7
Synchronous + algorithm hints,25,32,structured,diameter,64–127,5520,0.35344202898550725,0.3913374136533794,1145,2424
Synchronous + algorithm hints,25,32,structured,diameter,9–16,1423,0.7013352073085032,0.6598516218081435,323,102
Synchronous + algorithm hints,25,32,structured,edge_distance,0–0,3836,0.5232012513034411,0.5232012513034411,273,1556
Synchronous + algorithm hints,25,32,structured,edge_distance,1–1,21333,0.46796043688182626,0.3727046288328049,4422,6928
Synchronous + algorithm hints,25,32,structured,edge_distance,2–2,2151,0.6522547652254765,0.45463282561195734,508,240
Synchronous + algorithm hints,25,32,structured,edge_distance,3–4,1326,0.6719457013574661,0.5179790621716966,125,310
Synchronous + algorithm hints,25,32,structured,edge_distance,5–8,838,0.8078758949880668,0.7522332206663448,42,119
Synchronous + algorithm hints,25,32,structured,edge_distance,9+,1,1.0,1.0,0,0
Synchronous + algorithm hints,25,32,structured,liberties_vs_grid_light_cone,inside,29485,0.5074444632864168,0.43678947937769885,5370,9153
Synchronous + algorithm hints,25,32,structured,liberties_vs_grid_light_cone,outside,0,,,0,0
Synchronous + algorithm hints,25,64,random,all,all,20533,0.9959577265864705,0.9933811271008475,59,24
Synchronous + algorithm hints,25,64,random,chain_distance_vs_depth,inside,20533,0.9959577265864705,0.9933811271008475,59,24
Synchronous + algorithm hints,25,64,random,chain_distance_vs_depth,outside,0,,,0,0
Synchronous + algorithm hints,25,64,random,chain_size,0–1,5954,0.9988243197850185,0.9982478870005194,6,1
Synchronous + algorithm hints,25,64,random,chain_size,17–32,598,1.0,1.0,0,0
Synchronous + algorithm hints,25,64,random,chain_size,2–4,7688,0.9970083246618107,0.994431807562166,19,4
Synchronous + algorithm hints,25,64,random,chain_size,5–8,4057,0.9933448360857776,0.9771272844506237,19,8
Synchronous + algorithm hints,25,64,random,chain_size,9–16,2236,0.9883720930232558,0.8218461186472313,15,11
Synchronous + algorithm hints,25,64,random,cycle,acyclic,17259,0.9966973752824613,0.9953876545945761,34,23
Synchronous + algorithm hints,25,64,random,cycle,cyclic,3274,0.9920586438607208,0.9403251117602769,25,1
Synchronous + algorithm hints,25,64,random,diameter,0–4,16288,0.9969916502946955,0.9953243341686813,44,5
Synchronous + algorithm hints,25,64,random,diameter,17–31,83,1.0,1.0,0,0
Synchronous + algorithm hints,25,64,random,diameter,5–8,3072,0.9892578125,0.9213465825766216,15,18
Synchronous + algorithm hints,25,64,random,diameter,9–16,1090,0.9990825688073395,0.9995353159851301,0,1
Synchronous + algorithm hints,25,64,random,edge_distance,0–0,5479,0.9965322139076473,0.9952485185366109,16,3
Synchronous + algorithm hints,25,64,random,edge_distance,1–1,2507,0.9964100518548066,0.9931451531826194,8,1
Synchronous + algorithm hints,25,64,random,edge_distance,2–2,2385,0.9962264150943396,0.9985274869109948,0,9
Synchronous + algorithm hints,25,64,random,edge_distance,3–4,4038,0.9965329370975731,0.993323079800437,13,1
Synchronous + algorithm hints,25,64,random,edge_distance,5–8,5012,0.9938148443735035,0.9873004001634984,21,10
Synchronous + algorithm hints,25,64,random,edge_distance,9+,1112,0.9991007194244604,0.9985632183908046,1,0
Synchronous + algorithm hints,25,64,random,liberties_vs_grid_light_cone,inside,20533,0.9959577265864705,0.9933811271008475,59,24
Synchronous + algorithm hints,25,64,random,liberties_vs_grid_light_cone,outside,0,,,0,0
Synchronous + algorithm hints,25,64,structured,all,all,29485,0.5087332541970494,0.42299555249654575,5927,8558
Synchronous + algorithm hints,25,64,structured,chain_distance_vs_depth,inside,13653,0.5507214531604776,0.5175487260486236,3408,2726
Synchronous + algorithm hints,25,64,structured,chain_distance_vs_depth,outside,15832,0.47252400202122286,0.38993783055978315,2519,5832
Synchronous + algorithm hints,25,64,structured,chain_size,0–1,236,1.0,1.0,0,0
Synchronous + algorithm hints,25,64,structured,chain_size,129+,14617,0.4797838133679962,0.38755503978111616,2303,5301
Synchronous + algorithm hints,25,64,structured,chain_size,17–32,9562,0.4772014222965907,0.6757518656109993,3077,1922
Synchronous + algorithm hints,25,64,structured,chain_size,2–4,597,0.998324958123953,0.9995404411764706,1,0
Synchronous + algorithm hints,25,64,structured,chain_size,33–64,1068,0.599250936329588,0.5530508255933952,88,340
Synchronous + algorithm hints,25,64,structured,chain_size,5–8,295,0.8779661016949153,0.9240506329113924,29,7
Synchronous + algorithm hints,25,64,structured,chain_size,65–128,1811,0.3931529541689674,0.3821238002997941,216,883
Synchronous + algorithm hints,25,64,structured,chain_size,9–16,1299,0.7551963048498845,0.7164174549893195,213,105
Synchronous + algorithm hints,25,64,structured,cycle,acyclic,28345,0.5108837537484565,0.42408469603404797,5927,7937
Synchronous + algorithm hints,25,64,structured,cycle,cyclic,1140,0.45526315789473687,0.42998545572074987,0,621
Synchronous + algorithm hints,25,64,structured,diameter,0–4,884,0.998868778280543,0.999685534591195,1,0
Synchronous + algorithm hints,25,64,structured,diameter,128+,10312,0.5050426687354539,0.3561995925307666,989,4115
Synchronous + algorithm hints,25,64,structured,diameter,17–31,9919,0.4808952515374534,0.5038916549706564,2958,2191
Synchronous + algorithm hints,25,64,structured,diameter,32–63,1120,0.54375,0.46408738741030997,88,423
Synchronous + algorithm hints,25,64,structured,diameter,5–8,307,0.8827361563517915,0.9375,29,7
Synchronous + algorithm hints,25,64,structured,diameter,64–127,5520,0.4117753623188406,0.4826906080003654,1530,1717
Synchronous + algorithm hints,25,64,structured,diameter,9–16,1423,0.6929023190442727,0.6560472739820565,332,105
Synchronous + algorithm hints,25,64,structured,edge_distance,0–0,3836,0.4337851929092805,0.4337851929092805,316,1856
Synchronous + algorithm hints,25,64,structured,edge_distance,1–1,21333,0.4934139595931186,0.3740754714922273,4764,6043
Synchronous + algorithm hints,25,64,structured,edge_distance,2–2,2151,0.606694560669456,0.42954970075049875,617,229
Synchronous + algorithm hints,25,64,structured,edge_distance,3–4,1326,0.6636500754147813,0.5100647562226882,135,311
Synchronous + algorithm hints,25,64,structured,edge_distance,5–8,838,0.7446300715990454,0.7218433124094641,95,119
Synchronous + algorithm hints,25,64,structured,edge_distance,9+,1,1.0,1.0,0,0
Synchronous + algorithm hints,25,64,structured,liberties_vs_grid_light_cone,inside,29485,0.5087332541970494,0.42299555249654575,5927,8558
Synchronous + algorithm hints,25,64,structured,liberties_vs_grid_light_cone,outside,0,,,0,0
Synchronous + algorithm hints,25,128,random,all,all,20533,0.9918180489943018,0.9814887993748486,117,51
Synchronous + algorithm hints,25,128,random,chain_distance_vs_depth,inside,20533,0.9918180489943018,0.9814887993748486,117,51
Synchronous + algorithm hints,25,128,random,chain_distance_vs_depth,outside,0,,,0,0
Synchronous + algorithm hints,25,128,random,chain_size,0–1,5954,0.99009069533087,0.985246622518989,49,10
Synchronous + algorithm hints,25,128,random,chain_size,17–32,598,1.0,1.0,0,0
Synchronous + algorithm hints,25,128,random,chain_size,2–4,7688,0.9936264308012487,0.9836996707244515,34,15
Synchronous + algorithm hints,25,128,random,chain_size,5–8,4057,0.9921123983238846,0.9753152480864886,19,13
Synchronous + algorithm hints,25,128,random,chain_size,9–16,2236,0.9874776386404294,0.8216143152165405,15,13
Synchronous + algorithm hints,25,128,random,cycle,acyclic,17259,0.9919462309519671,0.9835428210026332,91,48
Synchronous + algorithm hints,25,128,random,cycle,cyclic,3274,0.9911423335369578,0.924615879954347,26,3
Synchronous + algorithm hints,25,128,random,diameter,0–4,16288,0.9920186640471512,0.9833667343033792,101,29
Synchronous + algorithm hints,25,128,random,diameter,17–31,83,1.0,1.0,0,0
Synchronous + algorithm hints,25,128,random,diameter,5–8,3072,0.9879557291666666,0.9174104166975277,16,21
Synchronous + algorithm hints,25,128,random,diameter,9–16,1090,0.9990825688073395,0.9995353159851301,0,1
Synchronous + algorithm hints,25,128,random,edge_distance,0–0,5479,0.9939770031027559,0.9910230246292275,24,9
Synchronous + algorithm hints,25,128,random,edge_distance,1–1,2507,0.9936178699641005,0.9840160146006465,12,4
Synchronous + algorithm hints,25,128,random,edge_distance,2–2,2385,0.9916142557651991,0.9824266493427659,7,13
Synchronous + algorithm hints,25,128,random,edge_distance,3–4,4038,0.990837048043586,0.9711987372712569,30,7
Synchronous + algorithm hints,25,128,random,edge_distance,5–8,5012,0.9896249002394254,0.9691427906350538,39,13
Synchronous + algorithm hints,25,128,random,edge_distance,9+,1112,0.9910071942446043,0.982570340703774,5,5
Synchronous + algorithm hints,25,128,random,liberties_vs_grid_light_cone,inside,20533,0.9918180489943018,0.9814887993748486,117,51
Synchronous + algorithm hints,25,128,random,liberties_vs_grid_light_cone,outside,0,,,0,0
Synchronous + algorithm hints,25,128,structured,all,all,29485,0.5133457690351025,0.42276110207942685,5434,8915
Synchronous + algorithm hints,25,128,structured,chain_distance_vs_depth,inside,19173,0.5179158191206384,0.4801058949292234,4604,4639
Synchronous + algorithm hints,25,128,structured,chain_distance_vs_depth,outside,10312,0.5048487199379363,0.346176421233067,830,4276
Synchronous + algorithm hints,25,128,structured,chain_size,0–1,236,0.9957627118644068,0.6666666666666666,1,0
Synchronous + algorithm hints,25,128,structured,chain_size,129+,14617,0.4786891975097489,0.38287247818645337,2108,5512
Synchronous + algorithm hints,25,128,structured,chain_size,17–32,9562,0.49822212926166076,0.6570249339834502,2790,2008
Synchronous + algorithm hints,25,128,structured,chain_size,2–4,597,0.9715242881072027,0.9807422969187675,10,7
Synchronous + algorithm hints,25,128,structured,chain_size,33–64,1068,0.5945692883895131,0.5499871001031992,83,350
Synchronous + algorithm hints,25,128,structured,chain_size,5–8,295,0.8677966101694915,0.9141815061145677,28,11
Synchronous + algorithm hints,25,128,structured,chain_size,65–128,1811,0.39039204859193816,0.3813086934100532,190,914
Synchronous + algorithm hints,25,128,structured,chain_size,9–16,1299,0.7405696689761355,0.7072983419794528,224,113
Synchronous + algorithm hints,25,128,structured,cycle,acyclic,28345,0.5159992944081848,0.42389644657258607,5434,8285
Synchronous + algorithm hints,25,128,structured,cycle,cyclic,1140,0.4473684210526316,0.42328902714932126,0,630
Synchronous + algorithm hints,25,128,structured,diameter,0–4,884,0.9796380090497737,0.9793435534591195,11,7
Synchronous + algorithm hints,25,128,structured,diameter,128+,10312,0.5048487199379363,0.346176421233067,830,4276
Synchronous + algorithm hints,25,128,structured,diameter,17–31,9919,0.49964714184897674,0.5022952408588524,2687,2276
Synchronous + algorithm hints,25,128,structured,diameter,32–63,1120,0.53125,0.4539129688056588,83,442
Synchronous + algorithm hints,25,128,structured,diameter,5–8,307,0.8729641693811075,0.9272250566893424,28,11
Synchronous + algorithm hints,25,128,structured,diameter,64–127,5520,0.40996376811594204,0.4857754541470293,1468,1789
Synchronous + algorithm hints,25,128,structured,diameter,9–16,1423,0.6900913562895291,0.660295077686382,327,114
Synchronous + algorithm hints,25,128,structured,edge_distance,0–0,3836,0.40667361835245047,0.40667361835245047,342,1934
Synchronous + algorithm hints,25,128,structured,edge_distance,1–1,21333,0.498898420287817,0.37027061429690783,4372,6318
Synchronous + algorithm hints,25,128,structured,edge_distance,2–2,2151,0.6424918642491865,0.44231311555363934,541,228
Synchronous + algorithm hints,25,128,structured,edge_distance,3–4,1326,0.6990950226244343,0.5426347908465472,86,313
Synchronous + algorithm hints,25,128,structured,edge_distance,5–8,838,0.7434367541766109,0.7173510036559287,93,122
Synchronous + algorithm hints,25,128,structured,edge_distance,9+,1,1.0,1.0,0,0
Synchronous + algorithm hints,25,128,structured,liberties_vs_grid_light_cone,inside,29485,0.5133457690351025,0.42276110207942685,5434,8915
Synchronous + algorithm hints,25,128,structured,liberties_vs_grid_light_cone,outside,0,,,0,0
Synchronous + algorithm hints,25,256,random,all,all,20533,0.9736034675887596,0.9412918421306227,291,251
Synchronous + algorithm hints,25,256,random,chain_distance_vs_depth,inside,20533,0.9736034675887596,0.9412918421306227,291,251
Synchronous + algorithm hints,25,256,random,chain_distance_vs_depth,outside,0,,,0,0
Synchronous + algorithm hints,25,256,random,chain_size,0–1,5954,0.9491098421229426,0.9315733995040283,185,118
Synchronous + algorithm hints,25,256,random,chain_size,17–32,598,0.9966555183946488,0.9966555183946488,0,2
Synchronous + algorithm hints,25,256,random,chain_size,2–4,7688,0.9824401664932362,0.956068041845684,68,67
Synchronous + algorithm hints,25,256,random,chain_size,5–8,4057,0.9842247966477693,0.950484563780611,23,41
Synchronous + algorithm hints,25,256,random,chain_size,9–16,2236,0.983005366726297,0.8263846491941068,15,23
Synchronous + algorithm hints,25,256,random,cycle,acyclic,17259,0.97131931166348,0.9429635922945665,262,233
Synchronous + algorithm hints,25,256,random,cycle,cyclic,3274,0.98564447159438,0.8877809449959502,29,18
Synchronous + algorithm hints,25,256,random,diameter,0–4,16288,0.9707146365422397,0.9428459003928095,274,203
Synchronous + algorithm hints,25,256,random,diameter,17–31,83,0.9879518072289156,0.9879518072289156,0,1
Synchronous + algorithm hints,25,256,random,diameter,5–8,3072,0.9811197916666666,0.8887797952640302,17,41
Synchronous + algorithm hints,25,256,random,diameter,9–16,1090,0.9944954128440368,0.9972118959107807,0,6
Synchronous + algorithm hints,25,256,random,edge_distance,0–0,5479,0.9848512502281438,0.9762340597385188,42,41
Synchronous + algorithm hints,25,256,random,edge_distance,1–1,2507,0.9736737136019147,0.927281153542277,40,26
Synchronous + algorithm hints,25,256,random,edge_distance,2–2,2385,0.9719077568134172,0.9301749918455473,27,40
Synchronous + algorithm hints,25,256,random,edge_distance,3–4,4038,0.970529965329371,0.9156805748833461,67,52
Synchronous + algorithm hints,25,256,random,edge_distance,5–8,5012,0.9684756584197926,0.9159182101416385,88,70
Synchronous + algorithm hints,25,256,random,edge_distance,9+,1112,0.9559352517985612,0.9034455443963828,27,22
Synchronous + algorithm hints,25,256,random,liberties_vs_grid_light_cone,inside,20533,0.9736034675887596,0.9412918421306227,291,251
Synchronous + algorithm hints,25,256,random,liberties_vs_grid_light_cone,outside,0,,,0,0
Synchronous + algorithm hints,25,256,structured,all,all,29485,0.5114125826691538,0.42005309521801604,5303,9103
Synchronous + algorithm hints,25,256,structured,chain_distance_vs_depth,inside,22355,0.5214493401923507,0.4706303638954291,4970,5728
Synchronous + algorithm hints,25,256,structured,chain_distance_vs_depth,outside,7130,0.4799438990182328,0.43568593801887817,333,3375
Synchronous + algorithm hints,25,256,structured,chain_size,0–1,236,0.9745762711864406,0.6594516594516594,1,5
Synchronous + algorithm hints,25,256,structured,chain_size,129+,14617,0.47766299514264215,0.38012487737621203,2021,5614
Synchronous + algorithm hints,25,256,structured,chain_size,17–32,9562,0.5039740640033465,0.6576021321954603,2723,2020
Synchronous + algorithm hints,25,256,structured,chain_size,2–4,597,0.8961474036850922,0.9486169467787114,25,37
Synchronous + algorithm hints,25,256,structured,chain_size,33–64,1068,0.599250936329588,0.5540959015185021,74,354
Synchronous + algorithm hints,25,256,structured,chain_size,5–8,295,0.8677966101694915,0.8992338682319373,26,13
Synchronous + algorithm hints,25,256,structured,chain_size,65–128,1811,0.3765875207067918,0.36778953749045284,208,921
Synchronous + algorithm hints,25,256,structured,chain_size,9–16,1299,0.7197844495765974,0.6962821686501882,225,139
Synchronous + algorithm hints,25,256,structured,cycle,acyclic,28345,0.5138119597812666,0.42074801630955516,5301,8480
Synchronous + algorithm hints,25,256,structured,cycle,cyclic,1140,0.4517543859649123,0.4272725436328378,2,623
Synchronous + algorithm hints,25,256,structured,diameter,0–4,884,0.9219457013574661,0.951122248427673,26,43
Synchronous + algorithm hints,25,256,structured,diameter,128+,10312,0.504266873545384,0.34224103114715915,747,4365
Synchronous + algorithm hints,25,256,structured,diameter,17–31,9919,0.5041838895049904,0.5051291052009246,2632,2286
Synchronous + algorithm hints,25,256,structured,diameter,32–63,1120,0.5401785714285714,0.4611804106661239,72,443
Synchronous + algorithm hints,25,256,structured,diameter,5–8,307,0.8403908794788274,0.8913497217068646,32,17
Synchronous + algorithm hints,25,256,structured,diameter,64–127,5520,0.4028985507246377,0.4795198455437336,1482,1814
Synchronous + algorithm hints,25,256,structured,diameter,9–16,1423,0.6858749121574139,0.660804049391006,312,135
Synchronous + algorithm hints,25,256,structured,edge_distance,0–0,3836,0.38373305526590196,0.38373305526590196,362,2002
Synchronous + algorithm hints,25,256,structured,edge_distance,1–1,21333,0.4988046688229504,0.3672308466077412,4257,6435
Synchronous + algorithm hints,25,256,structured,edge_distance,2–2,2151,0.6634123663412367,0.4470880214131267,492,232
Synchronous + algorithm hints,25,256,structured,edge_distance,3–4,1326,0.7081447963800905,0.5536168289532313,75,312
Synchronous + algorithm hints,25,256,structured,edge_distance,5–8,838,0.7147971360381862,0.7035895357660206,117,122
Synchronous + algorithm hints,25,256,structured,edge_distance,9+,1,1.0,1.0,0,0
Synchronous + algorithm hints,25,256,structured,liberties_vs_grid_light_cone,inside,29485,0.5114125826691538,0.42005309521801604,5303,9103
Synchronous + algorithm hints,25,256,structured,liberties_vs_grid_light_cone,outside,0,,,0,0
Synchronous + algorithm hints,37,32,random,all,all,20505,0.9966349670811997,0.9951549882284685,39,30
Synchronous + algorithm hints,37,32,random,chain_distance_vs_depth,inside,20505,0.9966349670811997,0.9951549882284685,39,30
Synchronous + algorithm hints,37,32,random,chain_distance_vs_depth,outside,0,,,0,0
Synchronous + algorithm hints,37,32,random,chain_size,0–1,6496,0.9998460591133005,0.999692118226601,1,0
Synchronous + algorithm hints,37,32,random,chain_size,17–32,809,1.0,1.0,0,0
Synchronous + algorithm hints,37,32,random,chain_size,2–4,7289,0.9964329812045548,0.9923289907932825,19,7
Synchronous + algorithm hints,37,32,random,chain_size,33–64,181,1.0,1.0,0,0
Synchronous + algorithm hints,37,32,random,chain_size,5–8,3409,0.9929598122616603,0.973227969348659,18,6
Synchronous + algorithm hints,37,32,random,chain_size,9–16,2321,0.992244722102542,0.9470218120805369,1,17
Synchronous + algorithm hints,37,32,random,cycle,acyclic,17063,0.9972455019633124,0.9963667229684054,31,16
Synchronous + algorithm hints,37,32,random,cycle,cyclic,3442,0.9936083672283557,0.9654088050314465,8,14
Synchronous + algorithm hints,37,32,random,diameter,0–4,16193,0.99777681714321,0.9968147596620573,23,13
Synchronous + algorithm hints,37,32,random,diameter,17–31,182,1.0,1.0,0,0
Synchronous + algorithm hints,37,32,random,diameter,5–8,2980,0.9916107382550335,0.9375,16,9
Synchronous + algorithm hints,37,32,random,diameter,9–16,1150,0.9930434782608696,0.9930434782608696,0,8
Synchronous + algorithm hints,37,32,random,edge_distance,0–0,3748,0.9965314834578441,0.9956608811748999,4,9
Synchronous + algorithm hints,37,32,random,edge_distance,1–1,1927,1.0,1.0,0,0
Synchronous + algorithm hints,37,32,random,edge_distance,2–2,1753,0.995436394751854,0.9902254202750892,2,6
Synchronous + algorithm hints,37,32,random,edge_distance,3–4,3430,0.9950437317784256,0.9943210205948202,9,8
Synchronous + algorithm hints,37,32,random,edge_distance,5–8,5090,0.9956777996070727,0.9936286582440327,18,4
Synchronous + algorithm hints,37,32,random,edge_distance,9+,4557,0.9980250164581962,0.9962857385976855,6,3
Synchronous + algorithm hints,37,32,random,liberties_vs_grid_light_cone,inside,20505,0.9966349670811997,0.9951549882284685,39,30
Synchronous + algorithm hints,37,32,random,liberties_vs_grid_light_cone,outside,0,,,0,0
Synchronous + algorithm hints,37,32,structured,all,all,36660,0.3710310965630115,0.31598960720420466,8238,14820
Synchronous + algorithm hints,37,32,structured,chain_distance_vs_depth,inside,2660,0.6507518796992481,0.527847462951142,588,341
Synchronous + algorithm hints,37,32,structured,chain_distance_vs_depth,outside,34000,0.3491470588235294,0.2894104869511035,7650,14479
Synchronous + algorithm hints,37,32,structured,chain_size,0–1,259,1.0,1.0,0,0
Synchronous + algorithm hints,37,32,structured,chain_size,129+,21042,0.28899344168805247,0.3177271779374657,2885,12076
Synchronous + algorithm hints,37,32,structured,chain_size,17–32,1524,0.468503937007874,0.5587243622957908,534,276
Synchronous + algorithm hints,37,32,structured,chain_size,2–4,315,1.0,1.0,0,0
Synchronous + algorithm hints,37,32,structured,chain_size,33–64,12104,0.4504296100462657,0.40376803568909436,4721,1931
Synchronous + algorithm hints,37,32,structured,chain_size,5–8,140,1.0,1.0,0,0
Synchronous + algorithm hints,37,32,structured,chain_size,65–128,890,0.3797752808988764,0.7065390749601276,44,508
Synchronous + algorithm hints,37,32,structured,chain_size,9–16,386,0.7849740932642487,0.8295663092823337,54,29
Synchronous + algorithm hints,37,32,structured,cycle,acyclic,36352,0.3695532570422535,0.31398431601797894,8238,14680
Synchronous + algorithm hints,37,32,structured,cycle,cyclic,308,0.5454545454545454,0.5,0,140
Synchronous + algorithm hints,37,32,structured,diameter,0–4,609,1.0,1.0,0,0
Synchronous + algorithm hints,37,32,structured,diameter,128+,12631,0.2806586968569393,0.30116803987223595,1375,7711
Synchronous + algorithm hints,37,32,structured,diameter,17–31,1492,0.467828418230563,0.4231745812762575,500,294
Synchronous + algorithm hints,37,32,structured,diameter,32–63,12340,0.4554294975688817,0.4676957682465657,4721,1999
Synchronous + algorithm hints,37,32,structured,diameter,5–8,151,1.0,1.0,0,0
Synchronous + algorithm hints,37,32,structured,diameter,64–127,9029,0.2997009635618562,0.3238398016379123,1554,4769
Synchronous + algorithm hints,37,32,structured,diameter,9–16,408,0.6691176470588235,0.7375818090283605,88,47
Synchronous + algorithm hints,37,32,structured,edge_distance,0–0,3316,0.39987937273823887,0.39987937273823887,116,1874
Synchronous + algorithm hints,37,32,structured,edge_distance,1–1,29556,0.34358505887129515,0.2869483243492471,7378,12023
Synchronous + algorithm hints,37,32,structured,edge_distance,2–2,1358,0.5522827687776142,0.6303061885135882,438,170
Synchronous + algorithm hints,37,32,structured,edge_distance,3–4,375,0.48,0.5608108108108109,15,180
Synchronous + algorithm hints,37,32,structured,edge_distance,5–8,1420,0.5866197183098592,0.6703436139668426,250,337
Synchronous + algorithm hints,37,32,structured,edge_distance,9+,635,0.5637795275590551,0.5256575717191555,41,236
Synchronous + algorithm hints,37,32,structured,liberties_vs_grid_light_cone,inside,34017,0.3698150924537731,0.31329507291466163,8112,13325
Synchronous + algorithm hints,37,32,structured,liberties_vs_grid_light_cone,outside,2643,0.3866818009837306,0.4037475368549021,126,1495
Synchronous + algorithm hints,37,64,random,all,all,20505,0.9961472811509388,0.9935732968323852,45,34
Synchronous + algorithm hints,37,64,random,chain_distance_vs_depth,inside,20505,0.9961472811509388,0.9935732968323852,45,34
Synchronous + algorithm hints,37,64,random,chain_distance_vs_depth,outside,0,,,0,0
Synchronous + algorithm hints,37,64,random,chain_size,0–1,6496,0.9990763546798029,0.9983169954983122,5,1
Synchronous + algorithm hints,37,64,random,chain_size,17–32,809,1.0,1.0,0,0
Synchronous + algorithm hints,37,64,random,chain_size,2–4,7289,0.9961585951433667,0.9909942910057943,21,7
Synchronous + algorithm hints,37,64,random,chain_size,33–64,181,1.0,1.0,0,0
Synchronous + algorithm hints,37,64,random,chain_size,5–8,3409,0.9917864476386037,0.968710535328239,18,10
Synchronous + algorithm hints,37,64,random,chain_size,9–16,2321,0.992675570874623,0.9471336689038031,1,16
Synchronous + algorithm hints,37,64,random,cycle,acyclic,17063,0.9967180448924574,0.994812201234855,37,19
Synchronous + algorithm hints,37,64,random,cycle,cyclic,3442,0.9933178384660082,0.9638364779874213,8,15
Synchronous + algorithm hints,37,64,random,diameter,0–4,16193,0.9972827765083678,0.9954149364818432,29,15
Synchronous + algorithm hints,37,64,random,diameter,17–31,182,1.0,1.0,0,0
Synchronous + algorithm hints,37,64,random,diameter,5–8,2980,0.9906040268456375,0.925921052631579,16,12
Synchronous + algorithm hints,37,64,random,diameter,9–16,1150,0.9939130434782608,0.9939130434782608,0,7
Synchronous + algorithm hints,37,64,random,edge_distance,0–0,3748,0.9954642475987193,0.9941388111596792,8,9
Synchronous + algorithm hints,37,64,random,edge_distance,1–1,1927,0.9989621172807472,0.998533724340176,0,2
Synchronous + algorithm hints,37,64,random,edge_distance,2–2,1753,0.9942954934398175,0.9869937595517067,3,7
Synchronous + algorithm hints,37,64,random,edge_distance,3–4,3430,0.99533527696793,0.9944317870990294,9,7
Synchronous + algorithm hints,37,64,random,edge_distance,5–8,5090,0.9956777996070727,0.9922500702142478,16,6
Synchronous + algorithm hints,37,64,random,edge_distance,9+,4557,0.9973666886109283,0.9938441850531908,9,3
Synchronous + algorithm hints,37,64,random,liberties_vs_grid_light_cone,inside,20505,0.9961472811509388,0.9935732968323852,45,34
Synchronous + algorithm hints,37,64,random,liberties_vs_grid_light_cone,outside,0,,,0,0
Synchronous + algorithm hints,37,64,structured,all,all,36660,0.3505182760501909,0.3101381222546789,10493,13317
Synchronous + algorithm hints,37,64,structured,chain_distance_vs_depth,inside,15000,0.4436,0.42932769204432053,5856,2490
Synchronous + algorithm hints,37,64,structured,chain_distance_vs_depth,outside,21660,0.28605724838411817,0.3129202236671956,4637,10827
Synchronous + algorithm hints,37,64,structured,chain_size,0–1,259,0.9961389961389961,0.75,1,0
Synchronous + algorithm hints,37,64,structured,chain_size,129+,21042,0.2878053416975573,0.31153030702188406,4587,10399
Synchronous + algorithm hints,37,64,structured,chain_size,17–32,1524,0.42191601049868765,0.5342919360776504,565,316
Synchronous + algorithm hints,37,64,structured,chain_size,2–4,315,0.9587301587301588,0.9855072463768115,13,0
Synchronous + algorithm hints,37,64,structured,chain_size,33–64,12104,0.4033377395902181,0.34419656622738487,5195,2027
Synchronous + algorithm hints,37,64,structured,chain_size,5–8,140,0.9571428571428572,0.975609756097561,0,6
Synchronous + algorithm hints,37,64,structured,chain_size,65–128,890,0.34606741573033706,0.6905901116427433,50,532
Synchronous + algorithm hints,37,64,structured,chain_size,9–16,386,0.6917098445595855,0.7663538808456546,82,37
Synchronous + algorithm hints,37,64,structured,cycle,acyclic,36352,0.3488666373239437,0.3082737157130699,10493,13177
Synchronous + algorithm hints,37,64,structured,cycle,cyclic,308,0.5454545454545454,0.5,0,140
Synchronous + algorithm hints,37,64,structured,diameter,0–4,609,0.9770114942528736,0.9830846747807879,14,0
Synchronous + algorithm hints,37,64,structured,diameter,128+,12631,0.2547700102921384,0.2735416232029756,2256,7157
Synchronous + algorithm hints,37,64,structured,diameter,17–31,1492,0.4309651474530831,0.4086654217457142,531,318
Synchronous + algorithm hints,37,64,structured,diameter,32–63,12340,0.40923824959481364,0.3652929973271282,5195,2095
Synchronous + algorithm hints,37,64,structured,diameter,5–8,151,0.9536423841059603,0.9670250896057349,0,7
Synchronous + algorithm hints,37,64,structured,diameter,64–127,9029,0.32982611584893123,0.35110763081056695,2381,3670
Synchronous + algorithm hints,37,64,structured,diameter,9–16,408,0.5441176470588235,0.6636600100688035,116,70
Synchronous + algorithm hints,37,64,structured,edge_distance,0–0,3316,0.31845597104945716,0.31845597104945716,267,1993
Synchronous + algorithm hints,37,64,structured,edge_distance,1–1,29556,0.3364460684801732,0.2833359869015105,9280,10332
Synchronous + algorithm hints,37,64,structured,edge_distance,2–2,1358,0.47717231222385864,0.5342918502376554,535,175
Synchronous + algorithm hints,37,64,structured,edge_distance,3–4,375,0.432,0.5202702702702703,20,193
Synchronous + algorithm hints,37,64,structured,edge_distance,5–8,1420,0.5204225352112676,0.6182921181809763,316,365
Synchronous + algorithm hints,37,64,structured,edge_distance,9+,635,0.47401574803149604,0.4721926071403521,75,259
Synchronous + algorithm hints,37,64,structured,liberties_vs_grid_light_cone,inside,36660,0.3505182760501909,0.3101381222546789,10493,13317
Synchronous + algorithm hints,37,64,structured,liberties_vs_grid_light_cone,outside,0,,,0,0
Synchronous + algorithm hints,37,128,random,all,all,20505,0.9917093391855645,0.9807582944475572,99,71
Synchronous + algorithm hints,37,128,random,chain_distance_vs_depth,inside,20505,0.9917093391855645,0.9807582944475572,99,71
Synchronous + algorithm hints,37,128,random,chain_distance_vs_depth,outside,0,,,0,0
Synchronous + algorithm hints,37,128,random,chain_size,0–1,6496,0.9906096059113301,0.9845113745914758,44,17
Synchronous + algorithm hints,37,128,random,chain_size,17–32,809,0.9987639060568603,0.9987639060568603,0,1
Synchronous + algorithm hints,37,128,random,chain_size,2–4,7289,0.9927287693785156,0.9808168377866135,34,19
Synchronous + algorithm hints,37,128,random,chain_size,33–64,181,1.0,1.0,0,0
Synchronous + algorithm hints,37,128,random,chain_size,5–8,3409,0.9909064241713113,0.9478772019949057,21,10
Synchronous + algorithm hints,37,128,random,chain_size,9–16,2321,0.989659629470056,0.9514471476510067,0,24
Synchronous + algorithm hints,37,128,random,cycle,acyclic,17063,0.9914434741839067,0.9817315735891009,91,55
Synchronous + algorithm hints,37,128,random,cycle,cyclic,3442,0.9930273097036607,0.9568224522912763,8,16
Synchronous + algorithm hints,37,128,random,diameter,0–4,16193,0.992218860001235,0.9825107309063086,84,42
Synchronous + algorithm hints,37,128,random,diameter,17–31,182,1.0,1.0,0,0
Synchronous + algorithm hints,37,128,random,diameter,5–8,2980,0.9899328859060402,0.9257439360888939,15,15
Synchronous + algorithm hints,37,128,random,diameter,9–16,1150,0.9878260869565217,0.9878260869565217,0,14
Synchronous + algorithm hints,37,128,random,edge_distance,0–0,3748,0.9925293489861259,0.988141413863975,14,14
Synchronous + algorithm hints,37,128,random,edge_distance,1–1,1927,0.9963674104826155,0.9893627498371331,3,4
Synchronous + algorithm hints,37,128,random,edge_distance,2–2,1753,0.9874500855675984,0.9631371621235751,13,9
Synchronous + algorithm hints,37,128,random,edge_distance,3–4,3430,0.9886297376093295,0.977097832698768,20,19
Synchronous + algorithm hints,37,128,random,edge_distance,5–8,5090,0.9907662082514734,0.9766076430165376,30,17
Synchronous + algorithm hints,37,128,random,edge_distance,9+,4557,0.9940750493745886,0.9828472029152151,19,8
Synchronous + algorithm hints,37,128,random,liberties_vs_grid_light_cone,inside,20505,0.9917093391855645,0.9807582944475572,99,71
Synchronous + algorithm hints,37,128,random,liberties_vs_grid_light_cone,outside,0,,,0,0
Synchronous + algorithm hints,37,128,structured,all,all,36660,0.35106382978723405,0.3095418129223971,10419,13371
Synchronous + algorithm hints,37,128,structured,chain_distance_vs_depth,inside,24029,0.3985184568646219,0.36335404935860033,8384,6069
Synchronous + algorithm hints,37,128,structured,chain_distance_vs_depth,outside,12631,0.2607869527353337,0.2817060949961611,2035,7302
Synchronous + algorithm hints,37,128,structured,chain_size,0–1,259,0.9922779922779923,0.9961089494163424,1,1
Synchronous + algorithm hints,37,128,structured,chain_size,129+,21042,0.28847067769223456,0.31553238173365694,4498,10474
Synchronous + algorithm hints,37,128,structured,chain_size,17–32,1524,0.4094488188976378,0.5272949915807058,579,321
Synchronous + algorithm hints,37,128,structured,chain_size,2–4,315,0.9333333333333333,0.9538939321548018,19,2
Synchronous + algorithm hints,37,128,structured,chain_size,33–64,12104,0.40788169200264374,0.3439591805986972,5190,1977
Synchronous + algorithm hints,37,128,structured,chain_size,5–8,140,0.85,0.8828760162601625,5,16
Synchronous + algorithm hints,37,128,structured,chain_size,65–128,890,0.3393258426966292,0.6874003189792663,49,539
Synchronous + algorithm hints,37,128,structured,chain_size,9–16,386,0.6917098445595855,0.7696057563084834,78,41
Synchronous + algorithm hints,37,128,structured,cycle,acyclic,36352,0.3494168133802817,0.30767016030652017,10419,13231
Synchronous + algorithm hints,37,128,structured,cycle,cyclic,308,0.5454545454545454,0.5,0,140
Synchronous + algorithm hints,37,128,structured,diameter,0–4,609,0.9540229885057471,0.9401583562360948,24,4
Synchronous + algorithm hints,37,128,structured,diameter,128+,12631,0.2607869527353337,0.2817060949961611,2035,7302
Synchronous + algorithm hints,37,128,structured,diameter,17–31,1492,0.41823056300268097,0.4030378206328403,545,323
Synchronous + algorithm hints,37,128,structured,diameter,32–63,12340,0.41369529983792547,0.3601782414427621,5190,2045
Synchronous + algorithm hints,37,128,structured,diameter,5–8,151,0.8543046357615894,0.9040621266427719,1,21
Synchronous + algorithm hints,37,128,structured,diameter,64–127,9029,0.32229482777716245,0.349610574514143,2512,3607
Synchronous + algorithm hints,37,128,structured,diameter,9–16,408,0.5563725490196079,0.6744979582704033,112,69
Synchronous + algorithm hints,37,128,structured,edge_distance,0–0,3316,0.30156815440289503,0.30156815440289503,354,1962
Synchronous + algorithm hints,37,128,structured,edge_distance,1–1,29556,0.3367505751793206,0.27937192712737907,9205,10398
Synchronous + algorithm hints,37,128,structured,edge_distance,2–2,1358,0.5117820324005891,0.553970660223917,489,174
Synchronous + algorithm hints,37,128,structured,edge_distance,3–4,375,0.43466666666666665,0.5225225225225225,20,192
Synchronous + algorithm hints,37,128,structured,edge_distance,5–8,1420,0.5394366197183098,0.63324997684542,273,381
Synchronous + algorithm hints,37,128,structured,edge_distance,9+,635,0.46141732283464565,0.4646033527390054,78,264
Synchronous + algorithm hints,37,128,structured,liberties_vs_grid_light_cone,inside,36660,0.35106382978723405,0.3095418129223971,10419,13371
Synchronous + algorithm hints,37,128,structured,liberties_vs_grid_light_cone,outside,0,,,0,0
Synchronous + algorithm hints,37,256,random,all,all,20505,0.9725432821263107,0.9341699661796024,283,280
Synchronous + algorithm hints,37,256,random,chain_distance_vs_depth,inside,20505,0.9725432821263107,0.9341699661796024,283,280
Synchronous + algorithm hints,37,256,random,chain_distance_vs_depth,outside,0,,,0,0
Synchronous + algorithm hints,37,256,random,chain_size,0–1,6496,0.9495073891625616,0.9276664495184965,173,155
Synchronous + algorithm hints,37,256,random,chain_size,17–32,809,0.9913473423980222,0.9913473423980222,0,7
Synchronous + algorithm hints,37,256,random,chain_size,2–4,7289,0.9809301687474277,0.9398431187244685,82,57
Synchronous + algorithm hints,37,256,random,chain_size,33–64,181,0.994475138121547,0.994475138121547,0,1
Synchronous + algorithm hints,37,256,random,chain_size,5–8,3409,0.9850396010560282,0.8931978826636977,28,23
Synchronous + algorithm hints,37,256,random,chain_size,9–16,2321,0.984058595433003,0.9499930089485459,0,37
Synchronous + algorithm hints,37,256,random,cycle,acyclic,17063,0.9694074898904061,0.9346308132291185,271,251
Synchronous + algorithm hints,37,256,random,cycle,cyclic,3442,0.9880883207437536,0.9128050593901507,12,29
Synchronous + algorithm hints,37,256,random,diameter,0–4,16193,0.9695547458778484,0.9350998332184011,268,225
Synchronous + algorithm hints,37,256,random,diameter,17–31,182,1.0,1.0,0,0
Synchronous + algorithm hints,37,256,random,diameter,5–8,2980,0.9848993288590604,0.9090233420959413,15,30
Synchronous + algorithm hints,37,256,random,diameter,9–16,1150,0.9782608695652174,0.9782608695652174,0,25
Synchronous + algorithm hints,37,256,random,edge_distance,0–0,3748,0.9831910352187834,0.9690880888169211,31,32
Synchronous + algorithm hints,37,256,random,edge_distance,1–1,1927,0.98287493513233,0.9459965177137852,16,17
Synchronous + algorithm hints,37,256,random,edge_distance,2–2,1753,0.9657729606389047,0.9080706302018446,33,27
Synchronous + algorithm hints,37,256,random,edge_distance,3–4,3430,0.9670553935860058,0.9178693412635173,60,53
Synchronous + algorithm hints,37,256,random,edge_distance,5–8,5090,0.9669941060903733,0.9228049594386741,75,93
Synchronous + algorithm hints,37,256,random,edge_distance,9+,4557,0.9723502304147466,0.9255546969995605,68,58
Synchronous + algorithm hints,37,256,random,liberties_vs_grid_light_cone,inside,20505,0.9725432821263107,0.9341699661796024,283,280
Synchronous + algorithm hints,37,256,random,liberties_vs_grid_light_cone,outside,0,,,0,0
Synchronous + algorithm hints,37,256,structured,all,all,36660,0.3469721767594108,0.30572746384143323,10511,13429
Synchronous + algorithm hints,37,256,structured,chain_distance_vs_depth,inside,25205,0.3906764530847054,0.3628489293139367,8795,6563
Synchronous + algorithm hints,37,256,structured,chain_distance_vs_depth,outside,11455,0.2508075076385858,0.27875335705257476,1716,6866
Synchronous + algorithm hints,37,256,structured,chain_size,0–1,259,0.9884169884169884,0.7461089494163424,2,1
Synchronous + algorithm hints,37,256,structured,chain_size,129+,21042,0.2831955137344359,0.31095774356914824,4534,10549
Synchronous + algorithm hints,37,256,structured,chain_size,17–32,1524,0.4153543307086614,0.531823335394764,587,304
Synchronous + algorithm hints,37,256,structured,chain_size,2–4,315,0.8793650793650793,0.9122471731167382,28,10
Synchronous + algorithm hints,37,256,structured,chain_size,33–64,12104,0.40689028420356904,0.33892325051021843,5217,1962
Synchronous + algorithm hints,37,256,structured,chain_size,5–8,140,0.8357142857142857,0.8620426829268292,7,16
Synchronous + algorithm hints,37,256,structured,chain_size,65–128,890,0.3415730337078652,0.6884635832004253,51,535
Synchronous + algorithm hints,37,256,structured,chain_size,9–16,386,0.6450777202072538,0.7172859778223764,85,52
Synchronous + algorithm hints,37,256,structured,cycle,acyclic,36352,0.3452904929577465,0.3038196386425672,10511,13289
Synchronous + algorithm hints,37,256,structured,cycle,cyclic,308,0.5454545454545454,0.5,0,140
Synchronous + algorithm hints,37,256,structured,diameter,0–4,609,0.9211822660098522,0.893698468786808,36,12
Synchronous + algorithm hints,37,256,structured,diameter,128+,12631,0.2538991370437812,0.27558966030204,1975,7449
Synchronous + algorithm hints,37,256,structured,diameter,17–31,1492,0.4242627345844504,0.40665967014521887,553,306
Synchronous + algorithm hints,37,256,structured,diameter,32–63,12340,0.41272285251215557,0.3557741656938268,5217,2030
Synchronous + algorithm hints,37,256,structured,diameter,5–8,151,0.8278145695364238,0.889247311827957,1,25
Synchronous + algorithm hints,37,256,structured,diameter,64–127,9029,0.3198582345774726,0.3474858493135411,2610,3531
Synchronous + algorithm hints,37,256,structured,diameter,9–16,408,0.5220588235294118,0.6282933378083572,119,76
Synchronous + algorithm hints,37,256,structured,edge_distance,0–0,3316,0.2819662243667069,0.2819662243667069,417,1964
Synchronous + algorithm hints,37,256,structured,edge_distance,1–1,29556,0.333874678576262,0.275165129435929,9243,10445
Synchronous + algorithm hints,37,256,structured,edge_distance,2–2,1358,0.5110456553755522,0.5606818576594502,489,175
Synchronous + algorithm hints,37,256,structured,edge_distance,3–4,375,0.43733333333333335,0.5247747747747747,21,190
Synchronous + algorithm hints,37,256,structured,edge_distance,5–8,1420,0.5577464788732395,0.6476613874224322,250,378
Synchronous + algorithm hints,37,256,structured,edge_distance,9+,635,0.4204724409448819,0.44017324822894016,91,277
Synchronous + algorithm hints,37,256,structured,liberties_vs_grid_light_cone,inside,36660,0.3469721767594108,0.30572746384143323,10511,13429
Synchronous + algorithm hints,37,256,structured,liberties_vs_grid_light_cone,outside,0,,,0,0
