run,model,series,task,cap,seed,size,ratio,draw,min_depth,max_depth,stone_accuracy,macro_accuracy,board_exact,classification_errors,overcounts,undercounts
20261007T065938620716Z_6f7c2eb5_s2,nca,nca / recipe 8ff5df4565 / IDs32,eyes,9,2,9,0.5,0,1,8,0.5024679170779862,0.3081215399137253,0.0,5040,4436,604
20261007T065938620716Z_6f7c2eb5_s2,nca,nca / recipe 8ff5df4565 / IDs32,eyes,9,2,9,1.0,0,1,16,0.6273445212240869,0.3111646918938261,0.015625,3775,3001,774
20261007T065938620716Z_6f7c2eb5_s2,nca,nca / recipe 8ff5df4565 / IDs32,eyes,9,2,9,2.0,0,2,32,0.7771964461994078,0.3418648605629488,0.140625,2257,1339,918
20261007T065938620716Z_6f7c2eb5_s2,nca,nca / recipe 8ff5df4565 / IDs32,eyes,9,2,9,4.0,0,4,64,0.8544916090819349,0.362067497605699,0.30859375,1474,533,941
20261007T065938620716Z_6f7c2eb5_s2,nca,nca / recipe 8ff5df4565 / IDs32,eyes,9,2,9,0.5,1,1,8,0.5042448173741362,0.29584041036745873,0.0,5022,4437,585
20261007T065938620716Z_6f7c2eb5_s2,nca,nca / recipe 8ff5df4565 / IDs32,eyes,9,2,9,1.0,1,1,16,0.6293188548864758,0.31115149717408846,0.0234375,3755,2985,770
20261007T065938620716Z_6f7c2eb5_s2,nca,nca / recipe 8ff5df4565 / IDs32,eyes,9,2,9,2.0,1,2,32,0.7782823297137216,0.34330569951866,0.16015625,2246,1338,908
20261007T065938620716Z_6f7c2eb5_s2,nca,nca / recipe 8ff5df4565 / IDs32,eyes,9,2,9,4.0,1,4,64,0.8507403751233958,0.36070392817268465,0.3046875,1512,568,944
20261007T065938620716Z_6f7c2eb5_s2,nca,nca / recipe 8ff5df4565 / IDs32,eyes,9,2,9,0.5,2,1,8,0.49970384995064165,0.3130840322965946,0.00390625,5068,4484,584
20261007T065938620716Z_6f7c2eb5_s2,nca,nca / recipe 8ff5df4565 / IDs32,eyes,9,2,9,1.0,2,1,16,0.6266535044422508,0.32974524350117135,0.02734375,3782,3023,759
20261007T065938620716Z_6f7c2eb5_s2,nca,nca / recipe 8ff5df4565 / IDs32,eyes,9,2,9,2.0,2,2,32,0.7742349457058243,0.3413968738151985,0.15234375,2287,1370,917
20261007T065938620716Z_6f7c2eb5_s2,nca,nca / recipe 8ff5df4565 / IDs32,eyes,9,2,9,4.0,2,4,64,0.8520236920039487,0.35996914093696536,0.29296875,1499,548,951
20261007T065938620716Z_6f7c2eb5_s2,nca,nca / recipe 8ff5df4565 / IDs32,eyes,9,2,9,0.5,3,1,8,0.49950641658440276,0.3035780168002651,0.0,5070,4476,594
20261007T065938620716Z_6f7c2eb5_s2,nca,nca / recipe 8ff5df4565 / IDs32,eyes,9,2,9,1.0,3,1,16,0.6299111549851925,0.3220810815406938,0.01953125,3749,2993,756
20261007T065938620716Z_6f7c2eb5_s2,nca,nca / recipe 8ff5df4565 / IDs32,eyes,9,2,9,2.0,3,2,32,0.7788746298124383,0.34169405198215946,0.1328125,2240,1324,916
20261007T065938620716Z_6f7c2eb5_s2,nca,nca / recipe 8ff5df4565 / IDs32,eyes,9,2,9,4.0,3,4,64,0.8522211253701876,0.3611477936455942,0.28515625,1497,554,943
20261007T065938620716Z_6f7c2eb5_s2,nca,nca / recipe 8ff5df4565 / IDs32,eyes,9,2,9,0.5,4,1,8,0.5006910167818361,0.2947710001958126,0.0,5058,4457,601
20261007T065938620716Z_6f7c2eb5_s2,nca,nca / recipe 8ff5df4565 / IDs32,eyes,9,2,9,1.0,4,1,16,0.6283316880552814,0.32452460128110855,0.03125,3765,2990,775
20261007T065938620716Z_6f7c2eb5_s2,nca,nca / recipe 8ff5df4565 / IDs32,eyes,9,2,9,2.0,4,2,32,0.7764067127344522,0.34213482568515435,0.140625,2265,1338,927
20261007T065938620716Z_6f7c2eb5_s2,nca,nca / recipe 8ff5df4565 / IDs32,eyes,9,2,9,4.0,4,4,64,0.8509378084896347,0.36025228382465196,0.2734375,1510,563,947
20261007T065938620716Z_6f7c2eb5_s2,nca,nca / recipe 8ff5df4565 / IDs32,eyes,9,2,9,0.5,5,1,8,0.4986179664363277,0.2975201933045084,0.0,5079,4485,594
20261007T065938620716Z_6f7c2eb5_s2,nca,nca / recipe 8ff5df4565 / IDs32,eyes,9,2,9,1.0,5,1,16,0.628923988153998,0.32841095868613374,0.0234375,3759,3005,754
20261007T065938620716Z_6f7c2eb5_s2,nca,nca / recipe 8ff5df4565 / IDs32,eyes,9,2,9,2.0,5,2,32,0.773938795656466,0.3410146472504176,0.12109375,2290,1366,924
20261007T065938620716Z_6f7c2eb5_s2,nca,nca / recipe 8ff5df4565 / IDs32,eyes,9,2,9,4.0,5,4,64,0.8515301085883514,0.3597124993088847,0.296875,1504,553,951
20261007T065938620716Z_6f7c2eb5_s2,nca,nca / recipe 8ff5df4565 / IDs32,eyes,9,2,9,0.5,6,1,8,0.5023692003948668,0.3077280783822972,0.0,5041,4458,583
20261007T065938620716Z_6f7c2eb5_s2,nca,nca / recipe 8ff5df4565 / IDs32,eyes,9,2,9,1.0,6,1,16,0.6274432379072064,0.3259209329189276,0.02734375,3774,3009,765
20261007T065938620716Z_6f7c2eb5_s2,nca,nca / recipe 8ff5df4565 / IDs32,eyes,9,2,9,2.0,6,2,32,0.7773938795656465,0.34085478217898785,0.140625,2255,1333,922
20261007T065938620716Z_6f7c2eb5_s2,nca,nca / recipe 8ff5df4565 / IDs32,eyes,9,2,9,4.0,6,4,64,0.8516288252714709,0.35989425139903375,0.3046875,1503,553,950
20261007T065938620716Z_6f7c2eb5_s2,nca,nca / recipe 8ff5df4565 / IDs32,eyes,9,2,9,0.5,7,1,8,0.49693978282329715,0.3002505911643994,0.0,5096,4515,581
20261007T065938620716Z_6f7c2eb5_s2,nca,nca / recipe 8ff5df4565 / IDs32,eyes,9,2,9,1.0,7,1,16,0.6248766041461007,0.33129525212954336,0.02734375,3800,3047,753
20261007T065938620716Z_6f7c2eb5_s2,nca,nca / recipe 8ff5df4565 / IDs32,eyes,9,2,9,2.0,7,2,32,0.7723593287265548,0.3409474637232874,0.1328125,2306,1390,916
20261007T065938620716Z_6f7c2eb5_s2,nca,nca / recipe 8ff5df4565 / IDs32,eyes,9,2,9,4.0,7,4,64,0.8553800592300099,0.3620729693603788,0.296875,1465,523,942
20261007T065938620716Z_6f7c2eb5_s2,nca,nca / recipe 8ff5df4565 / IDs32,eyes,9,2,13,0.5,0,1,12,0.30307722720084346,0.2632049374393558,0.0,21153,13147,8006
20261007T065938620716Z_6f7c2eb5_s2,nca,nca / recipe 8ff5df4565 / IDs32,eyes,9,2,13,1.0,0,1,24,0.48721665788086455,0.44384686774708404,0.01953125,15564,8118,7446
20261007T065938620716Z_6f7c2eb5_s2,nca,nca / recipe 8ff5df4565 / IDs32,eyes,9,2,13,2.0,0,2,48,0.7156035846072747,0.6903298617010055,0.34375,8632,5392,3240
20261007T065938620716Z_6f7c2eb5_s2,nca,nca / recipe 8ff5df4565 / IDs32,eyes,9,2,13,4.0,0,4,96,0.6784725882973115,0.6425546031506943,0.375,9759,6653,3106
20261007T065938620716Z_6f7c2eb5_s2,nca,nca / recipe 8ff5df4565 / IDs32,eyes,9,2,13,0.5,1,1,12,0.29935424354243545,0.25883954838289946,0.0,21266,13243,8023
20261007T065938620716Z_6f7c2eb5_s2,nca,nca / recipe 8ff5df4565 / IDs32,eyes,9,2,13,1.0,1,1,24,0.47838692672641014,0.4341957572583534,0.01171875,15832,8180,7652
20261007T065938620716Z_6f7c2eb5_s2,nca,nca / recipe 8ff5df4565 / IDs32,eyes,9,2,13,2.0,1,2,48,0.713132577754349,0.6873031645831518,0.328125,8707,5444,3263
20261007T065938620716Z_6f7c2eb5_s2,nca,nca / recipe 8ff5df4565 / IDs32,eyes,9,2,13,4.0,1,4,96,0.6780442804428044,0.6415193584644109,0.39453125,9772,6629,3143
20261007T065938620716Z_6f7c2eb5_s2,nca,nca / recipe 8ff5df4565 / IDs32,eyes,9,2,13,0.5,2,1,12,0.3003755930416447,0.2593918656296257,0.0,21235,13208,8027
20261007T065938620716Z_6f7c2eb5_s2,nca,nca / recipe 8ff5df4565 / IDs32,eyes,9,2,13,1.0,2,1,24,0.47779388508170795,0.43203522662856453,0.015625,15850,8373,7477
20261007T065938620716Z_6f7c2eb5_s2,nca,nca / recipe 8ff5df4565 / IDs32,eyes,9,2,13,2.0,2,2,48,0.7052583025830258,0.6780590918305974,0.3359375,8946,5635,3311
20261007T065938620716Z_6f7c2eb5_s2,nca,nca / recipe 8ff5df4565 / IDs32,eyes,9,2,13,4.0,2,4,96,0.6936280969952556,0.6603793079144967,0.3984375,9299,6398,2901
20261007T065938620716Z_6f7c2eb5_s2,nca,nca / recipe 8ff5df4565 / IDs32,eyes,9,2,13,0.5,3,1,12,0.30271481286241436,0.26309708072332966,0.0,21164,13242,7922
20261007T065938620716Z_6f7c2eb5_s2,nca,nca / recipe 8ff5df4565 / IDs32,eyes,9,2,13,1.0,3,1,24,0.47710200316288875,0.4338076593088433,0.01171875,15871,8261,7610
20261007T065938620716Z_6f7c2eb5_s2,nca,nca / recipe 8ff5df4565 / IDs32,eyes,9,2,13,2.0,3,2,48,0.7228518713758566,0.6983052886191838,0.34375,8412,5406,3006
20261007T065938620716Z_6f7c2eb5_s2,nca,nca / recipe 8ff5df4565 / IDs32,eyes,9,2,13,4.0,3,4,96,0.683579335793358,0.6483937626511042,0.37890625,9604,6585,3019
20261007T065938620716Z_6f7c2eb5_s2,nca,nca / recipe 8ff5df4565 / IDs32,eyes,9,2,13,0.5,4,1,12,0.29879414865577225,0.25846931447343147,0.0,21283,13313,7970
20261007T065938620716Z_6f7c2eb5_s2,nca,nca / recipe 8ff5df4565 / IDs32,eyes,9,2,13,1.0,4,1,24,0.47604770690564047,0.43077709171046363,0.015625,15903,8348,7555
20261007T065938620716Z_6f7c2eb5_s2,nca,nca / recipe 8ff5df4565 / IDs32,eyes,9,2,13,2.0,4,2,48,0.6884225092250923,0.6587599064972702,0.3359375,9457,6142,3315
20261007T065938620716Z_6f7c2eb5_s2,nca,nca / recipe 8ff5df4565 / IDs32,eyes,9,2,13,4.0,4,4,96,0.6750790722192936,0.6373476958637357,0.3984375,9862,6834,3028
20261007T065938620716Z_6f7c2eb5_s2,nca,nca / recipe 8ff5df4565 / IDs32,eyes,9,2,13,0.5,5,1,12,0.3030113336847654,0.26269271053611887,0.0,21155,13196,7959
20261007T065938620716Z_6f7c2eb5_s2,nca,nca / recipe 8ff5df4565 / IDs32,eyes,9,2,13,1.0,5,1,24,0.48075909330521877,0.43679127096421244,0.01171875,15760,8266,7494
20261007T065938620716Z_6f7c2eb5_s2,nca,nca / recipe 8ff5df4565 / IDs32,eyes,9,2,13,2.0,5,2,48,0.7088824459673169,0.6824286232233016,0.33203125,8836,5673,3163
20261007T065938620716Z_6f7c2eb5_s2,nca,nca / recipe 8ff5df4565 / IDs32,eyes,9,2,13,4.0,5,4,96,0.6669412229836584,0.6320297603464036,0.390625,10109,6883,3226
20261007T065938620716Z_6f7c2eb5_s2,nca,nca / recipe 8ff5df4565 / IDs32,eyes,9,2,13,0.5,6,1,12,0.30419741697416974,0.2642940848947887,0.0,21119,13171,7948
20261007T065938620716Z_6f7c2eb5_s2,nca,nca / recipe 8ff5df4565 / IDs32,eyes,9,2,13,1.0,6,1,24,0.4709409594095941,0.42391217973384826,0.00390625,16058,8255,7803
20261007T065938620716Z_6f7c2eb5_s2,nca,nca / recipe 8ff5df4565 / IDs32,eyes,9,2,13,2.0,6,2,48,0.6827886136004218,0.6486347565071131,0.328125,9628,6270,3358
20261007T065938620716Z_6f7c2eb5_s2,nca,nca / recipe 8ff5df4565 / IDs32,eyes,9,2,13,4.0,6,4,96,0.6558052187664734,0.617461250854144,0.37109375,10447,7422,3025
20261007T065938620716Z_6f7c2eb5_s2,nca,nca / recipe 8ff5df4565 / IDs32,eyes,9,2,13,0.5,7,1,12,0.3026159725882973,0.26192038439589954,0.0,21167,13163,8004
20261007T065938620716Z_6f7c2eb5_s2,nca,nca / recipe 8ff5df4565 / IDs32,eyes,9,2,13,1.0,7,1,24,0.48118740115972586,0.43584601029192516,0.0078125,15747,8101,7646
20261007T065938620716Z_6f7c2eb5_s2,nca,nca / recipe 8ff5df4565 / IDs32,eyes,9,2,13,2.0,7,2,48,0.7100685292567211,0.6832572854733975,0.33203125,8800,5452,3348
20261007T065938620716Z_6f7c2eb5_s2,nca,nca / recipe 8ff5df4565 / IDs32,eyes,9,2,13,4.0,7,4,96,0.6855561412756984,0.6517291510410314,0.38671875,9544,6540,3004
20261007T065938620716Z_6f7c2eb5_s2,nca,nca / recipe 8ff5df4565 / IDs32,eyes,9,2,19,0.5,0,1,18,0.30918540671593037,0.25032136719996834,0.0,47584,27373,20211
20261007T065938620716Z_6f7c2eb5_s2,nca,nca / recipe 8ff5df4565 / IDs32,eyes,9,2,19,1.0,0,2,36,0.3871314295669343,0.34019404377413986,0.0078125,42215,37452,4763
20261007T065938620716Z_6f7c2eb5_s2,nca,nca / recipe 8ff5df4565 / IDs32,eyes,9,2,19,2.0,0,4,72,0.2654578185566412,0.23567691481737865,0.09375,50596,48114,2482
20261007T065938620716Z_6f7c2eb5_s2,nca,nca / recipe 8ff5df4565 / IDs32,eyes,9,2,19,4.0,0,8,144,0.2837792714972198,0.2553631566513628,0.09375,49334,47590,1744
20261007T065938620716Z_6f7c2eb5_s2,nca,nca / recipe 8ff5df4565 / IDs32,eyes,9,2,19,0.5,1,1,18,0.3047429625005444,0.24617818901306565,0.0,47890,27542,20348
20261007T065938620716Z_6f7c2eb5_s2,nca,nca / recipe 8ff5df4565 / IDs32,eyes,9,2,19,1.0,1,2,36,0.38475051175215225,0.33800324841679774,0.0078125,42379,37436,4943
20261007T065938620716Z_6f7c2eb5_s2,nca,nca / recipe 8ff5df4565 / IDs32,eyes,9,2,19,2.0,1,4,72,0.25793760253190284,0.22977601969757913,0.08203125,51114,48451,2663
20261007T065938620716Z_6f7c2eb5_s2,nca,nca / recipe 8ff5df4565 / IDs32,eyes,9,2,19,4.0,1,8,144,0.28206617209390106,0.2535167743874673,0.09375,49452,47255,2197
20261007T065938620716Z_6f7c2eb5_s2,nca,nca / recipe 8ff5df4565 / IDs32,eyes,9,2,19,0.5,2,1,18,0.30986774291894714,0.2511938935266988,0.0,47537,27321,20216
20261007T065938620716Z_6f7c2eb5_s2,nca,nca / recipe 8ff5df4565 / IDs32,eyes,9,2,19,1.0,2,2,36,0.3859119350764362,0.339746926064593,0.015625,42299,37358,4941
20261007T065938620716Z_6f7c2eb5_s2,nca,nca / recipe 8ff5df4565 / IDs32,eyes,9,2,19,2.0,2,4,72,0.2689711241126,0.23911655088447045,0.08203125,50354,47341,3013
20261007T065938620716Z_6f7c2eb5_s2,nca,nca / recipe 8ff5df4565 / IDs32,eyes,9,2,19,4.0,2,8,144,0.2754315413539292,0.24339869559309804,0.109375,49909,47594,2315
20261007T065938620716Z_6f7c2eb5_s2,nca,nca / recipe 8ff5df4565 / IDs32,eyes,9,2,19,0.5,3,1,18,0.30647057969541674,0.24766305105305791,0.0,47771,27605,20166
20261007T065938620716Z_6f7c2eb5_s2,nca,nca / recipe 8ff5df4565 / IDs32,eyes,9,2,19,1.0,3,2,36,0.3838068553011716,0.3377176379241437,0.01171875,42444,37262,5182
20261007T065938620716Z_6f7c2eb5_s2,nca,nca / recipe 8ff5df4565 / IDs32,eyes,9,2,19,2.0,3,4,72,0.26126217679766556,0.23187283546644913,0.09375,50885,48092,2793
20261007T065938620716Z_6f7c2eb5_s2,nca,nca / recipe 8ff5df4565 / IDs32,eyes,9,2,19,4.0,3,8,144,0.280265965941261,0.2517301417854339,0.09375,49576,47713,1863
20261007T065938620716Z_6f7c2eb5_s2,nca,nca / recipe 8ff5df4565 / IDs32,eyes,9,2,19,0.5,4,1,18,0.3064415441123096,0.24769845965195098,0.0,47773,27501,20272
20261007T065938620716Z_6f7c2eb5_s2,nca,nca / recipe 8ff5df4565 / IDs32,eyes,9,2,19,1.0,4,2,36,0.3873782320233446,0.34066256791669175,0.01171875,42198,37069,5129
20261007T065938620716Z_6f7c2eb5_s2,nca,nca / recipe 8ff5df4565 / IDs32,eyes,9,2,19,2.0,4,4,72,0.27437174257052016,0.2438226582112685,0.09375,49982,47215,2767
20261007T065938620716Z_6f7c2eb5_s2,nca,nca / recipe 8ff5df4565 / IDs32,eyes,9,2,19,4.0,4,8,144,0.28179033405438364,0.2524789206147373,0.08984375,49471,47458,2013
20261007T065938620716Z_6f7c2eb5_s2,nca,nca / recipe 8ff5df4565 / IDs32,eyes,9,2,19,0.5,5,1,18,0.30689159565046964,0.24766013182596325,0.0,47742,27430,20312
20261007T065938620716Z_6f7c2eb5_s2,nca,nca / recipe 8ff5df4565 / IDs32,eyes,9,2,19,1.0,5,2,36,0.3888009755955924,0.34153249911810524,0.0078125,42100,37157,4943
20261007T065938620716Z_6f7c2eb5_s2,nca,nca / recipe 8ff5df4565 / IDs32,eyes,9,2,19,2.0,5,4,72,0.2678387363714232,0.23782674645593932,0.0859375,50432,47375,3057
20261007T065938620716Z_6f7c2eb5_s2,nca,nca / recipe 8ff5df4565 / IDs32,eyes,9,2,19,4.0,5,8,144,0.2842148052438263,0.25592514758095386,0.1015625,49304,47224,2080
20261007T065938620716Z_6f7c2eb5_s2,nca,nca / recipe 8ff5df4565 / IDs32,eyes,9,2,19,0.5,6,1,18,0.30716743368998706,0.24817780442899062,0.0,47723,27604,20119
20261007T065938620716Z_6f7c2eb5_s2,nca,nca / recipe 8ff5df4565 / IDs32,eyes,9,2,19,1.0,6,2,36,0.3841698000900103,0.33658509869861347,0.0078125,42419,37523,4896
20261007T065938620716Z_6f7c2eb5_s2,nca,nca / recipe 8ff5df4565 / IDs32,eyes,9,2,19,2.0,6,4,72,0.2667063486302464,0.23738550854763002,0.0859375,50510,47542,2968
20261007T065938620716Z_6f7c2eb5_s2,nca,nca / recipe 8ff5df4565 / IDs32,eyes,9,2,19,4.0,6,8,144,0.2861166359373412,0.2572080997198412,0.1015625,49173,46973,2200
20261007T065938620716Z_6f7c2eb5_s2,nca,nca / recipe 8ff5df4565 / IDs32,eyes,9,2,19,0.5,7,1,18,0.30760296743659354,0.24830958971053463,0.0,47693,27545,20148
20261007T065938620716Z_6f7c2eb5_s2,nca,nca / recipe 8ff5df4565 / IDs32,eyes,9,2,19,1.0,7,2,36,0.3889171179280208,0.34223970552767263,0.01171875,42092,36895,5197
20261007T065938620716Z_6f7c2eb5_s2,nca,nca / recipe 8ff5df4565 / IDs32,eyes,9,2,19,2.0,7,4,72,0.26471741118741016,0.23453134809589848,0.08203125,50647,48014,2633
20261007T065938620716Z_6f7c2eb5_s2,nca,nca / recipe 8ff5df4565 / IDs32,eyes,9,2,19,4.0,7,8,144,0.2975421378899842,0.2686623696783759,0.10546875,48386,46221,2165
20261007T065938620716Z_6f7c2eb5_s2,nca,nca / recipe 8ff5df4565 / IDs32,eyes,9,2,25,0.5,0,1,24,0.27992420002238816,0.2308195899784888,0.0,90057,60448,29609
20261007T065938620716Z_6f7c2eb5_s2,nca,nca / recipe 8ff5df4565 / IDs32,eyes,9,2,25,1.0,0,2,48,0.2330289607087458,0.21126474177898352,0.0078125,95922,93547,2375
20261007T065938620716Z_6f7c2eb5_s2,nca,nca / recipe 8ff5df4565 / IDs32,eyes,9,2,25,2.0,0,4,96,0.24099275582492444,0.21308861442326718,0.07421875,94926,92105,2821
20261007T065938620716Z_6f7c2eb5_s2,nca,nca / recipe 8ff5df4565 / IDs32,eyes,9,2,25,4.0,0,8,192,0.2437992739833368,0.21464464551370574,0.0625,94575,91376,3199
20261007T065938620716Z_6f7c2eb5_s2,nca,nca / recipe 8ff5df4565 / IDs32,eyes,9,2,25,0.5,1,1,24,0.27804519213855083,0.22879201550916084,0.0,90292,60415,29877
20261007T065938620716Z_6f7c2eb5_s2,nca,nca / recipe 8ff5df4565 / IDs32,eyes,9,2,25,1.0,1,2,48,0.23293301136999664,0.21098164457683483,0.0,95934,93512,2422
20261007T065938620716Z_6f7c2eb5_s2,nca,nca / recipe 8ff5df4565 / IDs32,eyes,9,2,25,2.0,1,4,96,0.2404410471271169,0.2125061756374081,0.0703125,94995,92123,2872
20261007T065938620716Z_6f7c2eb5_s2,nca,nca / recipe 8ff5df4565 / IDs32,eyes,9,2,25,4.0,1,8,192,0.24499864071770106,0.21595182442253902,0.0625,94425,91395,3030
20261007T065938620716Z_6f7c2eb5_s2,nca,nca / recipe 8ff5df4565 / IDs32,eyes,9,2,25,0.5,2,1,24,0.2775814370012633,0.22751667476101042,0.0,90350,60195,30155
20261007T065938620716Z_6f7c2eb5_s2,nca,nca / recipe 8ff5df4565 / IDs32,eyes,9,2,25,1.0,2,2,48,0.2335007116242624,0.21167277724843078,0.0,95863,93421,2442
20261007T065938620716Z_6f7c2eb5_s2,nca,nca / recipe 8ff5df4565 / IDs32,eyes,9,2,25,2.0,2,4,96,0.24092878959909167,0.21296520706154393,0.06640625,94934,91998,2936
20261007T065938620716Z_6f7c2eb5_s2,nca,nca / recipe 8ff5df4565 / IDs32,eyes,9,2,25,4.0,2,8,192,0.2442870164553116,0.21507277085909848,0.06640625,94514,91380,3134
20261007T065938620716Z_6f7c2eb5_s2,nca,nca / recipe 8ff5df4565 / IDs32,eyes,9,2,25,0.5,3,1,24,0.278564917723442,0.22954352621102236,0.0,90227,60076,30151
20261007T065938620716Z_6f7c2eb5_s2,nca,nca / recipe 8ff5df4565 / IDs32,eyes,9,2,25,1.0,3,2,48,0.2339404794268626,0.2125467414032648,0.0078125,95808,93414,2394
20261007T065938620716Z_6f7c2eb5_s2,nca,nca / recipe 8ff5df4565 / IDs32,eyes,9,2,25,2.0,3,4,96,0.24165640541793934,0.2136825867723611,0.06640625,94843,92007,2836
20261007T065938620716Z_6f7c2eb5_s2,nca,nca / recipe 8ff5df4565 / IDs32,eyes,9,2,25,4.0,3,8,192,0.24401515999552237,0.214655740533655,0.06640625,94548,91295,3253
20261007T065938620716Z_6f7c2eb5_s2,nca,nca / recipe 8ff5df4565 / IDs32,eyes,9,2,25,0.5,4,1,24,0.28367422001183373,0.23523438072873926,0.0,89588,59620,29968
20261007T065938620716Z_6f7c2eb5_s2,nca,nca / recipe 8ff5df4565 / IDs32,eyes,9,2,25,1.0,4,2,48,0.23375657652759343,0.21217398920668146,0.0078125,95831,93450,2381
20261007T065938620716Z_6f7c2eb5_s2,nca,nca / recipe 8ff5df4565 / IDs32,eyes,9,2,25,2.0,4,4,96,0.24085682759502983,0.21287329749795403,0.07421875,94943,92095,2848
20261007T065938620716Z_6f7c2eb5_s2,nca,nca / recipe 8ff5df4565 / IDs32,eyes,9,2,25,4.0,4,8,192,0.2460380918874834,0.21657802919105207,0.0625,94295,91213,3082
20261007T065938620716Z_6f7c2eb5_s2,nca,nca / recipe 8ff5df4565 / IDs32,eyes,9,2,25,0.5,5,1,24,0.2809316680792541,0.23129833849411385,0.0,89931,59984,29947
20261007T065938620716Z_6f7c2eb5_s2,nca,nca / recipe 8ff5df4565 / IDs32,eyes,9,2,25,1.0,5,2,48,0.23322085938624407,0.21142307686215675,0.00390625,95898,93471,2427
20261007T065938620716Z_6f7c2eb5_s2,nca,nca / recipe 8ff5df4565 / IDs32,eyes,9,2,25,2.0,5,4,96,0.24182431676075034,0.21376403049224754,0.06640625,94822,91959,2863
20261007T065938620716Z_6f7c2eb5_s2,nca,nca / recipe 8ff5df4565 / IDs32,eyes,9,2,25,4.0,5,8,192,0.24583819743175603,0.21634595066122417,0.0703125,94320,91095,3225
20261007T065938620716Z_6f7c2eb5_s2,nca,nca / recipe 8ff5df4565 / IDs32,eyes,9,2,25,0.5,6,1,24,0.28060384117186127,0.2312827651264702,0.0,89972,60129,29843
20261007T065938620716Z_6f7c2eb5_s2,nca,nca / recipe 8ff5df4565 / IDs32,eyes,9,2,25,1.0,6,2,48,0.23339676650728416,0.21171412275388335,0.00390625,95876,93493,2383
20261007T065938620716Z_6f7c2eb5_s2,nca,nca / recipe 8ff5df4565 / IDs32,eyes,9,2,25,2.0,6,4,96,0.24048102601826235,0.21252686727591363,0.07421875,94990,92273,2717
20261007T065938620716Z_6f7c2eb5_s2,nca,nca / recipe 8ff5df4565 / IDs32,eyes,9,2,25,4.0,6,8,192,0.24325556106375834,0.21375487860150114,0.0625,94643,91207,3436
20261007T065938620716Z_6f7c2eb5_s2,nca,nca / recipe 8ff5df4565 / IDs32,eyes,9,2,25,0.5,7,1,24,0.28157133033758175,0.23253569451902922,0.0,89851,60024,29827
20261007T065938620716Z_6f7c2eb5_s2,nca,nca / recipe 8ff5df4565 / IDs32,eyes,9,2,25,1.0,7,2,48,0.23441223034237924,0.21233386150969955,0.00390625,95749,93340,2409
20261007T065938620716Z_6f7c2eb5_s2,nca,nca / recipe 8ff5df4565 / IDs32,eyes,9,2,25,2.0,7,4,96,0.24021716533670223,0.2124074505226985,0.06640625,95023,92412,2611
20261007T065938620716Z_6f7c2eb5_s2,nca,nca / recipe 8ff5df4565 / IDs32,eyes,9,2,25,4.0,7,8,192,0.2449026913789519,0.21529218938908176,0.0625,94437,91416,3021
20261007T065938620716Z_6f7c2eb5_s2,nca,nca / recipe 8ff5df4565 / IDs32,eyes,9,2,37,0.5,0,2,36,0.25483647573943347,0.2112368742535803,0.0,200139,173893,26246
20261007T065938620716Z_6f7c2eb5_s2,nca,nca / recipe 8ff5df4565 / IDs32,eyes,9,2,37,1.0,0,3,72,0.24155943764334437,0.2075686735829769,0.05859375,203705,199574,4131
20261007T065938620716Z_6f7c2eb5_s2,nca,nca / recipe 8ff5df4565 / IDs32,eyes,9,2,37,2.0,0,6,144,0.2505547612664939,0.2124364370398465,0.078125,201289,196722,4567
20261007T065938620716Z_6f7c2eb5_s2,nca,nca / recipe 8ff5df4565 / IDs32,eyes,9,2,37,4.0,0,12,288,0.25315729902004586,0.21395109693887399,0.078125,200590,195636,4954
20261007T065938620716Z_6f7c2eb5_s2,nca,nca / recipe 8ff5df4565 / IDs32,eyes,9,2,37,0.5,1,2,36,0.25524603103684507,0.21134546205846455,0.0,200029,173714,26315
20261007T065938620716Z_6f7c2eb5_s2,nca,nca / recipe 8ff5df4565 / IDs32,eyes,9,2,37,1.0,1,3,72,0.2412131772555327,0.2072835464095856,0.05859375,203798,199628,4170
20261007T065938620716Z_6f7c2eb5_s2,nca,nca / recipe 8ff5df4565 / IDs32,eyes,9,2,37,2.0,1,6,144,0.2505584844964704,0.2124312792024591,0.08984375,201288,196719,4569
20261007T065938620716Z_6f7c2eb5_s2,nca,nca / recipe 8ff5df4565 / IDs32,eyes,9,2,37,4.0,1,12,288,0.253198254549787,0.2139176381709381,0.08203125,200579,195667,4912
20261007T065938620716Z_6f7c2eb5_s2,nca,nca / recipe 8ff5df4565 / IDs32,eyes,9,2,37,0.5,2,2,36,0.2540024722247044,0.21008555943894225,0.0,200363,173999,26364
20261007T065938620716Z_6f7c2eb5_s2,nca,nca / recipe 8ff5df4565 / IDs32,eyes,9,2,37,1.0,2,3,72,0.24107541774640337,0.2071200517657259,0.046875,203835,199692,4143
20261007T065938620716Z_6f7c2eb5_s2,nca,nca / recipe 8ff5df4565 / IDs32,eyes,9,2,37,2.0,2,6,144,0.25066273493581154,0.21247032185782283,0.08203125,201260,196673,4587
20261007T065938620716Z_6f7c2eb5_s2,nca,nca / recipe 8ff5df4565 / IDs32,eyes,9,2,37,4.0,2,12,288,0.25321687069966936,0.21390587504433287,0.06640625,200574,195674,4900
20261007T065938620716Z_6f7c2eb5_s2,nca,nca / recipe 8ff5df4565 / IDs32,eyes,9,2,37,0.5,3,2,36,0.2542035266434337,0.21027109226703963,0.0,200309,173849,26460
20261007T065938620716Z_6f7c2eb5_s2,nca,nca / recipe 8ff5df4565 / IDs32,eyes,9,2,37,1.0,3,3,72,0.24141423167426204,0.2075123205160287,0.0546875,203744,199636,4108
20261007T065938620716Z_6f7c2eb5_s2,nca,nca / recipe 8ff5df4565 / IDs32,eyes,9,2,37,2.0,3,6,144,0.2504467875971763,0.21237662218002348,0.08203125,201318,196741,4577
20261007T065938620716Z_6f7c2eb5_s2,nca,nca / recipe 8ff5df4565 / IDs32,eyes,9,2,37,4.0,3,12,288,0.2531088970303518,0.2138713745718859,0.08203125,200603,195710,4893
20261007T065938620716Z_6f7c2eb5_s2,nca,nca / recipe 8ff5df4565 / IDs32,eyes,9,2,37,0.5,4,2,36,0.25516411997736277,0.21135687468903466,0.0,200051,173596,26455
20261007T065938620716Z_6f7c2eb5_s2,nca,nca / recipe 8ff5df4565 / IDs32,eyes,9,2,37,1.0,4,3,72,0.24128019539510917,0.20730796566012918,0.046875,203780,199606,4174
20261007T065938620716Z_6f7c2eb5_s2,nca,nca / recipe 8ff5df4565 / IDs32,eyes,9,2,37,2.0,4,6,144,0.25004467875971764,0.21214004489714522,0.078125,201426,196826,4600
20261007T065938620716Z_6f7c2eb5_s2,nca,nca / recipe 8ff5df4565 / IDs32,eyes,9,2,37,4.0,4,12,288,0.2527440204926578,0.21365733797012737,0.07421875,200701,195751,4950
20261007T065938620716Z_6f7c2eb5_s2,nca,nca / recipe 8ff5df4565 / IDs32,eyes,9,2,37,0.5,5,2,36,0.25330250498912815,0.2096766898739341,0.0,200551,174166,26385
20261007T065938620716Z_6f7c2eb5_s2,nca,nca / recipe 8ff5df4565 / IDs32,eyes,9,2,37,1.0,5,3,72,0.24164507193280316,0.20761835706060197,0.04296875,203682,199461,4221
20261007T065938620716Z_6f7c2eb5_s2,nca,nca / recipe 8ff5df4565 / IDs32,eyes,9,2,37,2.0,5,6,144,0.2505845471063057,0.21241747587943074,0.08203125,201281,196687,4594
20261007T065938620716Z_6f7c2eb5_s2,nca,nca / recipe 8ff5df4565 / IDs32,eyes,9,2,37,4.0,5,12,288,0.2529934769010812,0.21378743538970044,0.078125,200634,195669,4965
20261007T065938620716Z_6f7c2eb5_s2,nca,nca / recipe 8ff5df4565 / IDs32,eyes,9,2,37,0.5,6,2,36,0.25398013284484555,0.21003788297767978,0.0,200369,173776,26593
20261007T065938620716Z_6f7c2eb5_s2,nca,nca / recipe 8ff5df4565 / IDs32,eyes,9,2,37,1.0,6,3,72,0.24118711464569745,0.2071360807956109,0.046875,203805,199654,4151
20261007T065938620716Z_6f7c2eb5_s2,nca,nca / recipe 8ff5df4565 / IDs32,eyes,9,2,37,2.0,6,6,144,0.25045795728710574,0.21236850779732452,0.08203125,201315,196690,4625
20261007T065938620716Z_6f7c2eb5_s2,nca,nca / recipe 8ff5df4565 / IDs32,eyes,9,2,37,4.0,6,12,288,0.2532913352991988,0.21404605783380637,0.07421875,200554,195525,5029
20261007T065938620716Z_6f7c2eb5_s2,nca,nca / recipe 8ff5df4565 / IDs32,eyes,9,2,37,0.5,7,2,36,0.2541998034134572,0.21079169182500762,0.0,200310,174101,26209
20261007T065938620716Z_6f7c2eb5_s2,nca,nca / recipe 8ff5df4565 / IDs32,eyes,9,2,37,1.0,7,3,72,0.24139189229440325,0.20735999039249453,0.05078125,203750,199583,4167
20261007T065938620716Z_6f7c2eb5_s2,nca,nca / recipe 8ff5df4565 / IDs32,eyes,9,2,37,2.0,7,6,144,0.2505845471063057,0.2124430200920933,0.08203125,201281,196682,4599
20261007T065938620716Z_6f7c2eb5_s2,nca,nca / recipe 8ff5df4565 / IDs32,eyes,9,2,37,4.0,7,12,288,0.2531051738003753,0.21388586892703346,0.08984375,200604,195735,4869
20261007T065938680906Z_2f6d6251_s1,nca,nca / recipe 8ff5df4565 / IDs32,eyes,9,1,9,0.5,0,1,8,0.4632773938795656,0.1847410458206802,0.00390625,5437,4865,572
20261007T065938680906Z_2f6d6251_s1,nca,nca / recipe 8ff5df4565 / IDs32,eyes,9,1,9,1.0,0,1,16,0.6032576505429418,0.16048769645255265,0.01953125,4019,3216,803
20261007T065938680906Z_2f6d6251_s1,nca,nca / recipe 8ff5df4565 / IDs32,eyes,9,1,9,2.0,0,2,32,0.8094768015794669,0.3248855190943854,0.15625,1930,978,952
20261007T065938680906Z_2f6d6251_s1,nca,nca / recipe 8ff5df4565 / IDs32,eyes,9,1,9,4.0,0,4,64,0.8621915103652518,0.3667884377086872,0.31640625,1396,480,916
20261007T065938680906Z_2f6d6251_s1,nca,nca / recipe 8ff5df4565 / IDs32,eyes,9,1,9,0.5,1,1,8,0.4633761105626851,0.18310513128069517,0.00390625,5436,4859,577
20261007T065938680906Z_2f6d6251_s1,nca,nca / recipe 8ff5df4565 / IDs32,eyes,9,1,9,1.0,1,1,16,0.6040473840078974,0.16478235681305553,0.01171875,4011,3216,795
20261007T065938680906Z_2f6d6251_s1,nca,nca / recipe 8ff5df4565 / IDs32,eyes,9,1,9,2.0,1,2,32,0.809279368213228,0.33778450428284384,0.15234375,1932,984,948
20261007T065938680906Z_2f6d6251_s1,nca,nca / recipe 8ff5df4565 / IDs32,eyes,9,1,9,4.0,1,4,64,0.8621915103652518,0.3680926753540164,0.3046875,1396,488,908
20261007T065938680906Z_2f6d6251_s1,nca,nca / recipe 8ff5df4565 / IDs32,eyes,9,1,9,0.5,2,1,8,0.46752221125370186,0.18389147142897644,0.00390625,5394,4828,566
20261007T065938680906Z_2f6d6251_s1,nca,nca / recipe 8ff5df4565 / IDs32,eyes,9,1,9,1.0,2,1,16,0.603751233958539,0.16612411209167235,0.015625,4014,3222,792
20261007T065938680906Z_2f6d6251_s1,nca,nca / recipe 8ff5df4565 / IDs32,eyes,9,1,9,2.0,2,2,32,0.810167818361303,0.3341585237376889,0.15234375,1923,963,960
20261007T065938680906Z_2f6d6251_s1,nca,nca / recipe 8ff5df4565 / IDs32,eyes,9,1,9,4.0,2,4,64,0.8630799605133268,0.36679390946336704,0.296875,1387,470,917
20261007T065938680906Z_2f6d6251_s1,nca,nca / recipe 8ff5df4565 / IDs32,eyes,9,1,9,0.5,3,1,8,0.46377097729516287,0.18152538389415876,0.00390625,5432,4858,574
20261007T065938680906Z_2f6d6251_s1,nca,nca / recipe 8ff5df4565 / IDs32,eyes,9,1,9,1.0,3,1,16,0.6016781836130306,0.16251923391576548,0.0078125,4035,3231,804
20261007T065938680906Z_2f6d6251_s1,nca,nca / recipe 8ff5df4565 / IDs32,eyes,9,1,9,2.0,3,2,32,0.8079960513326753,0.3224852971534822,0.15625,1945,984,961
20261007T065938680906Z_2f6d6251_s1,nca,nca / recipe 8ff5df4565 / IDs32,eyes,9,1,9,4.0,3,4,64,0.8616979269496545,0.36816209313726816,0.3046875,1401,495,906
20261007T065938680906Z_2f6d6251_s1,nca,nca / recipe 8ff5df4565 / IDs32,eyes,9,1,9,0.5,4,1,8,0.4667324777887463,0.18465052566818038,0.0078125,5402,4819,583
20261007T065938680906Z_2f6d6251_s1,nca,nca / recipe 8ff5df4565 / IDs32,eyes,9,1,9,1.0,4,1,16,0.6062191510365251,0.16337658264154495,0.0234375,3989,3183,806
20261007T065938680906Z_2f6d6251_s1,nca,nca / recipe 8ff5df4565 / IDs32,eyes,9,1,9,2.0,4,2,32,0.8049358341559724,0.3261191294380823,0.15234375,1976,1027,949
20261007T065938680906Z_2f6d6251_s1,nca,nca / recipe 8ff5df4565 / IDs32,eyes,9,1,9,4.0,4,4,64,0.863376110562685,0.366034928088485,0.3125,1384,463,921
20261007T065938680906Z_2f6d6251_s1,nca,nca / recipe 8ff5df4565 / IDs32,eyes,9,1,9,0.5,5,1,8,0.4650542941757157,0.18381881614716641,0.00390625,5419,4849,570
20261007T065938680906Z_2f6d6251_s1,nca,nca / recipe 8ff5df4565 / IDs32,eyes,9,1,9,1.0,5,1,16,0.6025666337611056,0.16440783625907587,0.01171875,4026,3226,800
20261007T065938680906Z_2f6d6251_s1,nca,nca / recipe 8ff5df4565 / IDs32,eyes,9,1,9,2.0,5,2,32,0.8063178677196446,0.32372796875500476,0.15234375,1962,1008,954
20261007T065938680906Z_2f6d6251_s1,nca,nca / recipe 8ff5df4565 / IDs32,eyes,9,1,9,4.0,5,4,64,0.8616979269496545,0.3670208851976051,0.30078125,1401,488,913
20261007T065938680906Z_2f6d6251_s1,nca,nca / recipe 8ff5df4565 / IDs32,eyes,9,1,9,0.5,6,1,8,0.4648568608094768,0.18634484161773565,0.00390625,5421,4866,555
20261007T065938680906Z_2f6d6251_s1,nca,nca / recipe 8ff5df4565 / IDs32,eyes,9,1,9,1.0,6,1,16,0.6035538005923001,0.16841776293764563,0.01953125,4016,3225,791
20261007T065938680906Z_2f6d6251_s1,nca,nca / recipe 8ff5df4565 / IDs32,eyes,9,1,9,2.0,6,2,32,0.8052319842053307,0.32715347482552787,0.1640625,1973,1024,949
20261007T065938680906Z_2f6d6251_s1,nca,nca / recipe 8ff5df4565 / IDs32,eyes,9,1,9,4.0,6,4,64,0.8604146100691017,0.3662884050823291,0.296875,1414,496,918
20261007T065938680906Z_2f6d6251_s1,nca,nca / recipe 8ff5df4565 / IDs32,eyes,9,1,9,0.5,7,1,8,0.46535044422507404,0.18799940567788173,0.00390625,5416,4860,556
20261007T065938680906Z_2f6d6251_s1,nca,nca / recipe 8ff5df4565 / IDs32,eyes,9,1,9,1.0,7,1,16,0.6059230009871668,0.1608340520883578,0.015625,3992,3186,806
20261007T065938680906Z_2f6d6251_s1,nca,nca / recipe 8ff5df4565 / IDs32,eyes,9,1,9,2.0,7,2,32,0.8078973346495558,0.3191407229731236,0.15234375,1946,992,954
20261007T065938680906Z_2f6d6251_s1,nca,nca / recipe 8ff5df4565 / IDs32,eyes,9,1,9,4.0,7,4,64,0.8640671273445212,0.36958960859885437,0.31640625,1377,475,902
20261007T065938680906Z_2f6d6251_s1,nca,nca / recipe 8ff5df4565 / IDs32,eyes,9,1,13,0.5,0,1,12,0.23540458618871904,0.19502349230365987,0.0,23207,5293,17914
20261007T065938680906Z_2f6d6251_s1,nca,nca / recipe 8ff5df4565 / IDs32,eyes,9,1,13,1.0,0,1,24,0.33849499209277806,0.28709114211744136,0.0,20078,2271,17807
20261007T065938680906Z_2f6d6251_s1,nca,nca / recipe 8ff5df4565 / IDs32,eyes,9,1,13,2.0,0,2,48,0.5093239325250395,0.47128573567953413,0.06640625,14893,3100,11793
20261007T065938680906Z_2f6d6251_s1,nca,nca / recipe 8ff5df4565 / IDs32,eyes,9,1,13,4.0,0,4,96,0.5452029520295203,0.5075544154850449,0.16015625,13804,3052,10752
20261007T065938680906Z_2f6d6251_s1,nca,nca / recipe 8ff5df4565 / IDs32,eyes,9,1,13,0.5,1,1,12,0.23026489193463362,0.18880656033927698,0.0,23363,5346,18017
20261007T065938680906Z_2f6d6251_s1,nca,nca / recipe 8ff5df4565 / IDs32,eyes,9,1,13,1.0,1,1,24,0.33035714285714285,0.2787571311615707,0.00390625,20325,2261,18064
20261007T065938680906Z_2f6d6251_s1,nca,nca / recipe 8ff5df4565 / IDs32,eyes,9,1,13,2.0,1,2,48,0.5205587770163416,0.48514731072915246,0.07421875,14552,3039,11513
20261007T065938680906Z_2f6d6251_s1,nca,nca / recipe 8ff5df4565 / IDs32,eyes,9,1,13,4.0,1,4,96,0.5632907221929362,0.5275955162799577,0.16796875,13255,2917,10338
20261007T065938680906Z_2f6d6251_s1,nca,nca / recipe 8ff5df4565 / IDs32,eyes,9,1,13,0.5,2,1,12,0.23405376910911965,0.19323373238364241,0.0,23248,5322,17926
20261007T065938680906Z_2f6d6251_s1,nca,nca / recipe 8ff5df4565 / IDs32,eyes,9,1,13,1.0,2,1,24,0.33809963099630996,0.28848313739108583,0.0078125,20090,2220,17870
20261007T065938680906Z_2f6d6251_s1,nca,nca / recipe 8ff5df4565 / IDs32,eyes,9,1,13,2.0,2,2,48,0.5241499736425935,0.48836696191195705,0.08203125,14443,2874,11569
20261007T065938680906Z_2f6d6251_s1,nca,nca / recipe 8ff5df4565 / IDs32,eyes,9,1,13,4.0,2,4,96,0.5523194517659462,0.5145597147872658,0.140625,13588,3103,10485
20261007T065938680906Z_2f6d6251_s1,nca,nca / recipe 8ff5df4565 / IDs32,eyes,9,1,13,0.5,3,1,12,0.23830390089615183,0.19807163884418535,0.0,23119,5331,17788
20261007T065938680906Z_2f6d6251_s1,nca,nca / recipe 8ff5df4565 / IDs32,eyes,9,1,13,1.0,3,1,24,0.33648523985239853,0.28505649311451864,0.0,20139,2265,17874
20261007T065938680906Z_2f6d6251_s1,nca,nca / recipe 8ff5df4565 / IDs32,eyes,9,1,13,2.0,3,2,48,0.5096204533473906,0.47283191570890815,0.0546875,14884,3243,11641
20261007T065938680906Z_2f6d6251_s1,nca,nca / recipe 8ff5df4565 / IDs32,eyes,9,1,13,4.0,3,4,96,0.5362084870848709,0.49671850754887203,0.14453125,14077,3344,10733
20261007T065938680906Z_2f6d6251_s1,nca,nca / recipe 8ff5df4565 / IDs32,eyes,9,1,13,0.5,4,1,12,0.23596468107538218,0.19612098721297483,0.0,23190,5286,17904
20261007T065938680906Z_2f6d6251_s1,nca,nca / recipe 8ff5df4565 / IDs32,eyes,9,1,13,1.0,4,1,24,0.33203742751713233,0.2801512133726116,0.0,20274,2259,18015
20261007T065938680906Z_2f6d6251_s1,nca,nca / recipe 8ff5df4565 / IDs32,eyes,9,1,13,2.0,4,2,48,0.5070506062203479,0.46970925847925155,0.0546875,14962,3133,11829
20261007T065938680906Z_2f6d6251_s1,nca,nca / recipe 8ff5df4565 / IDs32,eyes,9,1,13,4.0,4,4,96,0.5528136531365314,0.514866907684195,0.1484375,13573,3006,10567
20261007T065938680906Z_2f6d6251_s1,nca,nca / recipe 8ff5df4565 / IDs32,eyes,9,1,13,0.5,5,1,12,0.2401489193463363,0.2001407493095232,0.0,23063,5289,17774
20261007T065938680906Z_2f6d6251_s1,nca,nca / recipe 8ff5df4565 / IDs32,eyes,9,1,13,1.0,5,1,24,0.3380007907221929,0.2879677479607221,0.00390625,20093,2322,17771
20261007T065938680906Z_2f6d6251_s1,nca,nca / recipe 8ff5df4565 / IDs32,eyes,9,1,13,2.0,5,2,48,0.5157485503426463,0.4804169152018608,0.0546875,14698,2852,11846
20261007T065938680906Z_2f6d6251_s1,nca,nca / recipe 8ff5df4565 / IDs32,eyes,9,1,13,4.0,5,4,96,0.5717580390089615,0.538356612612986,0.1484375,12998,2616,10382
20261007T065938680906Z_2f6d6251_s1,nca,nca / recipe 8ff5df4565 / IDs32,eyes,9,1,13,0.5,6,1,12,0.23313125988402741,0.1938322812979776,0.0,23276,5354,17922
20261007T065938680906Z_2f6d6251_s1,nca,nca / recipe 8ff5df4565 / IDs32,eyes,9,1,13,1.0,6,1,24,0.32884159198734847,0.2768140294457526,0.00390625,20371,2266,18105
20261007T065938680906Z_2f6d6251_s1,nca,nca / recipe 8ff5df4565 / IDs32,eyes,9,1,13,2.0,6,2,48,0.5229309435951502,0.4888250628918581,0.0625,14480,2676,11804
20261007T065938680906Z_2f6d6251_s1,nca,nca / recipe 8ff5df4565 / IDs32,eyes,9,1,13,4.0,6,4,96,0.562401159725883,0.5290013252516688,0.15234375,13282,2591,10691
20261007T065938680906Z_2f6d6251_s1,nca,nca / recipe 8ff5df4565 / IDs32,eyes,9,1,13,0.5,7,1,12,0.23632709541381128,0.19627106437302042,0.0,23179,5245,17934
20261007T065938680906Z_2f6d6251_s1,nca,nca / recipe 8ff5df4565 / IDs32,eyes,9,1,13,1.0,7,1,24,0.33174090669478123,0.28041270075948366,0.0,20283,2214,18069
20261007T065938680906Z_2f6d6251_s1,nca,nca / recipe 8ff5df4565 / IDs32,eyes,9,1,13,2.0,7,2,48,0.5044148655772273,0.46821589554938625,0.06640625,15042,3088,11954
20261007T065938680906Z_2f6d6251_s1,nca,nca / recipe 8ff5df4565 / IDs32,eyes,9,1,13,4.0,7,4,96,0.5507709541381128,0.5144744871536377,0.15234375,13635,3157,10478
20261007T065938680906Z_2f6d6251_s1,nca,nca / recipe 8ff5df4565 / IDs32,eyes,9,1,19,0.5,0,1,18,0.17797360665495565,0.14640479392913272,0.0,56622,5426,51196
20261007T065938680906Z_2f6d6251_s1,nca,nca / recipe 8ff5df4565 / IDs32,eyes,9,1,19,1.0,0,2,36,0.2770575340079267,0.21997667228803114,0.01171875,49797,4253,45544
20261007T065938680906Z_2f6d6251_s1,nca,nca / recipe 8ff5df4565 / IDs32,eyes,9,1,19,2.0,0,4,72,0.3772012601443068,0.3206504513375733,0.0625,42899,13428,29471
20261007T065938680906Z_2f6d6251_s1,nca,nca / recipe 8ff5df4565 / IDs32,eyes,9,1,19,4.0,0,8,144,0.38932361609152016,0.3435704451663558,0.08203125,42064,11889,30175
20261007T065938680906Z_2f6d6251_s1,nca,nca / recipe 8ff5df4565 / IDs32,eyes,9,1,19,0.5,1,1,18,0.180601326926148,0.1485505727289702,0.0,56441,5290,51151
20261007T065938680906Z_2f6d6251_s1,nca,nca / recipe 8ff5df4565 / IDs32,eyes,9,1,19,1.0,1,2,36,0.2759106284751964,0.21709022875635628,0.0078125,49876,4274,45602
20261007T065938680906Z_2f6d6251_s1,nca,nca / recipe 8ff5df4565 / IDs32,eyes,9,1,19,2.0,1,4,72,0.38579579274400777,0.33083337929442447,0.06640625,42307,12659,29648
20261007T065938680906Z_2f6d6251_s1,nca,nca / recipe 8ff5df4565 / IDs32,eyes,9,1,19,4.0,1,8,144,0.3880605682263614,0.34065689501376306,0.08203125,42151,11897,30254
20261007T065938680906Z_2f6d6251_s1,nca,nca / recipe 8ff5df4565 / IDs32,eyes,9,1,19,0.5,2,1,18,0.17824944469447307,0.14603519968070228,0.0,56603,5309,51294
20261007T065938680906Z_2f6d6251_s1,nca,nca / recipe 8ff5df4565 / IDs32,eyes,9,1,19,1.0,2,2,36,0.27546057693703635,0.21814126591285476,0.01171875,49907,4495,45412
20261007T065938680906Z_2f6d6251_s1,nca,nca / recipe 8ff5df4565 / IDs32,eyes,9,1,19,2.0,2,4,72,0.38109202828065797,0.3277468774303824,0.0625,42631,12842,29789
20261007T065938680906Z_2f6d6251_s1,nca,nca / recipe 8ff5df4565 / IDs32,eyes,9,1,19,4.0,2,8,144,0.3897301142550195,0.3421467404313956,0.07421875,42036,12571,29465
20261007T065938680906Z_2f6d6251_s1,nca,nca / recipe 8ff5df4565 / IDs32,eyes,9,1,19,0.5,3,1,18,0.17946893918497117,0.14756259725661536,0.0,56519,5306,51213
20261007T065938680906Z_2f6d6251_s1,nca,nca / recipe 8ff5df4565 / IDs32,eyes,9,1,19,1.0,3,2,36,0.2807886064371888,0.22262428434466633,0.01171875,49540,4422,45118
20261007T065938680906Z_2f6d6251_s1,nca,nca / recipe 8ff5df4565 / IDs32,eyes,9,1,19,2.0,3,4,72,0.38302289455727995,0.32636944573128557,0.0625,42498,13414,29084
20261007T065938680906Z_2f6d6251_s1,nca,nca / recipe 8ff5df4565 / IDs32,eyes,9,1,19,4.0,3,8,144,0.38508442095788387,0.33821439775011164,0.08203125,42356,12064,30292
20261007T065938680906Z_2f6d6251_s1,nca,nca / recipe 8ff5df4565 / IDs32,eyes,9,1,19,0.5,4,1,18,0.18126914533761124,0.14984290165325562,0.0,56395,5296,51099
20261007T065938680906Z_2f6d6251_s1,nca,nca / recipe 8ff5df4565 / IDs32,eyes,9,1,19,1.0,4,2,36,0.27546057693703635,0.2177519380225426,0.0078125,49907,4453,45454
20261007T065938680906Z_2f6d6251_s1,nca,nca / recipe 8ff5df4565 / IDs32,eyes,9,1,19,2.0,4,4,72,0.3722216576414396,0.31736156385039904,0.0625,43242,14181,29061
20261007T065938680906Z_2f6d6251_s1,nca,nca / recipe 8ff5df4565 / IDs32,eyes,9,1,19,4.0,4,8,144,0.38421335346467095,0.340062471623003,0.08203125,42416,12102,30314
20261007T065938680906Z_2f6d6251_s1,nca,nca / recipe 8ff5df4565 / IDs32,eyes,9,1,19,0.5,5,1,18,0.17901888764681118,0.14709336341894053,0.0,56550,5327,51223
20261007T065938680906Z_2f6d6251_s1,nca,nca / recipe 8ff5df4565 / IDs32,eyes,9,1,19,1.0,5,2,36,0.2741249401141098,0.2159238019769537,0.01171875,49999,4387,45612
20261007T065938680906Z_2f6d6251_s1,nca,nca / recipe 8ff5df4565 / IDs32,eyes,9,1,19,2.0,5,4,72,0.3758801411129339,0.31962199544248904,0.06640625,42990,13331,29659
20261007T065938680906Z_2f6d6251_s1,nca,nca / recipe 8ff5df4565 / IDs32,eyes,9,1,19,4.0,5,8,144,0.37921923317025014,0.3328272976485479,0.078125,42760,12637,30123
20261007T065938680906Z_2f6d6251_s1,nca,nca / recipe 8ff5df4565 / IDs32,eyes,9,1,19,0.5,6,1,18,0.1787866029819544,0.1472926220068071,0.0,56566,5399,51167
20261007T065938680906Z_2f6d6251_s1,nca,nca / recipe 8ff5df4565 / IDs32,eyes,9,1,19,1.0,6,2,36,0.2779286015011396,0.22039740671617145,0.00390625,49737,4535,45202
20261007T065938680906Z_2f6d6251_s1,nca,nca / recipe 8ff5df4565 / IDs32,eyes,9,1,19,2.0,6,4,72,0.3814985264441573,0.32683901562605,0.05859375,42603,13560,29043
20261007T065938680906Z_2f6d6251_s1,nca,nca / recipe 8ff5df4565 / IDs32,eyes,9,1,19,4.0,6,8,144,0.37998867612258824,0.3345149228556969,0.078125,42707,12229,30478
20261007T065938680906Z_2f6d6251_s1,nca,nca / recipe 8ff5df4565 / IDs32,eyes,9,1,19,0.5,7,1,18,0.18079005821634414,0.1498931427701741,0.0,56428,5380,51048
20261007T065938680906Z_2f6d6251_s1,nca,nca / recipe 8ff5df4565 / IDs32,eyes,9,1,19,1.0,7,2,36,0.27511214993975114,0.2170572490567406,0.01171875,49931,4704,45227
20261007T065938680906Z_2f6d6251_s1,nca,nca / recipe 8ff5df4565 / IDs32,eyes,9,1,19,2.0,7,4,72,0.3780142564713056,0.32365598524171985,0.0546875,42843,13160,29683
20261007T065938680906Z_2f6d6251_s1,nca,nca / recipe 8ff5df4565 / IDs32,eyes,9,1,19,4.0,7,8,144,0.38409721113224254,0.33735114385731513,0.0703125,42424,12417,30007
20261007T065938680906Z_2f6d6251_s1,nca,nca / recipe 8ff5df4565 / IDs32,eyes,9,1,25,0.5,0,1,24,0.17041402139670253,0.11755765773485757,0.0,103753,7489,96264
20261007T065938680906Z_2f6d6251_s1,nca,nca / recipe 8ff5df4565 / IDs32,eyes,9,1,25,1.0,0,2,48,0.28337837621735723,0.21141417371883728,0.0078125,89625,11290,78335
20261007T065938680906Z_2f6d6251_s1,nca,nca / recipe 8ff5df4565 / IDs32,eyes,9,1,25,2.0,0,4,96,0.3505269217852974,0.2832635772252711,0.04296875,81227,28552,52675
20261007T065938680906Z_2f6d6251_s1,nca,nca / recipe 8ff5df4565 / IDs32,eyes,9,1,25,4.0,0,8,192,0.35909839604688726,0.29731206275895344,0.05078125,80155,22329,57826
20261007T065938680906Z_2f6d6251_s1,nca,nca / recipe 8ff5df4565 / IDs32,eyes,9,1,25,0.5,1,1,24,0.16833511905713783,0.11625945657424003,0.0,104013,7695,96318
20261007T065938680906Z_2f6d6251_s1,nca,nca / recipe 8ff5df4565 / IDs32,eyes,9,1,25,1.0,1,2,48,0.28901539986886926,0.21729398745703574,0.0,88920,11144,77776
20261007T065938680906Z_2f6d6251_s1,nca,nca / recipe 8ff5df4565 / IDs32,eyes,9,1,25,2.0,1,4,96,0.3374618201589561,0.2734142411843809,0.02734375,82861,28441,54420
20261007T065938680906Z_2f6d6251_s1,nca,nca / recipe 8ff5df4565 / IDs32,eyes,9,1,25,4.0,1,8,192,0.35643580189659857,0.297244915194259,0.05078125,80488,22629,57859
20261007T065938680906Z_2f6d6251_s1,nca,nca / recipe 8ff5df4565 / IDs32,eyes,9,1,25,0.5,2,1,24,0.1667999296371516,0.11472764191049774,0.0,104205,7792,96413
20261007T065938680906Z_2f6d6251_s1,nca,nca / recipe 8ff5df4565 / IDs32,eyes,9,1,25,1.0,2,2,48,0.27690179585179026,0.20618942862002096,0.0,90435,11668,78767
20261007T065938680906Z_2f6d6251_s1,nca,nca / recipe 8ff5df4565 / IDs32,eyes,9,1,25,2.0,2,4,96,0.3308333200070363,0.26845399493665284,0.03125,83690,27867,55823
20261007T065938680906Z_2f6d6251_s1,nca,nca / recipe 8ff5df4565 / IDs32,eyes,9,1,25,4.0,2,8,192,0.34820015032063073,0.29068260639295235,0.05078125,81518,20224,61294
20261007T065938680906Z_2f6d6251_s1,nca,nca / recipe 8ff5df4565 / IDs32,eyes,9,1,25,0.5,3,1,24,0.16786336814162123,0.11506882025310222,0.0,104072,7447,96625
20261007T065938680906Z_2f6d6251_s1,nca,nca / recipe 8ff5df4565 / IDs32,eyes,9,1,25,1.0,3,2,48,0.2802680184862393,0.20811295772046298,0.0,90014,10438,79576
20261007T065938680906Z_2f6d6251_s1,nca,nca / recipe 8ff5df4565 / IDs32,eyes,9,1,25,2.0,3,4,96,0.3371100059168759,0.2710758192322329,0.02734375,82905,28449,54456
20261007T065938680906Z_2f6d6251_s1,nca,nca / recipe 8ff5df4565 / IDs32,eyes,9,1,25,4.0,3,8,192,0.3472406569331393,0.28938680370034464,0.03515625,81638,22427,59211
20261007T065938680906Z_2f6d6251_s1,nca,nca / recipe 8ff5df4565 / IDs32,eyes,9,1,25,0.5,4,1,24,0.1688628404202581,0.11634554045722939,0.0,103947,7680,96267
20261007T065938680906Z_2f6d6251_s1,nca,nca / recipe 8ff5df4565 / IDs32,eyes,9,1,25,1.0,4,2,48,0.2836182495642301,0.2112076266484781,0.0,89595,11033,78562
20261007T065938680906Z_2f6d6251_s1,nca,nca / recipe 8ff5df4565 / IDs32,eyes,9,1,25,2.0,4,4,96,0.3441702780931668,0.28070214283391426,0.03515625,82022,27224,54798
20261007T065938680906Z_2f6d6251_s1,nca,nca / recipe 8ff5df4565 / IDs32,eyes,9,1,25,4.0,4,8,192,0.35386116130683,0.29551251151576735,0.046875,80810,22899,57911
20261007T065938680906Z_2f6d6251_s1,nca,nca / recipe 8ff5df4565 / IDs32,eyes,9,1,25,0.5,5,1,24,0.17021412694097515,0.11719663055519046,0.0,103778,7563,96215
20261007T065938680906Z_2f6d6251_s1,nca,nca / recipe 8ff5df4565 / IDs32,eyes,9,1,25,1.0,5,2,48,0.2826747477331969,0.2102078670601474,0.00390625,89713,11089,78624
20261007T065938680906Z_2f6d6251_s1,nca,nca / recipe 8ff5df4565 / IDs32,eyes,9,1,25,2.0,5,4,96,0.3396526633937281,0.2738081969683287,0.02734375,82587,27224,55363
20261007T065938680906Z_2f6d6251_s1,nca,nca / recipe 8ff5df4565 / IDs32,eyes,9,1,25,4.0,5,8,192,0.3522859929956983,0.29367275872322884,0.0390625,81007,22204,58803
20261007T065938680906Z_2f6d6251_s1,nca,nca / recipe 8ff5df4565 / IDs32,eyes,9,1,25,0.5,6,1,24,0.16899876865015273,0.11642149092573074,0.0,103930,7640,96290
20261007T065938680906Z_2f6d6251_s1,nca,nca / recipe 8ff5df4565 / IDs32,eyes,9,1,25,1.0,6,2,48,0.27839700638063103,0.20695970800862018,0.00390625,90248,11609,78639
20261007T065938680906Z_2f6d6251_s1,nca,nca / recipe 8ff5df4565 / IDs32,eyes,9,1,25,2.0,6,4,96,0.3384852797722802,0.2747178436788912,0.02734375,82733,28686,54047
20261007T065938680906Z_2f6d6251_s1,nca,nca / recipe 8ff5df4565 / IDs32,eyes,9,1,25,4.0,6,8,192,0.3452497081540946,0.28779408691978925,0.0390625,81887,25903,55984
20261007T065938680906Z_2f6d6251_s1,nca,nca / recipe 8ff5df4565 / IDs32,eyes,9,1,25,0.5,7,1,24,0.16826315705307598,0.11557058559320106,0.0,104022,7665,96357
20261007T065938680906Z_2f6d6251_s1,nca,nca / recipe 8ff5df4565 / IDs32,eyes,9,1,25,1.0,7,2,48,0.28339436777381544,0.21063573612962394,0.00390625,89623,11643,77980
20261007T065938680906Z_2f6d6251_s1,nca,nca / recipe 8ff5df4565 / IDs32,eyes,9,1,25,2.0,7,4,96,0.3364623478803192,0.27235285640424656,0.02734375,82986,29496,53490
20261007T065938680906Z_2f6d6251_s1,nca,nca / recipe 8ff5df4565 / IDs32,eyes,9,1,25,4.0,7,8,192,0.3537012457422481,0.29244097517124745,0.05078125,80830,23160,57670
20261007T065938680906Z_2f6d6251_s1,nca,nca / recipe 8ff5df4565 / IDs32,eyes,9,1,37,0.5,0,2,36,0.1917016650284455,0.12248556032946961,0.0,217096,14657,202439
20261007T065938680906Z_2f6d6251_s1,nca,nca / recipe 8ff5df4565 / IDs32,eyes,9,1,37,1.0,0,3,72,0.3013396181455336,0.21304260304868605,0.0078125,187649,33441,154208
20261007T065938680906Z_2f6d6251_s1,nca,nca / recipe 8ff5df4565 / IDs32,eyes,9,1,37,2.0,0,6,144,0.33069728650999314,0.2525887859417936,0.03515625,179764,59632,120132
20261007T065938680906Z_2f6d6251_s1,nca,nca / recipe 8ff5df4565 / IDs32,eyes,9,1,37,4.0,0,12,288,0.3292787358889584,0.255465566950727,0.04296875,180145,53494,126651
20261007T065938680906Z_2f6d6251_s1,nca,nca / recipe 8ff5df4565 / IDs32,eyes,9,1,37,0.5,1,2,36,0.19204792541625712,0.12295466641159661,0.0,217003,14482,202521
20261007T065938680906Z_2f6d6251_s1,nca,nca / recipe 8ff5df4565 / IDs32,eyes,9,1,37,1.0,1,3,72,0.30507774104190866,0.2175723961053173,0.0078125,186645,32882,153763
20261007T065938680906Z_2f6d6251_s1,nca,nca / recipe 8ff5df4565 / IDs32,eyes,9,1,37,2.0,1,6,144,0.3304478301015697,0.2505684108727595,0.03515625,179831,60142,119689
20261007T065938680906Z_2f6d6251_s1,nca,nca / recipe 8ff5df4565 / IDs32,eyes,9,1,37,4.0,1,12,288,0.3279234801775236,0.25509149304806034,0.0390625,180509,53082,127427
20261007T065938680906Z_2f6d6251_s1,nca,nca / recipe 8ff5df4565 / IDs32,eyes,9,1,37,0.5,2,2,36,0.1928595895511274,0.12450083262384289,0.0,216785,15029,201756
20261007T065938680906Z_2f6d6251_s1,nca,nca / recipe 8ff5df4565 / IDs32,eyes,9,1,37,1.0,2,3,72,0.30407991540821494,0.21477066690417082,0.0078125,186913,34266,152647
20261007T065938680906Z_2f6d6251_s1,nca,nca / recipe 8ff5df4565 / IDs32,eyes,9,1,37,2.0,2,6,144,0.33078292079945193,0.25077825740584836,0.0390625,179741,58930,120811
20261007T065938680906Z_2f6d6251_s1,nca,nca / recipe 8ff5df4565 / IDs32,eyes,9,1,37,4.0,2,12,288,0.32944255800792305,0.25623694351493365,0.0390625,180101,54835,125266
20261007T065938680906Z_2f6d6251_s1,nca,nca / recipe 8ff5df4565 / IDs32,eyes,9,1,37,0.5,3,2,36,0.19371965567569177,0.12485489274808542,0.0,216554,14308,202246
20261007T065938680906Z_2f6d6251_s1,nca,nca / recipe 8ff5df4565 / IDs32,eyes,9,1,37,1.0,3,3,72,0.306913293420308,0.21784303402965025,0.0078125,186152,34697,151455
20261007T065938680906Z_2f6d6251_s1,nca,nca / recipe 8ff5df4565 / IDs32,eyes,9,1,37,2.0,3,6,144,0.3228449944896196,0.2423298450443577,0.03515625,181873,64134,117739
20261007T065938680906Z_2f6d6251_s1,nca,nca / recipe 8ff5df4565 / IDs32,eyes,9,1,37,4.0,3,12,288,0.3238651595031722,0.24898419138354985,0.03515625,181599,59434,122165
20261007T065938680906Z_2f6d6251_s1,nca,nca / recipe 8ff5df4565 / IDs32,eyes,9,1,37,0.5,4,2,36,0.19298617937032736,0.12462492381914027,0.0,216751,14388,202363
20261007T065938680906Z_2f6d6251_s1,nca,nca / recipe 8ff5df4565 / IDs32,eyes,9,1,37,1.0,4,3,72,0.3045378726953206,0.2149746004995031,0.01171875,186790,33067,153723
20261007T065938680906Z_2f6d6251_s1,nca,nca / recipe 8ff5df4565 / IDs32,eyes,9,1,37,2.0,4,6,144,0.3316541566139457,0.25195424225530144,0.0390625,179507,60360,119147
20261007T065938680906Z_2f6d6251_s1,nca,nca / recipe 8ff5df4565 / IDs32,eyes,9,1,37,4.0,4,12,288,0.3334748160724392,0.2589630616508125,0.04296875,179018,55658,123360
20261007T065938680906Z_2f6d6251_s1,nca,nca / recipe 8ff5df4565 / IDs32,eyes,9,1,37,0.5,5,2,36,0.1921335597057159,0.12314928694926186,0.0,216980,14838,202142
20261007T065938680906Z_2f6d6251_s1,nca,nca / recipe 8ff5df4565 / IDs32,eyes,9,1,37,1.0,5,3,72,0.30200235308134515,0.21392257633571807,0.0078125,187471,31751,155720
20261007T065938680906Z_2f6d6251_s1,nca,nca / recipe 8ff5df4565 / IDs32,eyes,9,1,37,2.0,5,6,144,0.33664328478241445,0.25791153216305585,0.03125,178167,55262,122905
20261007T065938680906Z_2f6d6251_s1,nca,nca / recipe 8ff5df4565 / IDs32,eyes,9,1,37,4.0,5,12,288,0.3304254907217109,0.2555088165827881,0.03515625,179837,53273,126564
20261007T065938680906Z_2f6d6251_s1,nca,nca / recipe 8ff5df4565 / IDs32,eyes,9,1,37,0.5,6,2,36,0.19144476216006912,0.12216877313803044,0.00390625,217165,14553,202612
20261007T065938680906Z_2f6d6251_s1,nca,nca / recipe 8ff5df4565 / IDs32,eyes,9,1,37,1.0,6,3,72,0.30620587972477886,0.21578750174397465,0.0078125,186342,29401,156941
20261007T065938680906Z_2f6d6251_s1,nca,nca / recipe 8ff5df4565 / IDs32,eyes,9,1,37,2.0,6,6,144,0.3352805826110267,0.25712772356176156,0.0390625,178533,56763,121770
20261007T065938680906Z_2f6d6251_s1,nca,nca / recipe 8ff5df4565 / IDs32,eyes,9,1,37,4.0,6,12,288,0.32511244154528934,0.25461324028169724,0.04296875,181264,53261,128003
20261007T065938680906Z_2f6d6251_s1,nca,nca / recipe 8ff5df4565 / IDs32,eyes,9,1,37,0.5,7,2,36,0.19097191195305752,0.1231093602257186,0.0,217292,14955,202337
20261007T065938680906Z_2f6d6251_s1,nca,nca / recipe 8ff5df4565 / IDs32,eyes,9,1,37,1.0,7,3,72,0.30061358830012214,0.21249581119964286,0.01171875,187844,33886,153958
20261007T065938680906Z_2f6d6251_s1,nca,nca / recipe 8ff5df4565 / IDs32,eyes,9,1,37,2.0,7,6,144,0.33574970958806183,0.2561674991445706,0.03125,178407,56728,121679
20261007T065938680906Z_2f6d6251_s1,nca,nca / recipe 8ff5df4565 / IDs32,eyes,9,1,37,4.0,7,12,288,0.3315350132546987,0.257491937368519,0.0390625,179539,51829,127710
20261007T065938886078Z_19f81849_s0,nca,nca / recipe 8ff5df4565 / IDs32,eyes,9,0,9,0.5,0,1,8,0.16199407699901283,0.2915418234217357,0.0,8489,8296,193
20261007T065938886078Z_19f81849_s0,nca,nca / recipe 8ff5df4565 / IDs32,eyes,9,0,9,1.0,0,1,16,0.38736426456071077,0.3980852813898246,0.00390625,6206,5985,221
20261007T065938886078Z_19f81849_s0,nca,nca / recipe 8ff5df4565 / IDs32,eyes,9,0,9,2.0,0,2,32,0.7227048371174728,0.48874586085790583,0.05859375,2809,2560,249
20261007T065938886078Z_19f81849_s0,nca,nca / recipe 8ff5df4565 / IDs32,eyes,9,0,9,4.0,0,4,64,0.9274432379072063,0.6026657617699606,0.42578125,735,558,177
20261007T065938886078Z_19f81849_s0,nca,nca / recipe 8ff5df4565 / IDs32,eyes,9,0,9,0.5,1,1,8,0.16061204343534058,0.2992111896859013,0.0,8503,8302,201
20261007T065938886078Z_19f81849_s0,nca,nca / recipe 8ff5df4565 / IDs32,eyes,9,0,9,1.0,1,1,16,0.3859822309970385,0.4004803230333354,0.00390625,6220,6002,218
20261007T065938886078Z_19f81849_s0,nca,nca / recipe 8ff5df4565 / IDs32,eyes,9,0,9,2.0,1,2,32,0.7254689042448174,0.5204133792679109,0.05859375,2781,2542,239
20261007T065938886078Z_19f81849_s0,nca,nca / recipe 8ff5df4565 / IDs32,eyes,9,0,9,4.0,1,4,64,0.9267522211253701,0.6183162229998568,0.40625,742,563,179
20261007T065938886078Z_19f81849_s0,nca,nca / recipe 8ff5df4565 / IDs32,eyes,9,0,9,0.5,2,1,8,0.1631786771964462,0.29818202459584814,0.0,8477,8280,197
20261007T065938886078Z_19f81849_s0,nca,nca / recipe 8ff5df4565 / IDs32,eyes,9,0,9,1.0,2,1,16,0.384106614017769,0.4182631686014971,0.0078125,6239,6015,224
20261007T065938886078Z_19f81849_s0,nca,nca / recipe 8ff5df4565 / IDs32,eyes,9,0,9,2.0,2,2,32,0.7297137216189536,0.49557315509771654,0.0546875,2738,2497,241
20261007T065938886078Z_19f81849_s0,nca,nca / recipe 8ff5df4565 / IDs32,eyes,9,0,9,4.0,2,4,64,0.9279368213228035,0.6091212068978443,0.41015625,730,557,173
20261007T065938886078Z_19f81849_s0,nca,nca / recipe 8ff5df4565 / IDs32,eyes,9,0,9,0.5,3,1,8,0.16456071076011847,0.31465809708445996,0.0,8463,8272,191
20261007T065938886078Z_19f81849_s0,nca,nca / recipe 8ff5df4565 / IDs32,eyes,9,0,9,1.0,3,1,16,0.3846989141164857,0.4402864794105443,0.00390625,6233,6025,208
20261007T065938886078Z_19f81849_s0,nca,nca / recipe 8ff5df4565 / IDs32,eyes,9,0,9,2.0,3,2,32,0.7255676209279368,0.48903209551550714,0.046875,2780,2533,247
20261007T065938886078Z_19f81849_s0,nca,nca / recipe 8ff5df4565 / IDs32,eyes,9,0,9,4.0,3,4,64,0.9247778874629813,0.6168005673705359,0.421875,762,575,187
20261007T065938886078Z_19f81849_s0,nca,nca / recipe 8ff5df4565 / IDs32,eyes,9,0,9,0.5,4,1,8,0.16258637709772952,0.26796982263043057,0.0,8483,8282,201
20261007T065938886078Z_19f81849_s0,nca,nca / recipe 8ff5df4565 / IDs32,eyes,9,0,9,1.0,4,1,16,0.3839091806515301,0.40404854563079534,0.00390625,6241,6032,209
20261007T065938886078Z_19f81849_s0,nca,nca / recipe 8ff5df4565 / IDs32,eyes,9,0,9,2.0,4,2,32,0.7272458045409674,0.4951987802723807,0.0546875,2763,2523,240
20261007T065938886078Z_19f81849_s0,nca,nca / recipe 8ff5df4565 / IDs32,eyes,9,0,9,4.0,4,4,64,0.9293188548864758,0.6202946122152136,0.42578125,716,547,169
20261007T065938886078Z_19f81849_s0,nca,nca / recipe 8ff5df4565 / IDs32,eyes,9,0,9,0.5,5,1,8,0.16347482724580453,0.3110322571843717,0.0,8474,8292,182
20261007T065938886078Z_19f81849_s0,nca,nca / recipe 8ff5df4565 / IDs32,eyes,9,0,9,1.0,5,1,16,0.3851924975320829,0.429864203728612,0.00390625,6228,6024,204
20261007T065938886078Z_19f81849_s0,nca,nca / recipe 8ff5df4565 / IDs32,eyes,9,0,9,2.0,5,2,32,0.7299111549851925,0.49933961791368686,0.05859375,2736,2502,234
20261007T065938886078Z_19f81849_s0,nca,nca / recipe 8ff5df4565 / IDs32,eyes,9,0,9,4.0,5,4,64,0.9288252714708786,0.6386153333725405,0.42578125,721,554,167
20261007T065938886078Z_19f81849_s0,nca,nca / recipe 8ff5df4565 / IDs32,eyes,9,0,9,0.5,6,1,8,0.16426456071076012,0.29606463713108755,0.0,8466,8262,204
20261007T065938886078Z_19f81849_s0,nca,nca / recipe 8ff5df4565 / IDs32,eyes,9,0,9,1.0,6,1,16,0.38568608094768014,0.419891304266359,0.00390625,6223,6001,222
20261007T065938886078Z_19f81849_s0,nca,nca / recipe 8ff5df4565 / IDs32,eyes,9,0,9,2.0,6,2,32,0.7269496544916091,0.4952606377734748,0.05078125,2766,2529,237
20261007T065938886078Z_19f81849_s0,nca,nca / recipe 8ff5df4565 / IDs32,eyes,9,0,9,4.0,6,4,64,0.9295162882527147,0.622871187355908,0.4140625,714,540,174
20261007T065938886078Z_19f81849_s0,nca,nca / recipe 8ff5df4565 / IDs32,eyes,9,0,9,0.5,7,1,8,0.16159921026653504,0.26407403964597026,0.0,8493,8290,203
20261007T065938886078Z_19f81849_s0,nca,nca / recipe 8ff5df4565 / IDs32,eyes,9,0,9,1.0,7,1,16,0.38756169792694967,0.4100365361952026,0.00390625,6204,5980,224
20261007T065938886078Z_19f81849_s0,nca,nca / recipe 8ff5df4565 / IDs32,eyes,9,0,9,2.0,7,2,32,0.7285291214215203,0.5078694102918754,0.0625,2750,2502,248
20261007T065938886078Z_19f81849_s0,nca,nca / recipe 8ff5df4565 / IDs32,eyes,9,0,9,4.0,7,4,64,0.9268509378084896,0.5927383384169941,0.40234375,741,565,176
20261007T065938886078Z_19f81849_s0,nca,nca / recipe 8ff5df4565 / IDs32,eyes,9,0,13,0.5,0,1,12,0.17847258829731155,0.18103289661774452,0.0,24935,19571,5364
20261007T065938886078Z_19f81849_s0,nca,nca / recipe 8ff5df4565 / IDs32,eyes,9,0,13,1.0,0,1,24,0.3841921454928835,0.36954541977805955,0.015625,18691,14854,3837
20261007T065938886078Z_19f81849_s0,nca,nca / recipe 8ff5df4565 / IDs32,eyes,9,0,13,2.0,0,2,48,0.42919741697416974,0.37550956265877466,0.1484375,17325,15338,1987
20261007T065938886078Z_19f81849_s0,nca,nca / recipe 8ff5df4565 / IDs32,eyes,9,0,13,4.0,0,4,96,0.4711386399578282,0.4132453459918979,0.31640625,16052,14144,1908
20261007T065938886078Z_19f81849_s0,nca,nca / recipe 8ff5df4565 / IDs32,eyes,9,0,13,0.5,1,1,12,0.18321692145492882,0.1856927813032942,0.0,24791,19534,5257
20261007T065938886078Z_19f81849_s0,nca,nca / recipe 8ff5df4565 / IDs32,eyes,9,0,13,1.0,1,1,24,0.3879151291512915,0.3735874579510591,0.015625,18578,14794,3784
20261007T065938886078Z_19f81849_s0,nca,nca / recipe 8ff5df4565 / IDs32,eyes,9,0,13,2.0,1,2,48,0.4388508170795994,0.38571554534716146,0.15234375,17032,15066,1966
20261007T065938886078Z_19f81849_s0,nca,nca / recipe 8ff5df4565 / IDs32,eyes,9,0,13,4.0,1,4,96,0.47407090142329994,0.4149402925177814,0.34375,15963,14213,1750
20261007T065938886078Z_19f81849_s0,nca,nca / recipe 8ff5df4565 / IDs32,eyes,9,0,13,0.5,2,1,12,0.180152872957301,0.18297941822159103,0.0,24884,19559,5325
20261007T065938886078Z_19f81849_s0,nca,nca / recipe 8ff5df4565 / IDs32,eyes,9,0,13,1.0,2,1,24,0.3818199789140749,0.3667130802050067,0.015625,18763,14855,3908
20261007T065938886078Z_19f81849_s0,nca,nca / recipe 8ff5df4565 / IDs32,eyes,9,0,13,2.0,2,2,48,0.4304493937796521,0.3756496730674217,0.14453125,17287,15214,2073
20261007T065938886078Z_19f81849_s0,nca,nca / recipe 8ff5df4565 / IDs32,eyes,9,0,13,4.0,2,4,96,0.46280311017395886,0.40235930878534343,0.3203125,16305,14441,1864
20261007T065938886078Z_19f81849_s0,nca,nca / recipe 8ff5df4565 / IDs32,eyes,9,0,13,0.5,3,1,12,0.18064707432788613,0.1826628820764238,0.0,24869,19560,5309
20261007T065938886078Z_19f81849_s0,nca,nca / recipe 8ff5df4565 / IDs32,eyes,9,0,13,1.0,3,1,24,0.38162229836584083,0.3680329455767968,0.015625,18769,14846,3923
20261007T065938886078Z_19f81849_s0,nca,nca / recipe 8ff5df4565 / IDs32,eyes,9,0,13,2.0,3,2,48,0.42033473906167634,0.362029531821847,0.15234375,17594,15601,1993
20261007T065938886078Z_19f81849_s0,nca,nca / recipe 8ff5df4565 / IDs32,eyes,9,0,13,4.0,3,4,96,0.44988798102266736,0.3832826395374203,0.328125,16697,14830,1867
20261007T065938886078Z_19f81849_s0,nca,nca / recipe 8ff5df4565 / IDs32,eyes,9,0,13,0.5,4,1,12,0.18061412756984713,0.1835212500954079,0.0,24870,19563,5307
20261007T065938886078Z_19f81849_s0,nca,nca / recipe 8ff5df4565 / IDs32,eyes,9,0,13,1.0,4,1,24,0.3821494464944649,0.3671835194166888,0.0234375,18753,14894,3859
20261007T065938886078Z_19f81849_s0,nca,nca / recipe 8ff5df4565 / IDs32,eyes,9,0,13,2.0,4,2,48,0.4382577754348972,0.38404539188703174,0.15234375,17050,15108,1942
20261007T065938886078Z_19f81849_s0,nca,nca / recipe 8ff5df4565 / IDs32,eyes,9,0,13,4.0,4,4,96,0.463231418028466,0.4038118396132928,0.3359375,16292,14357,1935
20261007T065938886078Z_19f81849_s0,nca,nca / recipe 8ff5df4565 / IDs32,eyes,9,0,13,0.5,5,1,12,0.17959277807063784,0.18186439850253647,0.0,24901,19538,5363
20261007T065938886078Z_19f81849_s0,nca,nca / recipe 8ff5df4565 / IDs32,eyes,9,0,13,1.0,5,1,24,0.37892066420664205,0.3646511279725304,0.01171875,18851,14875,3976
20261007T065938886078Z_19f81849_s0,nca,nca / recipe 8ff5df4565 / IDs32,eyes,9,0,13,2.0,5,2,48,0.422805745914602,0.36699735126934135,0.1328125,17519,15428,2091
20261007T065938886078Z_19f81849_s0,nca,nca / recipe 8ff5df4565 / IDs32,eyes,9,0,13,4.0,5,4,96,0.45631259884027414,0.3930680728943066,0.3046875,16502,14637,1865
20261007T065938886078Z_19f81849_s0,nca,nca / recipe 8ff5df4565 / IDs32,eyes,9,0,13,0.5,6,1,12,0.18100948866631522,0.18368028929936417,0.0,24858,19513,5345
20261007T065938886078Z_19f81849_s0,nca,nca / recipe 8ff5df4565 / IDs32,eyes,9,0,13,1.0,6,1,24,0.38033737480231944,0.36575248417887113,0.015625,18808,14958,3850
20261007T065938886078Z_19f81849_s0,nca,nca / recipe 8ff5df4565 / IDs32,eyes,9,0,13,2.0,6,2,48,0.41186742224565104,0.35248278622416135,0.125,17851,15894,1957
20261007T065938886078Z_19f81849_s0,nca,nca / recipe 8ff5df4565 / IDs32,eyes,9,0,13,4.0,6,4,96,0.444913020558777,0.3800301836858031,0.32421875,16848,14944,1904
20261007T065938886078Z_19f81849_s0,nca,nca / recipe 8ff5df4565 / IDs32,eyes,9,0,13,0.5,7,1,12,0.17998813916710596,0.18276304182131956,0.0,24889,19556,5333
20261007T065938886078Z_19f81849_s0,nca,nca / recipe 8ff5df4565 / IDs32,eyes,9,0,13,1.0,7,1,24,0.3886729045861887,0.3755484478662648,0.02734375,18555,14733,3822
20261007T065938886078Z_19f81849_s0,nca,nca / recipe 8ff5df4565 / IDs32,eyes,9,0,13,2.0,7,2,48,0.4180614127569847,0.3610601023990778,0.14453125,17663,15649,2014
20261007T065938886078Z_19f81849_s0,nca,nca / recipe 8ff5df4565 / IDs32,eyes,9,0,13,4.0,7,4,96,0.437467053241961,0.36799748681103606,0.30078125,17074,15254,1820
20261007T065938886078Z_19f81849_s0,nca,nca / recipe 8ff5df4565 / IDs32,eyes,9,0,19,0.5,0,1,18,0.17164384953760833,0.1706222142607493,0.0,57058,51802,5256
20261007T065938886078Z_19f81849_s0,nca,nca / recipe 8ff5df4565 / IDs32,eyes,9,0,19,1.0,0,2,36,0.20236349646491775,0.20628628245924185,0.0234375,54942,54581,361
20261007T065938886078Z_19f81849_s0,nca,nca / recipe 8ff5df4565 / IDs32,eyes,9,0,19,2.0,0,4,72,0.2392096514278248,0.2236724891290052,0.0625,52404,52163,241
20261007T065938886078Z_19f81849_s0,nca,nca / recipe 8ff5df4565 / IDs32,eyes,9,0,19,4.0,0,8,144,0.2551937399282821,0.23574619184161616,0.171875,51303,51093,210
20261007T065938886078Z_19f81849_s0,nca,nca / recipe 8ff5df4565 / IDs32,eyes,9,0,19,0.5,1,1,18,0.17001785688361087,0.16861013083574117,0.0,57170,51904,5266
20261007T065938886078Z_19f81849_s0,nca,nca / recipe 8ff5df4565 / IDs32,eyes,9,0,19,1.0,1,2,36,0.2016666424703474,0.20626449943265238,0.03515625,54990,54657,333
20261007T065938886078Z_19f81849_s0,nca,nca / recipe 8ff5df4565 / IDs32,eyes,9,0,19,2.0,1,4,72,0.2398629520477345,0.22436368060753983,0.06640625,52359,52104,255
20261007T065938886078Z_19f81849_s0,nca,nca / recipe 8ff5df4565 / IDs32,eyes,9,0,19,4.0,1,8,144,0.2549179018887647,0.23510886518936638,0.1484375,51322,51134,188
20261007T065938886078Z_19f81849_s0,nca,nca / recipe 8ff5df4565 / IDs32,eyes,9,0,19,0.5,2,1,18,0.17312466427607032,0.1722247127915549,0.0,56956,51848,5108
20261007T065938886078Z_19f81849_s0,nca,nca / recipe 8ff5df4565 / IDs32,eyes,9,0,19,1.0,2,2,36,0.20155050013791903,0.20577919689567922,0.0390625,54998,54660,338
20261007T065938886078Z_19f81849_s0,nca,nca / recipe 8ff5df4565 / IDs32,eyes,9,0,19,2.0,2,4,72,0.23987746983928804,0.22424962473500024,0.0625,52358,52103,255
20261007T065938886078Z_19f81849_s0,nca,nca / recipe 8ff5df4565 / IDs32,eyes,9,0,19,4.0,2,8,144,0.25288541107126783,0.23342187323848373,0.15625,51462,51276,186
20261007T065938886078Z_19f81849_s0,nca,nca / recipe 8ff5df4565 / IDs32,eyes,9,0,19,0.5,3,1,18,0.1709760311261451,0.17035359639119765,0.0,57104,51933,5171
20261007T065938886078Z_19f81849_s0,nca,nca / recipe 8ff5df4565 / IDs32,eyes,9,0,19,1.0,3,2,36,0.2010423774335448,0.2051715020170634,0.03515625,55033,54689,344
20261007T065938886078Z_19f81849_s0,nca,nca / recipe 8ff5df4565 / IDs32,eyes,9,0,19,2.0,3,4,72,0.23716264281877442,0.22205240144991717,0.06640625,52545,52324,221
20261007T065938886078Z_19f81849_s0,nca,nca / recipe 8ff5df4565 / IDs32,eyes,9,0,19,4.0,3,8,144,0.2516223632061091,0.23126728142726322,0.140625,51549,51291,258
20261007T065938886078Z_19f81849_s0,nca,nca / recipe 8ff5df4565 / IDs32,eyes,9,0,19,0.5,4,1,18,0.17123735137410898,0.1701028474226468,0.0,57086,51879,5207
20261007T065938886078Z_19f81849_s0,nca,nca / recipe 8ff5df4565 / IDs32,eyes,9,0,19,1.0,4,2,36,0.2022328363409358,0.20662478549561356,0.02734375,54951,54616,335
20261007T065938886078Z_19f81849_s0,nca,nca / recipe 8ff5df4565 / IDs32,eyes,9,0,19,2.0,4,4,72,0.23945645388423514,0.22403056391317153,0.0625,52387,52157,230
20261007T065938886078Z_19f81849_s0,nca,nca / recipe 8ff5df4565 / IDs32,eyes,9,0,19,4.0,4,8,144,0.25307414236146397,0.23361094372329116,0.1484375,51449,51267,182
20261007T065938886078Z_19f81849_s0,nca,nca / recipe 8ff5df4565 / IDs32,eyes,9,0,19,0.5,5,1,18,0.17074374646128831,0.1693141077014773,0.0,57120,51819,5301
20261007T065938886078Z_19f81849_s0,nca,nca / recipe 8ff5df4565 / IDs32,eyes,9,0,19,1.0,5,2,36,0.2019860338845255,0.2061811237240992,0.03125,54968,54628,340
20261007T065938886078Z_19f81849_s0,nca,nca / recipe 8ff5df4565 / IDs32,eyes,9,0,19,2.0,5,4,72,0.23819340601907638,0.22306335895104537,0.0625,52474,52246,228
20261007T065938886078Z_19f81849_s0,nca,nca / recipe 8ff5df4565 / IDs32,eyes,9,0,19,4.0,5,8,144,0.2527257153641788,0.23335301956965035,0.16015625,51473,51304,169
20261007T065938886078Z_19f81849_s0,nca,nca / recipe 8ff5df4565 / IDs32,eyes,9,0,19,0.5,6,1,18,0.17096151333459153,0.17007231143934154,0.0,57105,51939,5166
20261007T065938886078Z_19f81849_s0,nca,nca / recipe 8ff5df4565 / IDs32,eyes,9,0,19,1.0,6,2,36,0.20245060321423905,0.2063511567931922,0.03125,54936,54579,357
20261007T065938886078Z_19f81849_s0,nca,nca / recipe 8ff5df4565 / IDs32,eyes,9,0,19,2.0,6,4,72,0.2410824465382326,0.22561772713603703,0.0625,52275,52028,247
20261007T065938886078Z_19f81849_s0,nca,nca / recipe 8ff5df4565 / IDs32,eyes,9,0,19,4.0,6,8,144,0.25541150680158536,0.23579223463773738,0.15234375,51288,51090,198
20261007T065938886078Z_19f81849_s0,nca,nca / recipe 8ff5df4565 / IDs32,eyes,9,0,19,0.5,7,1,18,0.17090344216837736,0.16964698779677267,0.0,57109,51978,5131
20261007T065938886078Z_19f81849_s0,nca,nca / recipe 8ff5df4565 / IDs32,eyes,9,0,19,1.0,7,2,36,0.2013036976815087,0.205772369861404,0.02734375,55015,54708,307
20261007T065938886078Z_19f81849_s0,nca,nca / recipe 8ff5df4565 / IDs32,eyes,9,0,19,2.0,7,4,72,0.2387015287234506,0.22342738284752997,0.05859375,52439,52185,254
20261007T065938886078Z_19f81849_s0,nca,nca / recipe 8ff5df4565 / IDs32,eyes,9,0,19,4.0,7,8,144,0.2525369840739827,0.23319928144743363,0.171875,51486,51299,187
20261007T065938886078Z_19f81849_s0,nca,nca / recipe 8ff5df4565 / IDs32,eyes,9,0,25,0.5,0,1,24,0.15044856315865224,0.1639086187932094,0.0,106250,103939,2311
20261007T065938886078Z_19f81849_s0,nca,nca / recipe 8ff5df4565 / IDs32,eyes,9,0,25,1.0,0,2,48,0.20445204931796013,0.194629510032919,0.0390625,99496,98957,539
20261007T065938886078Z_19f81849_s0,nca,nca / recipe 8ff5df4565 / IDs32,eyes,9,0,25,2.0,0,4,96,0.24533446340332304,0.22000809022602225,0.0625,94383,93857,526
20261007T065938886078Z_19f81849_s0,nca,nca / recipe 8ff5df4565 / IDs32,eyes,9,0,25,4.0,0,8,192,0.25611277245614317,0.2272443196703209,0.1328125,93035,92567,468
20261007T065938886078Z_19f81849_s0,nca,nca / recipe 8ff5df4565 / IDs32,eyes,9,0,25,0.5,1,1,24,0.15011274047303025,0.16380291406948425,0.0,106292,103967,2325
20261007T065938886078Z_19f81849_s0,nca,nca / recipe 8ff5df4565 / IDs32,eyes,9,0,25,1.0,1,2,48,0.20435609997921098,0.1948186672162929,0.0390625,99508,98974,534
20261007T065938886078Z_19f81849_s0,nca,nca / recipe 8ff5df4565 / IDs32,eyes,9,0,25,2.0,1,4,96,0.2453904338509267,0.2199390611836465,0.06640625,94376,93852,524
20261007T065938886078Z_19f81849_s0,nca,nca / recipe 8ff5df4565 / IDs32,eyes,9,0,25,4.0,1,8,192,0.2555210848671901,0.2266824260290003,0.1328125,93109,92665,444
20261007T065938886078Z_19f81849_s0,nca,nca / recipe 8ff5df4565 / IDs32,eyes,9,0,25,0.5,2,1,24,0.15140006076791454,0.1654060587411924,0.0,106131,103940,2191
20261007T065938886078Z_19f81849_s0,nca,nca / recipe 8ff5df4565 / IDs32,eyes,9,0,25,1.0,2,2,48,0.20517166935857867,0.19543320631181527,0.05078125,99406,98907,499
20261007T065938886078Z_19f81849_s0,nca,nca / recipe 8ff5df4565 / IDs32,eyes,9,0,25,2.0,2,4,96,0.24485471670957734,0.21995199535879564,0.0703125,94443,93954,489
20261007T065938886078Z_19f81849_s0,nca,nca / recipe 8ff5df4565 / IDs32,eyes,9,0,25,4.0,2,8,192,0.2554011481937537,0.2265351100437613,0.140625,93124,92672,452
20261007T065938886078Z_19f81849_s0,nca,nca / recipe 8ff5df4565 / IDs32,eyes,9,0,25,0.5,3,1,24,0.15170390034062015,0.16565918254391354,0.0,106093,103861,2232
20261007T065938886078Z_19f81849_s0,nca,nca / recipe 8ff5df4565 / IDs32,eyes,9,0,25,1.0,3,2,48,0.20468392688660386,0.19530024460273332,0.0625,99467,98948,519
20261007T065938886078Z_19f81849_s0,nca,nca / recipe 8ff5df4565 / IDs32,eyes,9,0,25,2.0,3,4,96,0.24503861960884654,0.2198196288368216,0.078125,94420,93924,496
20261007T065938886078Z_19f81849_s0,nca,nca / recipe 8ff5df4565 / IDs32,eyes,9,0,25,4.0,3,8,192,0.25514528329042263,0.22615645236537713,0.1328125,93156,92630,526
20261007T065938886078Z_19f81849_s0,nca,nca / recipe 8ff5df4565 / IDs32,eyes,9,0,25,0.5,4,1,24,0.1524075288247805,0.16668838433557134,0.0,106005,103761,2244
20261007T065938886078Z_19f81849_s0,nca,nca / recipe 8ff5df4565 / IDs32,eyes,9,0,25,1.0,4,2,48,0.2043401084227528,0.1946218433736557,0.03515625,99510,98939,571
20261007T065938886078Z_19f81849_s0,nca,nca / recipe 8ff5df4565 / IDs32,eyes,9,0,25,2.0,4,4,96,0.2449426702700974,0.22006526610349483,0.0703125,94432,93919,513
20261007T065938886078Z_19f81849_s0,nca,nca / recipe 8ff5df4565 / IDs32,eyes,9,0,25,4.0,4,8,192,0.25533718196792093,0.22635991116761348,0.15234375,93132,92673,459
20261007T065938886078Z_19f81849_s0,nca,nca / recipe 8ff5df4565 / IDs32,eyes,9,0,25,0.5,5,1,24,0.1509682887435434,0.16475248419227728,0.0,106185,103896,2289
20261007T065938886078Z_19f81849_s0,nca,nca / recipe 8ff5df4565 / IDs32,eyes,9,0,25,1.0,5,2,48,0.20413221818879632,0.19449287561250644,0.046875,99536,99012,524
20261007T065938886078Z_19f81849_s0,nca,nca / recipe 8ff5df4565 / IDs32,eyes,9,0,25,2.0,5,4,96,0.24527849295571938,0.2200576462892056,0.0703125,94390,93910,480
20261007T065938886078Z_19f81849_s0,nca,nca / recipe 8ff5df4565 / IDs32,eyes,9,0,25,4.0,5,8,192,0.25551308908896103,0.22664979207366065,0.140625,93110,92652,458
20261007T065938886078Z_19f81849_s0,nca,nca / recipe 8ff5df4565 / IDs32,eyes,9,0,25,0.5,6,1,24,0.1512881198727072,0.16497069908887446,0.0,106145,103912,2233
20261007T065938886078Z_19f81849_s0,nca,nca / recipe 8ff5df4565 / IDs32,eyes,9,0,25,1.0,6,2,48,0.2049877664593095,0.19545761658668437,0.04296875,99429,98880,549
20261007T065938886078Z_19f81849_s0,nca,nca / recipe 8ff5df4565 / IDs32,eyes,9,0,25,2.0,6,4,96,0.24431899956822797,0.21913147152338758,0.0625,94510,93970,540
20261007T065938886078Z_19f81849_s0,nca,nca / recipe 8ff5df4565 / IDs32,eyes,9,0,25,4.0,6,8,192,0.25562502998416836,0.22672033139411246,0.14453125,93096,92660,436
20261007T065938886078Z_19f81849_s0,nca,nca / recipe 8ff5df4565 / IDs32,eyes,9,0,25,0.5,7,1,24,0.1512801240944781,0.16469328245697884,0.0,106146,103849,2297
20261007T065938886078Z_19f81849_s0,nca,nca / recipe 8ff5df4565 / IDs32,eyes,9,0,25,1.0,7,2,48,0.20466793533014568,0.19514628277151974,0.05078125,99469,98922,547
20261007T065938886078Z_19f81849_s0,nca,nca / recipe 8ff5df4565 / IDs32,eyes,9,0,25,2.0,7,4,96,0.2454064254073849,0.2201806229391891,0.06640625,94374,93863,511
20261007T065938886078Z_19f81849_s0,nca,nca / recipe 8ff5df4565 / IDs32,eyes,9,0,25,4.0,7,8,192,0.25516127484688084,0.2262263514305081,0.13671875,93154,92655,499
20261007T065938886078Z_19f81849_s0,nca,nca / recipe 8ff5df4565 / IDs32,eyes,9,0,37,0.5,0,2,36,0.15852023947815208,0.1653035450488225,0.046875,226008,225028,980
20261007T065938886078Z_19f81849_s0,nca,nca / recipe 8ff5df4565 / IDs32,eyes,9,0,37,1.0,0,3,72,0.2276829595210437,0.2044599728560634,0.01171875,207432,205944,1488
20261007T065938886078Z_19f81849_s0,nca,nca / recipe 8ff5df4565 / IDs32,eyes,9,0,37,2.0,0,6,144,0.2591665922020671,0.22297550250252693,0.04296875,198976,197740,1236
20261007T065938886078Z_19f81849_s0,nca,nca / recipe 8ff5df4565 / IDs32,eyes,9,0,37,4.0,0,12,288,0.2651349298543472,0.22644904511833358,0.08203125,197373,196117,1256
20261007T065938886078Z_19f81849_s0,nca,nca / recipe 8ff5df4565 / IDs32,eyes,9,0,37,0.5,1,2,36,0.15828195275965806,0.16523351582904747,0.05078125,226072,225091,981
20261007T065938886078Z_19f81849_s0,nca,nca / recipe 8ff5df4565 / IDs32,eyes,9,0,37,1.0,1,3,72,0.22710213564471451,0.20364601865817242,0.0078125,207588,206037,1551
20261007T065938886078Z_19f81849_s0,nca,nca / recipe 8ff5df4565 / IDs32,eyes,9,0,37,2.0,1,6,144,0.25942721830042,0.22328982767933642,0.03515625,198906,197671,1235
20261007T065938886078Z_19f81849_s0,nca,nca / recipe 8ff5df4565 / IDs32,eyes,9,0,37,4.0,1,12,288,0.2652801358234295,0.2267151985925358,0.08984375,197334,196211,1123
20261007T065938886078Z_19f81849_s0,nca,nca / recipe 8ff5df4565 / IDs32,eyes,9,0,37,0.5,2,2,36,0.15825961337979924,0.16524969400718367,0.0390625,226078,225113,965
20261007T065938886078Z_19f81849_s0,nca,nca / recipe 8ff5df4565 / IDs32,eyes,9,0,37,1.0,2,3,72,0.22742605665266732,0.20420716571573305,0.0234375,207501,206087,1414
20261007T065938886078Z_19f81849_s0,nca,nca / recipe 8ff5df4565 / IDs32,eyes,9,0,37,2.0,2,6,144,0.2590474488428201,0.22268344226619316,0.01953125,199008,197683,1325
20261007T065938886078Z_19f81849_s0,nca,nca / recipe 8ff5df4565 / IDs32,eyes,9,0,37,4.0,2,12,288,0.26483334822625326,0.22623706097157084,0.08203125,197454,196215,1239
20261007T065938886078Z_19f81849_s0,nca,nca / recipe 8ff5df4565 / IDs32,eyes,9,0,37,0.5,3,2,36,0.1586282131474697,0.16557253061676713,0.04296875,225979,225019,960
20261007T065938886078Z_19f81849_s0,nca,nca / recipe 8ff5df4565 / IDs32,eyes,9,0,37,1.0,3,3,72,0.22712075179459684,0.20375086290927052,0.00390625,207583,205963,1620
20261007T065938886078Z_19f81849_s0,nca,nca / recipe 8ff5df4565 / IDs32,eyes,9,0,37,2.0,3,6,144,0.25877565305453787,0.22232970054647844,0.01953125,199081,197769,1312
20261007T065938886078Z_19f81849_s0,nca,nca / recipe 8ff5df4565 / IDs32,eyes,9,0,37,4.0,3,12,288,0.2657455395704882,0.22723711622875292,0.09765625,197209,196148,1061
20261007T065938886078Z_19f81849_s0,nca,nca / recipe 8ff5df4565 / IDs32,eyes,9,0,37,0.5,4,2,36,0.1578910136121288,0.16493504051792982,0.0390625,226177,225202,975
20261007T065938886078Z_19f81849_s0,nca,nca / recipe 8ff5df4565 / IDs32,eyes,9,0,37,1.0,4,3,72,0.226376105799303,0.20292296401092624,0.0078125,207783,206231,1552
20261007T065938886078Z_19f81849_s0,nca,nca / recipe 8ff5df4565 / IDs32,eyes,9,0,37,2.0,4,6,144,0.25929690525124355,0.22303502642741868,0.04296875,198941,197667,1274
20261007T065938886078Z_19f81849_s0,nca,nca / recipe 8ff5df4565 / IDs32,eyes,9,0,37,4.0,4,12,288,0.265283859053406,0.22658509503003238,0.07421875,197333,196163,1170
20261007T065938886078Z_19f81849_s0,nca,nca / recipe 8ff5df4565 / IDs32,eyes,9,0,37,0.5,5,2,36,0.15846439102850504,0.1653339829059949,0.04296875,226023,225048,975
20261007T065938886078Z_19f81849_s0,nca,nca / recipe 8ff5df4565 / IDs32,eyes,9,0,37,1.0,5,3,72,0.22695320644565573,0.20357823084081328,0.01171875,207628,206036,1592
20261007T065938886078Z_19f81849_s0,nca,nca / recipe 8ff5df4565 / IDs32,eyes,9,0,37,2.0,5,6,144,0.2589022428737378,0.22244317765949517,0.0234375,199047,197745,1302
20261007T065938886078Z_19f81849_s0,nca,nca / recipe 8ff5df4565 / IDs32,eyes,9,0,37,4.0,5,12,288,0.2651163137044649,0.2263351231330922,0.0703125,197378,196136,1242
20261007T065938886078Z_19f81849_s0,nca,nca / recipe 8ff5df4565 / IDs32,eyes,9,0,37,0.5,6,2,36,0.15849790009829326,0.16533129036634045,0.046875,226014,225038,976
20261007T065938886078Z_19f81849_s0,nca,nca / recipe 8ff5df4565 / IDs32,eyes,9,0,37,1.0,6,3,72,0.22698299228546748,0.20357354899320143,0.00390625,207620,206053,1567
20261007T065938886078Z_19f81849_s0,nca,nca / recipe 8ff5df4565 / IDs32,eyes,9,0,37,2.0,6,6,144,0.2589543680934084,0.2224733103248703,0.0234375,199033,197669,1364
20261007T065938886078Z_19f81849_s0,nca,nca / recipe 8ff5df4565 / IDs32,eyes,9,0,37,4.0,6,12,288,0.2651870550740178,0.2264606564827401,0.0859375,197359,196128,1231
20261007T065938886078Z_19f81849_s0,nca,nca / recipe 8ff5df4565 / IDs32,eyes,9,0,37,0.5,7,2,36,0.15847928394841093,0.16526652926025545,0.046875,226019,225041,978
20261007T065938886078Z_19f81849_s0,nca,nca / recipe 8ff5df4565 / IDs32,eyes,9,0,37,1.0,7,3,72,0.22771274536085545,0.20445526819423543,0.0078125,207424,205965,1459
20261007T065938886078Z_19f81849_s0,nca,nca / recipe 8ff5df4565 / IDs32,eyes,9,0,37,2.0,7,6,144,0.2588687338039496,0.22217407786632093,0.0234375,199056,197714,1342
20261007T065938886078Z_19f81849_s0,nca,nca / recipe 8ff5df4565 / IDs32,eyes,9,0,37,4.0,7,12,288,0.2654551276323236,0.22674116691975918,0.0859375,197287,196156,1131
20261007T081316778353Z_d8fcc2e3_s0,nca,nca / recipe 8ff5df4565 / IDs32,liberties,16,0,9,0.5,0,1,15,0.3928479103834554,0.2071763005655385,0.0,7046,3240,3806
20261007T081316778353Z_d8fcc2e3_s0,nca,nca / recipe 8ff5df4565 / IDs32,liberties,16,0,9,1.0,0,1,30,0.4984920292977165,0.3500404034827884,0.0,5820,2627,3193
20261007T081316778353Z_d8fcc2e3_s0,nca,nca / recipe 8ff5df4565 / IDs32,liberties,16,0,9,2.0,0,2,60,0.6825506247307195,0.613205035529594,0.0078125,3684,1385,2299
20261007T081316778353Z_d8fcc2e3_s0,nca,nca / recipe 8ff5df4565 / IDs32,liberties,16,0,9,4.0,0,4,120,0.777165015079707,0.7357516436913847,0.046875,2586,1032,1554
20261007T081316778353Z_d8fcc2e3_s0,nca,nca / recipe 8ff5df4565 / IDs32,liberties,16,0,9,0.5,1,1,15,0.3966393795777682,0.2114028294350645,0.0,7002,3241,3761
20261007T081316778353Z_d8fcc2e3_s0,nca,nca / recipe 8ff5df4565 / IDs32,liberties,16,0,9,1.0,1,1,30,0.4997845756139595,0.3517129616445047,0.00390625,5805,2615,3190
20261007T081316778353Z_d8fcc2e3_s0,nca,nca / recipe 8ff5df4565 / IDs32,liberties,16,0,9,2.0,1,2,60,0.6841016803102111,0.6213382415950832,0.0078125,3666,1364,2302
20261007T081316778353Z_d8fcc2e3_s0,nca,nca / recipe 8ff5df4565 / IDs32,liberties,16,0,9,4.0,1,4,120,0.7827660491167601,0.7521871800092979,0.03515625,2521,967,1554
20261007T081316778353Z_d8fcc2e3_s0,nca,nca / recipe 8ff5df4565 / IDs32,liberties,16,0,9,0.5,2,1,15,0.3949159844894442,0.21031221061984084,0.0,7022,3231,3791
20261007T081316778353Z_d8fcc2e3_s0,nca,nca / recipe 8ff5df4565 / IDs32,liberties,16,0,9,1.0,2,1,30,0.4996122361051271,0.35414633454157607,0.0,5807,2601,3206
20261007T081316778353Z_d8fcc2e3_s0,nca,nca / recipe 8ff5df4565 / IDs32,liberties,16,0,9,2.0,2,2,60,0.6833261525204654,0.6178518760189408,0.0078125,3675,1358,2317
20261007T081316778353Z_d8fcc2e3_s0,nca,nca / recipe 8ff5df4565 / IDs32,liberties,16,0,9,4.0,2,4,120,0.7796639379577768,0.7423230913761305,0.03125,2557,1020,1537
20261007T081316778353Z_d8fcc2e3_s0,nca,nca / recipe 8ff5df4565 / IDs32,liberties,16,0,9,0.5,3,1,15,0.3971563981042654,0.21455431954193963,0.0,6996,3214,3782
20261007T081316778353Z_d8fcc2e3_s0,nca,nca / recipe 8ff5df4565 / IDs32,liberties,16,0,9,1.0,3,1,30,0.5039207238259371,0.3652956917432985,0.0,5757,2624,3133
20261007T081316778353Z_d8fcc2e3_s0,nca,nca / recipe 8ff5df4565 / IDs32,liberties,16,0,9,2.0,3,2,60,0.6840155105557949,0.6205090194605498,0.00390625,3667,1421,2246
20261007T081316778353Z_d8fcc2e3_s0,nca,nca / recipe 8ff5df4565 / IDs32,liberties,16,0,9,4.0,3,4,120,0.7759586385178803,0.7276446678068278,0.0390625,2600,1051,1549
20261007T081316778353Z_d8fcc2e3_s0,nca,nca / recipe 8ff5df4565 / IDs32,liberties,16,0,9,0.5,4,1,15,0.3955191727703576,0.21516443652657619,0.0,7015,3215,3800
20261007T081316778353Z_d8fcc2e3_s0,nca,nca / recipe 8ff5df4565 / IDs32,liberties,16,0,9,1.0,4,1,30,0.4974579922447221,0.3540458838384254,0.0,5832,2598,3234
20261007T081316778353Z_d8fcc2e3_s0,nca,nca / recipe 8ff5df4565 / IDs32,liberties,16,0,9,2.0,4,2,60,0.6855665661352865,0.6234471407828737,0.0078125,3649,1360,2289
20261007T081316778353Z_d8fcc2e3_s0,nca,nca / recipe 8ff5df4565 / IDs32,liberties,16,0,9,4.0,4,4,120,0.7781990521327015,0.7336700040500163,0.0390625,2574,1003,1571
20261007T081316778353Z_d8fcc2e3_s0,nca,nca / recipe 8ff5df4565 / IDs32,liberties,16,0,9,0.5,5,1,15,0.3953468332615252,0.21642949703872832,0.0,7017,3216,3801
20261007T081316778353Z_d8fcc2e3_s0,nca,nca / recipe 8ff5df4565 / IDs32,liberties,16,0,9,1.0,5,1,30,0.4980611805256355,0.3548636129166924,0.00390625,5825,2599,3226
20261007T081316778353Z_d8fcc2e3_s0,nca,nca / recipe 8ff5df4565 / IDs32,liberties,16,0,9,2.0,5,2,60,0.6809133993968117,0.6160111353657094,0.00390625,3703,1400,2303
20261007T081316778353Z_d8fcc2e3_s0,nca,nca / recipe 8ff5df4565 / IDs32,liberties,16,0,9,4.0,5,4,120,0.7772511848341233,0.7321357380152635,0.0390625,2585,1010,1575
20261007T081316778353Z_d8fcc2e3_s0,nca,nca / recipe 8ff5df4565 / IDs32,liberties,16,0,9,0.5,6,1,15,0.3949159844894442,0.2119979324927975,0.0,7022,3218,3804
20261007T081316778353Z_d8fcc2e3_s0,nca,nca / recipe 8ff5df4565 / IDs32,liberties,16,0,9,1.0,6,1,30,0.5007324429125377,0.3595157666277823,0.00390625,5794,2608,3186
20261007T081316778353Z_d8fcc2e3_s0,nca,nca / recipe 8ff5df4565 / IDs32,liberties,16,0,9,2.0,6,2,60,0.6840155105557949,0.6232690653492833,0.0078125,3667,1386,2281
20261007T081316778353Z_d8fcc2e3_s0,nca,nca / recipe 8ff5df4565 / IDs32,liberties,16,0,9,4.0,6,4,120,0.7794054286945282,0.7371523342726523,0.04296875,2560,1007,1553
20261007T081316778353Z_d8fcc2e3_s0,nca,nca / recipe 8ff5df4565 / IDs32,liberties,16,0,9,0.5,7,1,15,0.3940542869452822,0.20901575447486714,0.0,7032,3234,3798
20261007T081316778353Z_d8fcc2e3_s0,nca,nca / recipe 8ff5df4565 / IDs32,liberties,16,0,9,1.0,7,1,30,0.4998707453683757,0.35455814979142203,0.0,5804,2642,3162
20261007T081316778353Z_d8fcc2e3_s0,nca,nca / recipe 8ff5df4565 / IDs32,liberties,16,0,9,2.0,7,2,60,0.6823782852218871,0.6142465831187681,0.00390625,3686,1411,2275
20261007T081316778353Z_d8fcc2e3_s0,nca,nca / recipe 8ff5df4565 / IDs32,liberties,16,0,9,4.0,7,4,120,0.7779405428694528,0.7309536490997169,0.03515625,2577,1027,1550
20261007T081316778353Z_d8fcc2e3_s0,nca,nca / recipe 8ff5df4565 / IDs32,liberties,16,0,13,0.5,0,1,35,0.4122958542713568,0.25645342067567567,0.0,14970,6197,8773
20261007T081316778353Z_d8fcc2e3_s0,nca,nca / recipe 8ff5df4565 / IDs32,liberties,16,0,13,1.0,0,1,70,0.47189070351758794,0.2834057860421437,0.00390625,13452,6714,6738
20261007T081316778353Z_d8fcc2e3_s0,nca,nca / recipe 8ff5df4565 / IDs32,liberties,16,0,13,2.0,0,2,140,0.5431061557788944,0.3487616362378452,0.0,11638,6437,5201
20261007T081316778353Z_d8fcc2e3_s0,nca,nca / recipe 8ff5df4565 / IDs32,liberties,16,0,13,4.0,0,4,280,0.5866834170854272,0.40076895146568614,0.0078125,10528,6008,4520
20261007T081316778353Z_d8fcc2e3_s0,nca,nca / recipe 8ff5df4565 / IDs32,liberties,16,0,13,0.5,1,1,35,0.41296325376884424,0.26209810645335935,0.0,14953,6189,8764
20261007T081316778353Z_d8fcc2e3_s0,nca,nca / recipe 8ff5df4565 / IDs32,liberties,16,0,13,1.0,1,1,70,0.46953517587939697,0.27930153132178726,0.00390625,13512,6728,6784
20261007T081316778353Z_d8fcc2e3_s0,nca,nca / recipe 8ff5df4565 / IDs32,liberties,16,0,13,2.0,1,2,140,0.5410254396984925,0.3453666703839121,0.0,11691,6481,5210
20261007T081316778353Z_d8fcc2e3_s0,nca,nca / recipe 8ff5df4565 / IDs32,liberties,16,0,13,4.0,1,4,280,0.5924937185929648,0.40699947337299236,0.00390625,10380,5953,4427
20261007T081316778353Z_d8fcc2e3_s0,nca,nca / recipe 8ff5df4565 / IDs32,liberties,16,0,13,0.5,2,1,35,0.4125314070351759,0.2625105255806073,0.0,14964,6198,8766
20261007T081316778353Z_d8fcc2e3_s0,nca,nca / recipe 8ff5df4565 / IDs32,liberties,16,0,13,1.0,2,1,70,0.4705166457286432,0.2808035316479844,0.00390625,13487,6780,6707
20261007T081316778353Z_d8fcc2e3_s0,nca,nca / recipe 8ff5df4565 / IDs32,liberties,16,0,13,2.0,2,2,140,0.5420854271356784,0.3493761450547448,0.0,11664,6474,5190
20261007T081316778353Z_d8fcc2e3_s0,nca,nca / recipe 8ff5df4565 / IDs32,liberties,16,0,13,4.0,2,4,280,0.592454459798995,0.4093785589722964,0.0078125,10381,5970,4411
20261007T081316778353Z_d8fcc2e3_s0,nca,nca / recipe 8ff5df4565 / IDs32,liberties,16,0,13,0.5,3,1,35,0.4121780778894472,0.2595721602834143,0.0,14973,6185,8788
20261007T081316778353Z_d8fcc2e3_s0,nca,nca / recipe 8ff5df4565 / IDs32,liberties,16,0,13,1.0,3,1,70,0.46953517587939697,0.2801645965567152,0.00390625,13512,6753,6759
20261007T081316778353Z_d8fcc2e3_s0,nca,nca / recipe 8ff5df4565 / IDs32,liberties,16,0,13,2.0,3,2,140,0.5430668969849246,0.34965720938724815,0.0,11639,6496,5143
20261007T081316778353Z_d8fcc2e3_s0,nca,nca / recipe 8ff5df4565 / IDs32,liberties,16,0,13,4.0,3,4,280,0.5909626256281407,0.40270426727840003,0.0078125,10419,5983,4436
20261007T081316778353Z_d8fcc2e3_s0,nca,nca / recipe 8ff5df4565 / IDs32,liberties,16,0,13,0.5,4,1,35,0.41107883165829145,0.25937083797949084,0.0,15001,6215,8786
20261007T081316778353Z_d8fcc2e3_s0,nca,nca / recipe 8ff5df4565 / IDs32,liberties,16,0,13,1.0,4,1,70,0.4707914572864322,0.2822940642708329,0.00390625,13480,6747,6733
20261007T081316778353Z_d8fcc2e3_s0,nca,nca / recipe 8ff5df4565 / IDs32,liberties,16,0,13,2.0,4,2,140,0.5403187814070352,0.34168390733524434,0.0,11709,6585,5124
20261007T081316778353Z_d8fcc2e3_s0,nca,nca / recipe 8ff5df4565 / IDs32,liberties,16,0,13,4.0,4,4,280,0.5867619346733668,0.3996156312545627,0.0078125,10526,6166,4360
20261007T081316778353Z_d8fcc2e3_s0,nca,nca / recipe 8ff5df4565 / IDs32,liberties,16,0,13,0.5,5,1,35,0.4101758793969849,0.25368138737304313,0.0,15024,6194,8830
20261007T081316778353Z_d8fcc2e3_s0,nca,nca / recipe 8ff5df4565 / IDs32,liberties,16,0,13,1.0,5,1,70,0.47173366834170855,0.284884427317643,0.00390625,13456,6706,6750
20261007T081316778353Z_d8fcc2e3_s0,nca,nca / recipe 8ff5df4565 / IDs32,liberties,16,0,13,2.0,5,2,140,0.544009108040201,0.34851933620213155,0.00390625,11615,6443,5172
20261007T081316778353Z_d8fcc2e3_s0,nca,nca / recipe 8ff5df4565 / IDs32,liberties,16,0,13,4.0,5,4,280,0.5916300251256281,0.4047458897831271,0.01171875,10402,5995,4407
20261007T081316778353Z_d8fcc2e3_s0,nca,nca / recipe 8ff5df4565 / IDs32,liberties,16,0,13,0.5,6,1,35,0.4114321608040201,0.2618621700419696,0.0,14992,6200,8792
20261007T081316778353Z_d8fcc2e3_s0,nca,nca / recipe 8ff5df4565 / IDs32,liberties,16,0,13,1.0,6,1,70,0.46992776381909546,0.27959543013827304,0.0,13502,6747,6755
20261007T081316778353Z_d8fcc2e3_s0,nca,nca / recipe 8ff5df4565 / IDs32,liberties,16,0,13,2.0,6,2,140,0.5416928391959799,0.35064301249529484,0.0,11674,6489,5185
20261007T081316778353Z_d8fcc2e3_s0,nca,nca / recipe 8ff5df4565 / IDs32,liberties,16,0,13,4.0,6,4,280,0.5916300251256281,0.404076241900882,0.00390625,10402,6006,4396
20261007T081316778353Z_d8fcc2e3_s0,nca,nca / recipe 8ff5df4565 / IDs32,liberties,16,0,13,0.5,7,1,35,0.4142980527638191,0.25919581702565325,0.0,14919,6164,8755
20261007T081316778353Z_d8fcc2e3_s0,nca,nca / recipe 8ff5df4565 / IDs32,liberties,16,0,13,1.0,7,1,70,0.47000628140703515,0.28373156446612796,0.0,13500,6813,6687
20261007T081316778353Z_d8fcc2e3_s0,nca,nca / recipe 8ff5df4565 / IDs32,liberties,16,0,13,2.0,7,2,140,0.5400047110552764,0.34609823981971477,0.0,11717,6528,5189
20261007T081316778353Z_d8fcc2e3_s0,nca,nca / recipe 8ff5df4565 / IDs32,liberties,16,0,13,4.0,7,4,280,0.5911981783919598,0.4044261660540108,0.01171875,10413,5980,4433
20261007T081316778353Z_d8fcc2e3_s0,nca,nca / recipe 8ff5df4565 / IDs32,liberties,16,0,19,0.5,0,1,80,0.3940767545948005,0.23090052082399726,0.0,31814,16001,15813
20261007T081316778353Z_d8fcc2e3_s0,nca,nca / recipe 8ff5df4565 / IDs32,liberties,16,0,19,1.0,0,2,160,0.4484525283306352,0.277450238822496,0.0,28959,15425,13534
20261007T081316778353Z_d8fcc2e3_s0,nca,nca / recipe 8ff5df4565 / IDs32,liberties,16,0,19,2.0,0,4,320,0.5068850585658509,0.32094811148133295,0.0,25891,12986,12905
20261007T081316778353Z_d8fcc2e3_s0,nca,nca / recipe 8ff5df4565 / IDs32,liberties,16,0,19,4.0,0,8,640,0.55390915150938,0.3756883795220565,0.00390625,23422,12501,10921
20261007T081316778353Z_d8fcc2e3_s0,nca,nca / recipe 8ff5df4565 / IDs32,liberties,16,0,19,0.5,1,1,80,0.39485763260641843,0.23105564878381044,0.0,31773,15976,15797
20261007T081316778353Z_d8fcc2e3_s0,nca,nca / recipe 8ff5df4565 / IDs32,liberties,16,0,19,1.0,1,2,160,0.4470431387486906,0.27509588278927677,0.0,29033,15586,13447
20261007T081316778353Z_d8fcc2e3_s0,nca,nca / recipe 8ff5df4565 / IDs32,liberties,16,0,19,2.0,1,4,320,0.509056280354252,0.3199745031249761,0.0,25777,13020,12757
20261007T081316778353Z_d8fcc2e3_s0,nca,nca / recipe 8ff5df4565 / IDs32,liberties,16,0,19,4.0,1,8,640,0.5561375107132654,0.3763969567329781,0.00390625,23305,12411,10894
20261007T081316778353Z_d8fcc2e3_s0,nca,nca / recipe 8ff5df4565 / IDs32,liberties,16,0,19,0.5,2,1,80,0.39388629654318635,0.23102271804027474,0.0,31824,16002,15822
20261007T081316778353Z_d8fcc2e3_s0,nca,nca / recipe 8ff5df4565 / IDs32,liberties,16,0,19,1.0,2,2,160,0.4498238263022569,0.27769462438580655,0.0,28887,15229,13658
20261007T081316778353Z_d8fcc2e3_s0,nca,nca / recipe 8ff5df4565 / IDs32,liberties,16,0,19,2.0,2,4,320,0.5079706694600514,0.32071834695505785,0.0,25834,12877,12957
20261007T081316778353Z_d8fcc2e3_s0,nca,nca / recipe 8ff5df4565 / IDs32,liberties,16,0,19,4.0,2,8,640,0.556442243595848,0.37911827550986077,0.00390625,23289,12376,10913
20261007T081316778353Z_d8fcc2e3_s0,nca,nca / recipe 8ff5df4565 / IDs32,liberties,16,0,19,0.5,3,1,80,0.39373393010189506,0.23099254571336422,0.0,31832,16078,15754
20261007T081316778353Z_d8fcc2e3_s0,nca,nca / recipe 8ff5df4565 / IDs32,liberties,16,0,19,1.0,3,2,160,0.44769069612417867,0.27451542935996304,0.0,28999,15475,13524
20261007T081316778353Z_d8fcc2e3_s0,nca,nca / recipe 8ff5df4565 / IDs32,liberties,16,0,19,2.0,3,4,320,0.5109608608703933,0.3196155779405801,0.0,25677,12878,12799
20261007T081316778353Z_d8fcc2e3_s0,nca,nca / recipe 8ff5df4565 / IDs32,liberties,16,0,19,4.0,3,8,640,0.5568422055042377,0.3757633318037463,0.0,23268,12346,10922
20261007T081316778353Z_d8fcc2e3_s0,nca,nca / recipe 8ff5df4565 / IDs32,liberties,16,0,19,0.5,4,1,80,0.39428625845157605,0.2306035458399998,0.0,31803,16008,15795
20261007T081316778353Z_d8fcc2e3_s0,nca,nca / recipe 8ff5df4565 / IDs32,liberties,16,0,19,1.0,4,2,160,0.44462432149319114,0.2742225071973115,0.0,29160,15518,13642
20261007T081316778353Z_d8fcc2e3_s0,nca,nca / recipe 8ff5df4565 / IDs32,liberties,16,0,19,2.0,4,4,320,0.5041996000380916,0.31786289976070703,0.0,26032,13148,12884
20261007T081316778353Z_d8fcc2e3_s0,nca,nca / recipe 8ff5df4565 / IDs32,liberties,16,0,19,4.0,4,8,640,0.5534139605751833,0.3750102428156912,0.0,23448,12452,10996
20261007T081316778353Z_d8fcc2e3_s0,nca,nca / recipe 8ff5df4565 / IDs32,liberties,16,0,19,0.5,5,1,80,0.39432435006189887,0.2307302693710772,0.0,31801,15973,15828
20261007T081316778353Z_d8fcc2e3_s0,nca,nca / recipe 8ff5df4565 / IDs32,liberties,16,0,19,1.0,5,2,160,0.4473288258261118,0.2762084608707204,0.0,29018,15568,13450
20261007T081316778353Z_d8fcc2e3_s0,nca,nca / recipe 8ff5df4565 / IDs32,liberties,16,0,19,2.0,5,4,320,0.5065041424626227,0.31854919135659265,0.0,25911,13031,12880
20261007T081316778353Z_d8fcc2e3_s0,nca,nca / recipe 8ff5df4565 / IDs32,liberties,16,0,19,4.0,5,8,640,0.5554137701171317,0.3778467742567233,0.0,23343,12585,10758
20261007T081316778353Z_d8fcc2e3_s0,nca,nca / recipe 8ff5df4565 / IDs32,liberties,16,0,19,0.5,6,1,80,0.3924197695457575,0.22968169419898254,0.0,31901,16078,15823
20261007T081316778353Z_d8fcc2e3_s0,nca,nca / recipe 8ff5df4565 / IDs32,liberties,16,0,19,1.0,6,2,160,0.44685268069707645,0.27517747445574836,0.0,29043,15467,13576
20261007T081316778353Z_d8fcc2e3_s0,nca,nca / recipe 8ff5df4565 / IDs32,liberties,16,0,19,2.0,6,4,320,0.5070374250071422,0.31922338653530247,0.0,25883,12945,12938
20261007T081316778353Z_d8fcc2e3_s0,nca,nca / recipe 8ff5df4565 / IDs32,liberties,16,0,19,4.0,6,8,640,0.5548614417674507,0.37557375347395255,0.0,23372,12416,10956
20261007T081316778353Z_d8fcc2e3_s0,nca,nca / recipe 8ff5df4565 / IDs32,liberties,16,0,19,0.5,7,1,80,0.39358156366060376,0.23043659853502088,0.0,31840,16014,15826
20261007T081316778353Z_d8fcc2e3_s0,nca,nca / recipe 8ff5df4565 / IDs32,liberties,16,0,19,1.0,7,2,160,0.4483572993048281,0.2766436612778012,0.0,28964,15340,13624
20261007T081316778353Z_d8fcc2e3_s0,nca,nca / recipe 8ff5df4565 / IDs32,liberties,16,0,19,2.0,7,4,320,0.5054947147890677,0.31922511240493023,0.0,25964,13199,12765
20261007T081316778353Z_d8fcc2e3_s0,nca,nca / recipe 8ff5df4565 / IDs32,liberties,16,0,19,4.0,7,8,640,0.556442243595848,0.37768541015279694,0.0,23289,12256,11033
20261007T081316778353Z_d8fcc2e3_s0,nca,nca / recipe 8ff5df4565 / IDs32,liberties,16,0,25,0.5,0,1,143,0.3875442897055203,0.23312267745094745,0.0,57215,26380,30835
20261007T081316778353Z_d8fcc2e3_s0,nca,nca / recipe 8ff5df4565 / IDs32,liberties,16,0,25,1.0,0,2,286,0.4358749290829489,0.27695146558238243,0.0,52700,27649,25051
20261007T081316778353Z_d8fcc2e3_s0,nca,nca / recipe 8ff5df4565 / IDs32,liberties,16,0,25,2.0,0,4,572,0.48119761504618974,0.3192663994254995,0.0,48466,22740,25726
20261007T081316778353Z_d8fcc2e3_s0,nca,nca / recipe 8ff5df4565 / IDs32,liberties,16,0,25,4.0,0,8,1144,0.5182778663869234,0.36347380330777174,0.0,45002,22529,22473
20261007T081316778353Z_d8fcc2e3_s0,nca,nca / recipe 8ff5df4565 / IDs32,liberties,16,0,25,0.5,1,1,143,0.3860349607681521,0.2322682174905754,0.0,57356,26355,31001
20261007T081316778353Z_d8fcc2e3_s0,nca,nca / recipe 8ff5df4565 / IDs32,liberties,16,0,25,1.0,1,2,286,0.43442982690887294,0.2732972063168963,0.0,52835,27607,25228
20261007T081316778353Z_d8fcc2e3_s0,nca,nca / recipe 8ff5df4565 / IDs32,liberties,16,0,25,2.0,1,4,572,0.4823965146276453,0.3183940652694836,0.0,48354,22661,25693
20261007T081316778353Z_d8fcc2e3_s0,nca,nca / recipe 8ff5df4565 / IDs32,liberties,16,0,25,4.0,1,8,1144,0.5183742065318618,0.3643853014431908,0.0,44993,21870,23123
20261007T081316778353Z_d8fcc2e3_s0,nca,nca / recipe 8ff5df4565 / IDs32,liberties,16,0,25,0.5,2,1,143,0.3878761279825303,0.23201838289766885,0.0,57184,26221,30963
20261007T081316778353Z_d8fcc2e3_s0,nca,nca / recipe 8ff5df4565 / IDs32,liberties,16,0,25,1.0,2,2,286,0.43664565024245605,0.2752055405590225,0.0,52628,27122,25506
20261007T081316778353Z_d8fcc2e3_s0,nca,nca / recipe 8ff5df4565 / IDs32,liberties,16,0,25,2.0,2,4,572,0.48293173765508085,0.31898984387012164,0.0,48304,22469,25835
20261007T081316778353Z_d8fcc2e3_s0,nca,nca / recipe 8ff5df4565 / IDs32,liberties,16,0,25,4.0,2,8,1144,0.5187274537299693,0.36356131169972616,0.0,44960,22099,22861
20261007T081316778353Z_d8fcc2e3_s0,nca,nca / recipe 8ff5df4565 / IDs32,liberties,16,0,25,0.5,3,1,143,0.38585298493882403,0.23064156302521044,0.0,57373,26379,30994
20261007T081316778353Z_d8fcc2e3_s0,nca,nca / recipe 8ff5df4565 / IDs32,liberties,16,0,25,1.0,3,2,286,0.43717016880934284,0.27469548229954255,0.0,52579,27446,25133
20261007T081316778353Z_d8fcc2e3_s0,nca,nca / recipe 8ff5df4565 / IDs32,liberties,16,0,25,2.0,3,4,572,0.4839379569466597,0.32028625535271094,0.0,48210,22418,25792
20261007T081316778353Z_d8fcc2e3_s0,nca,nca / recipe 8ff5df4565 / IDs32,liberties,16,0,25,4.0,3,8,1144,0.5156873869341354,0.36377104932978727,0.0,45244,22745,22499
20261007T081316778353Z_d8fcc2e3_s0,nca,nca / recipe 8ff5df4565 / IDs32,liberties,16,0,25,0.5,4,1,143,0.3862704589002237,0.23224940643219008,0.0,57334,26327,31007
20261007T081316778353Z_d8fcc2e3_s0,nca,nca / recipe 8ff5df4565 / IDs32,liberties,16,0,25,1.0,4,2,286,0.437534120467999,0.27619673565949243,0.0,52545,27496,25049
20261007T081316778353Z_d8fcc2e3_s0,nca,nca / recipe 8ff5df4565 / IDs32,liberties,16,0,25,2.0,4,4,572,0.4844303621319004,0.3196502167169115,0.0,48164,22450,25714
20261007T081316778353Z_d8fcc2e3_s0,nca,nca / recipe 8ff5df4565 / IDs32,liberties,16,0,25,4.0,4,8,1144,0.5180744816364979,0.36293396294597075,0.0,45021,22222,22799
20261007T081316778353Z_d8fcc2e3_s0,nca,nca / recipe 8ff5df4565 / IDs32,liberties,16,0,25,0.5,5,1,143,0.38699836221753603,0.2312038195833802,0.0,57266,26337,30929
20261007T081316778353Z_d8fcc2e3_s0,nca,nca / recipe 8ff5df4565 / IDs32,liberties,16,0,25,1.0,5,2,286,0.43689185283507637,0.27557975144330965,0.0,52605,27815,24790
20261007T081316778353Z_d8fcc2e3_s0,nca,nca / recipe 8ff5df4565 / IDs32,liberties,16,0,25,2.0,5,4,572,0.4838844346439161,0.32090517547089714,0.0,48215,22187,26028
20261007T081316778353Z_d8fcc2e3_s0,nca,nca / recipe 8ff5df4565 / IDs32,liberties,16,0,25,4.0,5,8,1144,0.5175499630696111,0.3644757050902981,0.0,45070,22226,22844
20261007T081316778353Z_d8fcc2e3_s0,nca,nca / recipe 8ff5df4565 / IDs32,liberties,16,0,25,0.5,6,1,143,0.38700906667808477,0.23124376533507138,0.0,57265,26170,31095
20261007T081316778353Z_d8fcc2e3_s0,nca,nca / recipe 8ff5df4565 / IDs32,liberties,16,0,25,1.0,6,2,286,0.43865808882561363,0.27627794773225234,0.0,52440,27639,24801
20261007T081316778353Z_d8fcc2e3_s0,nca,nca / recipe 8ff5df4565 / IDs32,liberties,16,0,25,2.0,6,4,572,0.4848906539354949,0.3217386371379951,0.0,48121,22308,25813
20261007T081316778353Z_d8fcc2e3_s0,nca,nca / recipe 8ff5df4565 / IDs32,liberties,16,0,25,4.0,6,8,1144,0.5133645189950652,0.3617225137183564,0.0,45461,22585,22876
20261007T081316778353Z_d8fcc2e3_s0,nca,nca / recipe 8ff5df4565 / IDs32,liberties,16,0,25,0.5,7,1,143,0.3875656986266177,0.23241660561000502,0.0,57213,26327,30886
20261007T081316778353Z_d8fcc2e3_s0,nca,nca / recipe 8ff5df4565 / IDs32,liberties,16,0,25,1.0,7,2,286,0.43556449972703626,0.27428140636378123,0.0,52729,27857,24872
20261007T081316778353Z_d8fcc2e3_s0,nca,nca / recipe 8ff5df4565 / IDs32,liberties,16,0,25,2.0,7,4,572,0.48449458889519265,0.32120013365435496,0.0,48158,22590,25568
20261007T081316778353Z_d8fcc2e3_s0,nca,nca / recipe 8ff5df4565 / IDs32,liberties,16,0,25,4.0,7,8,1144,0.518588295742836,0.36303641768372835,0.0,44973,22153,22820
20261007T081316778353Z_d8fcc2e3_s0,nca,nca / recipe 8ff5df4565 / IDs32,liberties,16,0,37,0.5,0,2,323,0.36004788682683,0.2146249066313236,0.0,134173,66965,67208
20261007T081316778353Z_d8fcc2e3_s0,nca,nca / recipe 8ff5df4565 / IDs32,liberties,16,0,37,1.0,0,3,646,0.4059219406565837,0.2446894773311216,0.0,124555,60995,63560
20261007T081316778353Z_d8fcc2e3_s0,nca,nca / recipe 8ff5df4565 / IDs32,liberties,16,0,37,2.0,0,6,1292,0.4599567873853506,0.30085243942510287,0.0,113226,51355,61871
20261007T081316778353Z_d8fcc2e3_s0,nca,nca / recipe 8ff5df4565 / IDs32,liberties,16,0,37,4.0,0,12,2584,0.4862468460991792,0.34270117614566087,0.0,107714,50817,56897
20261007T081316778353Z_d8fcc2e3_s0,nca,nca / recipe 8ff5df4565 / IDs32,liberties,16,0,37,0.5,1,2,323,0.3578634080730322,0.2142026071908136,0.0,134631,67215,67416
20261007T081316778353Z_d8fcc2e3_s0,nca,nca / recipe 8ff5df4565 / IDs32,liberties,16,0,37,1.0,1,3,646,0.4060602591802958,0.24556438538365,0.0,124526,59443,65083
20261007T081316778353Z_d8fcc2e3_s0,nca,nca / recipe 8ff5df4565 / IDs32,liberties,16,0,37,2.0,1,6,1292,0.45781523506994626,0.29938016730672135,0.0,113675,51637,62038
20261007T081316778353Z_d8fcc2e3_s0,nca,nca / recipe 8ff5df4565 / IDs32,liberties,16,0,37,4.0,1,12,2584,0.48617053243092423,0.3416026601038838,0.0,107730,51022,56708
20261007T081316778353Z_d8fcc2e3_s0,nca,nca / recipe 8ff5df4565 / IDs32,liberties,16,0,37,0.5,2,2,323,0.3616027778175245,0.21601449140552106,0.0,133847,66038,67809
20261007T081316778353Z_d8fcc2e3_s0,nca,nca / recipe 8ff5df4565 / IDs32,liberties,16,0,37,1.0,2,3,646,0.40555945073237276,0.24572717712302777,0.0,124631,60385,64246
20261007T081316778353Z_d8fcc2e3_s0,nca,nca / recipe 8ff5df4565 / IDs32,liberties,16,0,37,2.0,2,6,1292,0.4591411850558759,0.3002553903277065,0.0,113397,51862,61535
20261007T081316778353Z_d8fcc2e3_s0,nca,nca / recipe 8ff5df4565 / IDs32,liberties,16,0,37,4.0,2,12,2584,0.487052909220122,0.3420449054790693,0.0,107545,49990,57555
20261007T081316778353Z_d8fcc2e3_s0,nca,nca / recipe 8ff5df4565 / IDs32,liberties,16,0,37,0.5,3,2,323,0.35790156490715963,0.2127364639934361,0.0,134623,67705,66918
20261007T081316778353Z_d8fcc2e3_s0,nca,nca / recipe 8ff5df4565 / IDs32,liberties,16,0,37,1.0,3,3,646,0.4042525791635068,0.24458934527598708,0.0,124905,60450,64455
20261007T081316778353Z_d8fcc2e3_s0,nca,nca / recipe 8ff5df4565 / IDs32,liberties,16,0,37,2.0,3,6,1292,0.45939874368623634,0.30018085302627906,0.0,113343,51180,62163
20261007T081316778353Z_d8fcc2e3_s0,nca,nca / recipe 8ff5df4565 / IDs32,liberties,16,0,37,4.0,3,12,2584,0.48656640958499675,0.3410255221414895,0.0,107647,51252,56395
20261007T081316778353Z_d8fcc2e3_s0,nca,nca / recipe 8ff5df4565 / IDs32,liberties,16,0,37,0.5,4,2,323,0.36044853358516843,0.21422827598157937,0.0,134089,66677,67412
20261007T081316778353Z_d8fcc2e3_s0,nca,nca / recipe 8ff5df4565 / IDs32,liberties,16,0,37,1.0,4,3,646,0.40616519047414634,0.24614631161629502,0.0,124504,60025,64479
20261007T081316778353Z_d8fcc2e3_s0,nca,nca / recipe 8ff5df4565 / IDs32,liberties,16,0,37,2.0,4,6,1292,0.45908871940895063,0.3010336414023103,0.0,113408,51345,62063
20261007T081316778353Z_d8fcc2e3_s0,nca,nca / recipe 8ff5df4565 / IDs32,liberties,16,0,37,4.0,4,12,2584,0.4860989883669352,0.34200284332362,0.0,107745,50625,57120
20261007T081316778353Z_d8fcc2e3_s0,nca,nca / recipe 8ff5df4565 / IDs32,liberties,16,0,37,0.5,5,2,323,0.35802557461807394,0.21332016474879956,0.0,134597,67746,66851
20261007T081316778353Z_d8fcc2e3_s0,nca,nca / recipe 8ff5df4565 / IDs32,liberties,16,0,37,1.0,5,3,646,0.4054735978555859,0.24534780307079013,0.0,124649,59970,64679
20261007T081316778353Z_d8fcc2e3_s0,nca,nca / recipe 8ff5df4565 / IDs32,liberties,16,0,37,2.0,5,6,1292,0.4580298672619133,0.299796543962858,0.0,113630,50908,62722
20261007T081316778353Z_d8fcc2e3_s0,nca,nca / recipe 8ff5df4565 / IDs32,liberties,16,0,37,4.0,5,12,2584,0.48709106605424946,0.3423384529245399,0.0,107537,50344,57193
20261007T081316778353Z_d8fcc2e3_s0,nca,nca / recipe 8ff5df4565 / IDs32,liberties,16,0,37,0.5,6,2,323,0.3610399645141443,0.21514612980286935,0.0,133965,67040,66925
20261007T081316778353Z_d8fcc2e3_s0,nca,nca / recipe 8ff5df4565 / IDs32,liberties,16,0,37,1.0,6,3,646,0.4054259018129266,0.24502612572313925,0.0,124659,60206,64453
20261007T081316778353Z_d8fcc2e3_s0,nca,nca / recipe 8ff5df4565 / IDs32,liberties,16,0,37,2.0,6,6,1292,0.457977401614988,0.30096801935756273,0.0,113641,51400,62241
20261007T081316778353Z_d8fcc2e3_s0,nca,nca / recipe 8ff5df4565 / IDs32,liberties,16,0,37,4.0,6,12,2584,0.485970209051755,0.34058631109490267,0.0,107772,50457,57315
20261007T081316778353Z_d8fcc2e3_s0,nca,nca / recipe 8ff5df4565 / IDs32,liberties,16,0,37,0.5,7,2,323,0.35770124152799043,0.21374809953984258,0.0,134665,67304,67361
20261007T081316778353Z_d8fcc2e3_s0,nca,nca / recipe 8ff5df4565 / IDs32,liberties,16,0,37,1.0,7,3,646,0.4027453842154716,0.243246230334068,0.0,125221,60071,65150
20261007T081316778353Z_d8fcc2e3_s0,nca,nca / recipe 8ff5df4565 / IDs32,liberties,16,0,37,2.0,7,6,1292,0.46006648828346713,0.30163381675669565,0.0,113203,51311,61892
20261007T081316778353Z_d8fcc2e3_s0,nca,nca / recipe 8ff5df4565 / IDs32,liberties,16,0,37,4.0,7,12,2584,0.48721030616089783,0.34081810993756456,0.0,107512,50887,56625
20261007T081316955355Z_a53412d8_s1,nca,nca / recipe 8ff5df4565 / IDs32,liberties,16,1,9,0.5,0,1,15,0.3903489875053856,0.18927165322235795,0.0,7075,2954,4121
20261007T081316955355Z_a53412d8_s1,nca,nca / recipe 8ff5df4565 / IDs32,liberties,16,1,9,1.0,0,1,30,0.5109866436880655,0.3698857386240415,0.00390625,5675,2348,3327
20261007T081316955355Z_a53412d8_s1,nca,nca / recipe 8ff5df4565 / IDs32,liberties,16,1,9,2.0,0,2,60,0.6803963808703145,0.6167727634490066,0.01171875,3709,1492,2217
20261007T081316955355Z_a53412d8_s1,nca,nca / recipe 8ff5df4565 / IDs32,liberties,16,1,9,4.0,0,4,120,0.7987936234381732,0.7980495712688975,0.0546875,2335,956,1379
20261007T081316955355Z_a53412d8_s1,nca,nca / recipe 8ff5df4565 / IDs32,liberties,16,1,9,0.5,1,1,15,0.3928479103834554,0.19303831237352717,0.0,7046,2951,4095
20261007T081316955355Z_a53412d8_s1,nca,nca / recipe 8ff5df4565 / IDs32,liberties,16,1,9,1.0,1,1,30,0.5152089616544593,0.3785663211629879,0.00390625,5626,2318,3308
20261007T081316955355Z_a53412d8_s1,nca,nca / recipe 8ff5df4565 / IDs32,liberties,16,1,9,2.0,1,2,60,0.6810857389056442,0.6203439632188847,0.00390625,3701,1483,2218
20261007T081316955355Z_a53412d8_s1,nca,nca / recipe 8ff5df4565 / IDs32,liberties,16,1,9,4.0,1,4,120,0.797414907367514,0.7905759132323656,0.0546875,2351,958,1393
20261007T081316955355Z_a53412d8_s1,nca,nca / recipe 8ff5df4565 / IDs32,liberties,16,1,9,0.5,2,1,15,0.39250323136579063,0.19422296311516823,0.0,7050,2928,4122
20261007T081316955355Z_a53412d8_s1,nca,nca / recipe 8ff5df4565 / IDs32,liberties,16,1,9,1.0,2,1,30,0.5104696251615682,0.3672033360715463,0.0,5681,2361,3320
20261007T081316955355Z_a53412d8_s1,nca,nca / recipe 8ff5df4565 / IDs32,liberties,16,1,9,2.0,2,2,60,0.6790176647996553,0.6125746099290976,0.0078125,3725,1477,2248
20261007T081316955355Z_a53412d8_s1,nca,nca / recipe 8ff5df4565 / IDs32,liberties,16,1,9,4.0,2,4,120,0.7947436449806118,0.7879180519533238,0.05859375,2382,986,1396
20261007T081316955355Z_a53412d8_s1,nca,nca / recipe 8ff5df4565 / IDs32,liberties,16,1,9,0.5,3,1,15,0.3956053425247738,0.19668318848842403,0.0,7014,2943,4071
20261007T081316955355Z_a53412d8_s1,nca,nca / recipe 8ff5df4565 / IDs32,liberties,16,1,9,1.0,3,1,30,0.5126238690219733,0.3733555747582178,0.0,5656,2369,3287
20261007T081316955355Z_a53412d8_s1,nca,nca / recipe 8ff5df4565 / IDs32,liberties,16,1,9,2.0,3,2,60,0.6828091339939681,0.6182828152765929,0.01171875,3681,1465,2216
20261007T081316955355Z_a53412d8_s1,nca,nca / recipe 8ff5df4565 / IDs32,liberties,16,1,9,4.0,3,4,120,0.7950883239982766,0.7919244223221643,0.06640625,2378,1009,1369
20261007T081316955355Z_a53412d8_s1,nca,nca / recipe 8ff5df4565 / IDs32,liberties,16,1,9,0.5,4,1,15,0.39457130547177943,0.19450722031397683,0.0,7026,2969,4057
20261007T081316955355Z_a53412d8_s1,nca,nca / recipe 8ff5df4565 / IDs32,liberties,16,1,9,1.0,4,1,30,0.5151227919000431,0.3762476981301994,0.00390625,5627,2342,3285
20261007T081316955355Z_a53412d8_s1,nca,nca / recipe 8ff5df4565 / IDs32,liberties,16,1,9,2.0,4,2,60,0.6803963808703145,0.6159613219195275,0.0078125,3709,1494,2215
20261007T081316955355Z_a53412d8_s1,nca,nca / recipe 8ff5df4565 / IDs32,liberties,16,1,9,4.0,4,4,120,0.7946574752261956,0.786957087594917,0.05078125,2383,1002,1381
20261007T081316955355Z_a53412d8_s1,nca,nca / recipe 8ff5df4565 / IDs32,liberties,16,1,9,0.5,5,1,15,0.3917277035760448,0.1911793194163563,0.0,7059,2928,4131
20261007T081316955355Z_a53412d8_s1,nca,nca / recipe 8ff5df4565 / IDs32,liberties,16,1,9,1.0,5,1,30,0.5123653597587247,0.3675641680443446,0.00390625,5659,2311,3348
20261007T081316955355Z_a53412d8_s1,nca,nca / recipe 8ff5df4565 / IDs32,liberties,16,1,9,2.0,5,2,60,0.6783283067643258,0.6104802489726433,0.01171875,3733,1506,2227
20261007T081316955355Z_a53412d8_s1,nca,nca / recipe 8ff5df4565 / IDs32,liberties,16,1,9,4.0,5,4,120,0.795260663507109,0.7872080066528709,0.04296875,2376,975,1401
20261007T081316955355Z_a53412d8_s1,nca,nca / recipe 8ff5df4565 / IDs32,liberties,16,1,9,0.5,6,1,15,0.3928479103834554,0.1912085811101848,0.0,7046,2961,4085
20261007T081316955355Z_a53412d8_s1,nca,nca / recipe 8ff5df4565 / IDs32,liberties,16,1,9,1.0,6,1,30,0.5094355881085739,0.3671153504155127,0.00390625,5693,2376,3317
20261007T081316955355Z_a53412d8_s1,nca,nca / recipe 8ff5df4565 / IDs32,liberties,16,1,9,2.0,6,2,60,0.6837570012925464,0.6203311110782197,0.0078125,3670,1465,2205
20261007T081316955355Z_a53412d8_s1,nca,nca / recipe 8ff5df4565 / IDs32,liberties,16,1,9,4.0,6,4,120,0.8022404136148212,0.8015783541116854,0.06640625,2295,956,1339
20261007T081316955355Z_a53412d8_s1,nca,nca / recipe 8ff5df4565 / IDs32,liberties,16,1,9,0.5,7,1,15,0.390521327014218,0.18896724985863417,0.0,7073,2959,4114
20261007T081316955355Z_a53412d8_s1,nca,nca / recipe 8ff5df4565 / IDs32,liberties,16,1,9,1.0,7,1,30,0.5127100387763894,0.3675136901088527,0.00390625,5655,2335,3320
20261007T081316955355Z_a53412d8_s1,nca,nca / recipe 8ff5df4565 / IDs32,liberties,16,1,9,2.0,7,2,60,0.6819474364498062,0.6133339002555571,0.00390625,3691,1495,2196
20261007T081316955355Z_a53412d8_s1,nca,nca / recipe 8ff5df4565 / IDs32,liberties,16,1,9,4.0,7,4,120,0.7964670400689358,0.7868795016878025,0.05078125,2362,990,1372
20261007T081316955355Z_a53412d8_s1,nca,nca / recipe 8ff5df4565 / IDs32,liberties,16,1,13,0.5,0,1,35,0.4064070351758794,0.2360564652779401,0.0,15120,6141,8979
20261007T081316955355Z_a53412d8_s1,nca,nca / recipe 8ff5df4565 / IDs32,liberties,16,1,13,1.0,0,1,70,0.46992776381909546,0.2728498062895628,0.0,13502,6376,7126
20261007T081316955355Z_a53412d8_s1,nca,nca / recipe 8ff5df4565 / IDs32,liberties,16,1,13,2.0,0,2,140,0.5381595477386935,0.33270597107184907,0.0078125,11764,6255,5509
20261007T081316955355Z_a53412d8_s1,nca,nca / recipe 8ff5df4565 / IDs32,liberties,16,1,13,4.0,0,4,280,0.6005810301507538,0.41313136801091854,0.0234375,10174,5424,4750
20261007T081316955355Z_a53412d8_s1,nca,nca / recipe 8ff5df4565 / IDs32,liberties,16,1,13,0.5,1,1,35,0.40644629396984927,0.23409956533091575,0.0,15119,6114,9005
20261007T081316955355Z_a53412d8_s1,nca,nca / recipe 8ff5df4565 / IDs32,liberties,16,1,13,1.0,1,1,70,0.46941739949748745,0.2763281635526267,0.0,13515,6411,7104
20261007T081316955355Z_a53412d8_s1,nca,nca / recipe 8ff5df4565 / IDs32,liberties,16,1,13,2.0,1,2,140,0.5350188442211056,0.32854716957496316,0.00390625,11844,6385,5459
20261007T081316955355Z_a53412d8_s1,nca,nca / recipe 8ff5df4565 / IDs32,liberties,16,1,13,4.0,1,4,280,0.5946136934673367,0.4034895716821534,0.02734375,10326,5246,5080
20261007T081316955355Z_a53412d8_s1,nca,nca / recipe 8ff5df4565 / IDs32,liberties,16,1,13,0.5,2,1,35,0.4059359296482412,0.23405127131406325,0.0,15132,6113,9019
20261007T081316955355Z_a53412d8_s1,nca,nca / recipe 8ff5df4565 / IDs32,liberties,16,1,13,1.0,2,1,70,0.46796482412060303,0.27393611881250435,0.0,13552,6475,7077
20261007T081316955355Z_a53412d8_s1,nca,nca / recipe 8ff5df4565 / IDs32,liberties,16,1,13,2.0,2,2,140,0.5332521984924623,0.33570869450099905,0.00390625,11889,6385,5504
20261007T081316955355Z_a53412d8_s1,nca,nca / recipe 8ff5df4565 / IDs32,liberties,16,1,13,4.0,2,4,280,0.5953203517587939,0.41194430158364564,0.0234375,10308,5412,4896
20261007T081316955355Z_a53412d8_s1,nca,nca / recipe 8ff5df4565 / IDs32,liberties,16,1,13,0.5,3,1,35,0.4080559045226131,0.2370993612953003,0.0,15078,6108,8970
20261007T081316955355Z_a53412d8_s1,nca,nca / recipe 8ff5df4565 / IDs32,liberties,16,1,13,1.0,3,1,70,0.4668263190954774,0.26938690380708835,0.0,13581,6458,7123
20261007T081316955355Z_a53412d8_s1,nca,nca / recipe 8ff5df4565 / IDs32,liberties,16,1,13,2.0,3,2,140,0.5320744346733668,0.3257729297500765,0.0078125,11919,6264,5655
20261007T081316955355Z_a53412d8_s1,nca,nca / recipe 8ff5df4565 / IDs32,liberties,16,1,13,4.0,3,4,280,0.5933574120603015,0.40287836928612947,0.03515625,10358,5500,4858
20261007T081316955355Z_a53412d8_s1,nca,nca / recipe 8ff5df4565 / IDs32,liberties,16,1,13,0.5,4,1,35,0.4048759422110553,0.23368080259440144,0.0,15159,6169,8990
20261007T081316955355Z_a53412d8_s1,nca,nca / recipe 8ff5df4565 / IDs32,liberties,16,1,13,1.0,4,1,70,0.4669833542713568,0.2715780334282524,0.0,13577,6292,7285
20261007T081316955355Z_a53412d8_s1,nca,nca / recipe 8ff5df4565 / IDs32,liberties,16,1,13,2.0,4,2,140,0.5369817839195979,0.3293897167380858,0.0078125,11794,6460,5334
20261007T081316955355Z_a53412d8_s1,nca,nca / recipe 8ff5df4565 / IDs32,liberties,16,1,13,4.0,4,4,280,0.5983040201005025,0.4059021454336561,0.02734375,10232,5233,4999
20261007T081316955355Z_a53412d8_s1,nca,nca / recipe 8ff5df4565 / IDs32,liberties,16,1,13,0.5,5,1,35,0.40538630653266333,0.23351711561582345,0.0,15146,6151,8995
20261007T081316955355Z_a53412d8_s1,nca,nca / recipe 8ff5df4565 / IDs32,liberties,16,1,13,1.0,5,1,70,0.4687892587939699,0.274318971912333,0.0,13531,6388,7143
20261007T081316955355Z_a53412d8_s1,nca,nca / recipe 8ff5df4565 / IDs32,liberties,16,1,13,2.0,5,2,140,0.5377277010050251,0.34233610072093706,0.0078125,11775,6356,5419
20261007T081316955355Z_a53412d8_s1,nca,nca / recipe 8ff5df4565 / IDs32,liberties,16,1,13,4.0,5,4,280,0.6049780150753769,0.4191390145948506,0.03125,10062,5367,4695
20261007T081316955355Z_a53412d8_s1,nca,nca / recipe 8ff5df4565 / IDs32,liberties,16,1,13,0.5,6,1,35,0.40589667085427134,0.23668842928658704,0.0,15133,6129,9004
20261007T081316955355Z_a53412d8_s1,nca,nca / recipe 8ff5df4565 / IDs32,liberties,16,1,13,1.0,6,1,70,0.4651774497487437,0.2697719936816499,0.0,13623,6519,7104
20261007T081316955355Z_a53412d8_s1,nca,nca / recipe 8ff5df4565 / IDs32,liberties,16,1,13,2.0,6,2,140,0.535921796482412,0.33513138125689423,0.0078125,11821,6447,5374
20261007T081316955355Z_a53412d8_s1,nca,nca / recipe 8ff5df4565 / IDs32,liberties,16,1,13,4.0,6,4,280,0.597636620603015,0.41386140497985263,0.0234375,10249,5289,4960
20261007T081316955355Z_a53412d8_s1,nca,nca / recipe 8ff5df4565 / IDs32,liberties,16,1,13,0.5,7,1,35,0.40625,0.23533412824091354,0.0,15124,6133,8991
20261007T081316955355Z_a53412d8_s1,nca,nca / recipe 8ff5df4565 / IDs32,liberties,16,1,13,1.0,7,1,70,0.46725816582914576,0.2733958684570156,0.0,13570,6458,7112
20261007T081316955355Z_a53412d8_s1,nca,nca / recipe 8ff5df4565 / IDs32,liberties,16,1,13,2.0,7,2,140,0.5327418341708543,0.32801038026047186,0.00390625,11902,6373,5529
20261007T081316955355Z_a53412d8_s1,nca,nca / recipe 8ff5df4565 / IDs32,liberties,16,1,13,4.0,7,4,280,0.5980684673366834,0.4118150095722597,0.03125,10238,5291,4947
20261007T081316955355Z_a53412d8_s1,nca,nca / recipe 8ff5df4565 / IDs32,liberties,16,1,19,0.5,0,1,80,0.37769736215598515,0.20756304095593894,0.0,32674,10847,21827
20261007T081316955355Z_a53412d8_s1,nca,nca / recipe 8ff5df4565 / IDs32,liberties,16,1,19,1.0,0,2,160,0.44932863536806017,0.2679936112406499,0.00390625,28913,12468,16445
20261007T081316955355Z_a53412d8_s1,nca,nca / recipe 8ff5df4565 / IDs32,liberties,16,1,19,2.0,0,4,320,0.5275497571659842,0.3360479943942385,0.00390625,24806,8120,16686
20261007T081316955355Z_a53412d8_s1,nca,nca / recipe 8ff5df4565 / IDs32,liberties,16,1,19,4.0,0,8,640,0.5687648795352823,0.3740044645724466,0.00390625,22642,6535,16107
20261007T081316955355Z_a53412d8_s1,nca,nca / recipe 8ff5df4565 / IDs32,liberties,16,1,19,0.5,1,1,80,0.3784972859727645,0.20754903289297816,0.0,32632,10800,21832
20261007T081316955355Z_a53412d8_s1,nca,nca / recipe 8ff5df4565 / IDs32,liberties,16,1,19,1.0,1,2,160,0.44266260356156556,0.264788148020595,0.0,29263,12881,16382
20261007T081316955355Z_a53412d8_s1,nca,nca / recipe 8ff5df4565 / IDs32,liberties,16,1,19,2.0,1,4,320,0.5250928483001619,0.3344637340956123,0.00390625,24935,8035,16900
20261007T081316955355Z_a53412d8_s1,nca,nca / recipe 8ff5df4565 / IDs32,liberties,16,1,19,4.0,1,8,640,0.5711265593752975,0.3792316255072472,0.0078125,22518,7290,15228
20261007T081316955355Z_a53412d8_s1,nca,nca / recipe 8ff5df4565 / IDs32,liberties,16,1,19,0.5,2,1,80,0.37800209503856774,0.20791239188472532,0.0,32658,10715,21943
20261007T081316955355Z_a53412d8_s1,nca,nca / recipe 8ff5df4565 / IDs32,liberties,16,1,19,1.0,2,2,160,0.44830016188934385,0.2671981660646487,0.0,28967,12368,16599
20261007T081316955355Z_a53412d8_s1,nca,nca / recipe 8ff5df4565 / IDs32,liberties,16,1,19,2.0,2,4,320,0.5238739167698314,0.33077481084044474,0.0,24999,8189,16810
20261007T081316955355Z_a53412d8_s1,nca,nca / recipe 8ff5df4565 / IDs32,liberties,16,1,19,4.0,2,8,640,0.5722121702694981,0.3815745885922408,0.0,22461,7524,14937
20261007T081316955355Z_a53412d8_s1,nca,nca / recipe 8ff5df4565 / IDs32,liberties,16,1,19,0.5,3,1,80,0.38017331682696887,0.20815366704838872,0.0,32544,10717,21827
20261007T081316955355Z_a53412d8_s1,nca,nca / recipe 8ff5df4565 / IDs32,liberties,16,1,19,1.0,3,2,160,0.44782401676030853,0.2651386108008215,0.00390625,28992,12397,16595
20261007T081316955355Z_a53412d8_s1,nca,nca / recipe 8ff5df4565 / IDs32,liberties,16,1,19,2.0,3,4,320,0.5214360537091706,0.331750182640407,0.00390625,25127,8137,16990
20261007T081316955355Z_a53412d8_s1,nca,nca / recipe 8ff5df4565 / IDs32,liberties,16,1,19,4.0,3,8,640,0.5734691934101515,0.37950754654983326,0.00390625,22395,7210,15185
20261007T081316955355Z_a53412d8_s1,nca,nca / recipe 8ff5df4565 / IDs32,liberties,16,1,19,0.5,4,1,80,0.377506904104371,0.20733637767039087,0.0,32684,10797,21887
20261007T081316955355Z_a53412d8_s1,nca,nca / recipe 8ff5df4565 / IDs32,liberties,16,1,19,1.0,4,2,160,0.44877630701837923,0.26703637373777944,0.0,28942,12633,16309
20261007T081316955355Z_a53412d8_s1,nca,nca / recipe 8ff5df4565 / IDs32,liberties,16,1,19,2.0,4,4,320,0.5231882677840206,0.3315439396401749,0.00390625,25035,8147,16888
20261007T081316955355Z_a53412d8_s1,nca,nca / recipe 8ff5df4565 / IDs32,liberties,16,1,19,4.0,4,8,640,0.568841062755928,0.37656176950512843,0.00390625,22638,7374,15264
20261007T081316955355Z_a53412d8_s1,nca,nca / recipe 8ff5df4565 / IDs32,liberties,16,1,19,0.5,5,1,80,0.3817541186553662,0.20977417025651673,0.0,32461,10612,21849
20261007T081316955355Z_a53412d8_s1,nca,nca / recipe 8ff5df4565 / IDs32,liberties,16,1,19,1.0,5,2,160,0.44784306256546996,0.2663090116181885,0.0,28991,12434,16557
20261007T081316955355Z_a53412d8_s1,nca,nca / recipe 8ff5df4565 / IDs32,liberties,16,1,19,2.0,5,4,320,0.5210932292162651,0.3302270825750985,0.0,25145,8036,17109
20261007T081316955355Z_a53412d8_s1,nca,nca / recipe 8ff5df4565 / IDs32,liberties,16,1,19,4.0,5,8,640,0.5710122845443291,0.3778085750283064,0.00390625,22524,7247,15277
20261007T081316955355Z_a53412d8_s1,nca,nca / recipe 8ff5df4565 / IDs32,liberties,16,1,19,0.5,6,1,80,0.37725930863727264,0.2066317994135306,0.0,32697,10926,21771
20261007T081316955355Z_a53412d8_s1,nca,nca / recipe 8ff5df4565 / IDs32,liberties,16,1,19,1.0,6,2,160,0.4480144748119227,0.26642023389648317,0.00390625,28982,12403,16579
20261007T081316955355Z_a53412d8_s1,nca,nca / recipe 8ff5df4565 / IDs32,liberties,16,1,19,2.0,6,4,320,0.5245214741453195,0.3357000260569798,0.00390625,24965,7957,17008
20261007T081316955355Z_a53412d8_s1,nca,nca / recipe 8ff5df4565 / IDs32,liberties,16,1,19,4.0,6,8,640,0.5704409103894867,0.37910161274977694,0.00390625,22554,7423,15131
20261007T081316955355Z_a53412d8_s1,nca,nca / recipe 8ff5df4565 / IDs32,liberties,16,1,19,0.5,7,1,80,0.3784211027521188,0.20726858171187437,0.0,32636,10820,21816
20261007T081316955355Z_a53412d8_s1,nca,nca / recipe 8ff5df4565 / IDs32,liberties,16,1,19,1.0,7,2,160,0.4502237882106466,0.26947324069128686,0.0,28866,12412,16454
20261007T081316955355Z_a53412d8_s1,nca,nca / recipe 8ff5df4565 / IDs32,liberties,16,1,19,2.0,7,4,320,0.522007427864013,0.3316610445806133,0.0,25097,7967,17130
20261007T081316955355Z_a53412d8_s1,nca,nca / recipe 8ff5df4565 / IDs32,liberties,16,1,19,4.0,7,8,640,0.5687648795352823,0.37629942337816047,0.0,22642,7319,15323
20261007T081316955355Z_a53412d8_s1,nca,nca / recipe 8ff5df4565 / IDs32,liberties,16,1,25,0.5,0,1,143,0.3878440146008842,0.21628751831855408,0.0,57187,20000,37187
20261007T081316955355Z_a53412d8_s1,nca,nca / recipe 8ff5df4565 / IDs32,liberties,16,1,25,1.0,0,2,286,0.44048855157944317,0.25154597361190223,0.00390625,52269,14305,37964
20261007T081316955355Z_a53412d8_s1,nca,nca / recipe 8ff5df4565 / IDs32,liberties,16,1,25,2.0,0,4,572,0.5036555732773846,0.3185743619112638,0.0078125,46368,13074,33294
20261007T081316955355Z_a53412d8_s1,nca,nca / recipe 8ff5df4565 / IDs32,liberties,16,1,25,4.0,0,8,1144,0.5397403097870883,0.3573221748939741,0.01171875,42997,10088,32909
20261007T081316955355Z_a53412d8_s1,nca,nca / recipe 8ff5df4565 / IDs32,liberties,16,1,25,0.5,1,1,143,0.3891178454061808,0.21791115621536533,0.00390625,57068,19901,37167
20261007T081316955355Z_a53412d8_s1,nca,nca / recipe 8ff5df4565 / IDs32,liberties,16,1,25,1.0,1,2,286,0.440124599920787,0.2532248636830542,0.0078125,52303,14612,37691
20261007T081316955355Z_a53412d8_s1,nca,nca / recipe 8ff5df4565 / IDs32,liberties,16,1,25,2.0,1,4,572,0.49698669435553794,0.31310201880312094,0.0078125,46991,13311,33680
20261007T081316955355Z_a53412d8_s1,nca,nca / recipe 8ff5df4565 / IDs32,liberties,16,1,25,4.0,1,8,1144,0.5348376668557788,0.3563614331519557,0.0078125,43455,11036,32419
20261007T081316955355Z_a53412d8_s1,nca,nca / recipe 8ff5df4565 / IDs32,liberties,16,1,25,0.5,2,1,143,0.38882882497136556,0.21588632913846947,0.00390625,57095,19540,37555
20261007T081316955355Z_a53412d8_s1,nca,nca / recipe 8ff5df4565 / IDs32,liberties,16,1,25,1.0,2,2,286,0.43860456652287005,0.2505595886585526,0.0078125,52445,14401,38044
20261007T081316955355Z_a53412d8_s1,nca,nca / recipe 8ff5df4565 / IDs32,liberties,16,1,25,2.0,2,4,572,0.4966976739207228,0.3153280937024382,0.0078125,47018,12924,34094
20261007T081316955355Z_a53412d8_s1,nca,nca / recipe 8ff5df4565 / IDs32,liberties,16,1,25,4.0,2,8,1144,0.5376957578222845,0.35648931067750284,0.015625,43188,10411,32777
20261007T081316955355Z_a53412d8_s1,nca,nca / recipe 8ff5df4565 / IDs32,liberties,16,1,25,0.5,3,1,143,0.38707329344137703,0.21495119598707663,0.00390625,57259,19782,37477
20261007T081316955355Z_a53412d8_s1,nca,nca / recipe 8ff5df4565 / IDs32,liberties,16,1,25,1.0,3,2,286,0.4425331035442469,0.2520920683018301,0.0078125,52078,13833,38245
20261007T081316955355Z_a53412d8_s1,nca,nca / recipe 8ff5df4565 / IDs32,liberties,16,1,25,2.0,3,4,572,0.5027028762885495,0.3180567199011387,0.0078125,46457,13012,33445
20261007T081316955355Z_a53412d8_s1,nca,nca / recipe 8ff5df4565 / IDs32,liberties,16,1,25,4.0,3,8,1144,0.5416349993042101,0.3558732516711001,0.01171875,42820,10298,32522
20261007T081316955355Z_a53412d8_s1,nca,nca / recipe 8ff5df4565 / IDs32,liberties,16,1,25,0.5,4,1,143,0.381228657981781,0.21284866996756607,0.0,57805,20014,37791
20261007T081316955355Z_a53412d8_s1,nca,nca / recipe 8ff5df4565 / IDs32,liberties,16,1,25,1.0,4,2,286,0.43828343270640874,0.2504533398564165,0.0,52475,14346,38129
20261007T081316955355Z_a53412d8_s1,nca,nca / recipe 8ff5df4565 / IDs32,liberties,16,1,25,2.0,4,4,572,0.4986244768194907,0.3170299113929882,0.0,46838,12963,33875
20261007T081316955355Z_a53412d8_s1,nca,nca / recipe 8ff5df4565 / IDs32,liberties,16,1,25,4.0,4,8,1144,0.5317440777572014,0.35264264021362735,0.0,43744,10295,33449
20261007T081316955355Z_a53412d8_s1,nca,nca / recipe 8ff5df4565 / IDs32,liberties,16,1,25,0.5,5,1,143,0.3857566447938856,0.2149330109573521,0.0,57382,19626,37756
20261007T081316955355Z_a53412d8_s1,nca,nca / recipe 8ff5df4565 / IDs32,liberties,16,1,25,1.0,5,2,286,0.4361211316755692,0.24871678352556367,0.00390625,52677,14335,38342
20261007T081316955355Z_a53412d8_s1,nca,nca / recipe 8ff5df4565 / IDs32,liberties,16,1,25,2.0,5,4,572,0.5001231012963102,0.3170282810748154,0.00390625,46698,13071,33627
20261007T081316955355Z_a53412d8_s1,nca,nca / recipe 8ff5df4565 / IDs32,liberties,16,1,25,4.0,5,8,1144,0.5339706055513332,0.3534822519527596,0.0078125,43536,9854,33682
20261007T081316955355Z_a53412d8_s1,nca,nca / recipe 8ff5df4565 / IDs32,liberties,16,1,25,0.5,6,1,143,0.38818655733844293,0.2155226044675118,0.0,57155,19455,37700
20261007T081316955355Z_a53412d8_s1,nca,nca / recipe 8ff5df4565 / IDs32,liberties,16,1,25,1.0,6,2,286,0.44163392885815517,0.2517537804403087,0.00390625,52162,14563,37599
20261007T081316955355Z_a53412d8_s1,nca,nca / recipe 8ff5df4565 / IDs32,liberties,16,1,25,2.0,6,4,572,0.49887067941211105,0.3160788007488103,0.00390625,46815,13286,33529
20261007T081316955355Z_a53412d8_s1,nca,nca / recipe 8ff5df4565 / IDs32,liberties,16,1,25,4.0,6,8,1144,0.5342061036834048,0.35300909054235585,0.0078125,43514,9999,33515
20261007T081316955355Z_a53412d8_s1,nca,nca / recipe 8ff5df4565 / IDs32,liberties,16,1,25,0.5,7,1,143,0.3883578287072223,0.2171593114133846,0.0,57139,19892,37247
20261007T081316955355Z_a53412d8_s1,nca,nca / recipe 8ff5df4565 / IDs32,liberties,16,1,25,1.0,7,2,286,0.43858315760177263,0.25016497887476785,0.0,52447,14256,38191
20261007T081316955355Z_a53412d8_s1,nca,nca / recipe 8ff5df4565 / IDs32,liberties,16,1,25,2.0,7,4,572,0.5019642685106884,0.31651834362702946,0.0,46526,13186,33340
20261007T081316955355Z_a53412d8_s1,nca,nca / recipe 8ff5df4565 / IDs32,liberties,16,1,25,4.0,7,8,1144,0.5333069289973131,0.3540129215351546,0.0078125,43598,10741,32857
20261007T081316955355Z_a53412d8_s1,nca,nca / recipe 8ff5df4565 / IDs32,liberties,16,1,37,0.5,0,2,323,0.3632959873319311,0.2040999478886017,0.0,133492,47870,85622
20261007T081316955355Z_a53412d8_s1,nca,nca / recipe 8ff5df4565 / IDs32,liberties,16,1,37,1.0,0,3,646,0.4367001969846562,0.2530637372497472,0.0,118102,29252,88850
20261007T081316955355Z_a53412d8_s1,nca,nca / recipe 8ff5df4565 / IDs32,liberties,16,1,37,2.0,0,6,1292,0.4846967247127506,0.3124529343544905,0.0,108039,26616,81423
20261007T081316955355Z_a53412d8_s1,nca,nca / recipe 8ff5df4565 / IDs32,liberties,16,1,37,4.0,0,12,2584,0.5089406231964934,0.34079145257001947,0.0,102956,22088,80868
20261007T081316955355Z_a53412d8_s1,nca,nca / recipe 8ff5df4565 / IDs32,liberties,16,1,37,0.5,1,2,323,0.3634820018983025,0.2068165808022896,0.0,133453,48202,85251
20261007T081316955355Z_a53412d8_s1,nca,nca / recipe 8ff5df4565 / IDs32,liberties,16,1,37,1.0,1,3,646,0.43193059271872214,0.24943817473290456,0.0,119102,28957,90145
20261007T081316955355Z_a53412d8_s1,nca,nca / recipe 8ff5df4565 / IDs32,liberties,16,1,37,2.0,1,6,1292,0.4848636608620583,0.31211938149124585,0.0,108004,25660,82344
20261007T081316955355Z_a53412d8_s1,nca,nca / recipe 8ff5df4565 / IDs32,liberties,16,1,37,4.0,1,12,2584,0.5063459584758253,0.33796410932617504,0.0,103500,22695,80805
20261007T081316955355Z_a53412d8_s1,nca,nca / recipe 8ff5df4565 / IDs32,liberties,16,1,37,0.5,2,2,323,0.36474117742450907,0.2056152136003763,0.0,133189,48708,84481
20261007T081316955355Z_a53412d8_s1,nca,nca / recipe 8ff5df4565 / IDs32,liberties,16,1,37,1.0,2,3,646,0.4370626869088672,0.25241726923945873,0.0,118026,28313,89713
20261007T081316955355Z_a53412d8_s1,nca,nca / recipe 8ff5df4565 / IDs32,liberties,16,1,37,2.0,2,6,1292,0.4846537982743572,0.31310794465481007,0.0,108048,27886,80162
20261007T081316955355Z_a53412d8_s1,nca,nca / recipe 8ff5df4565 / IDs32,liberties,16,1,37,4.0,2,12,2584,0.5131187965334516,0.3407266334808301,0.0,102080,22952,79128
20261007T081316955355Z_a53412d8_s1,nca,nca / recipe 8ff5df4565 / IDs32,liberties,16,1,37,0.5,3,2,323,0.36138814562555743,0.20380520111465936,0.0,133892,48782,85110
20261007T081316955355Z_a53412d8_s1,nca,nca / recipe 8ff5df4565 / IDs32,liberties,16,1,37,1.0,3,3,646,0.4320402936168386,0.24872357106954135,0.0,119079,29333,89746
20261007T081316955355Z_a53412d8_s1,nca,nca / recipe 8ff5df4565 / IDs32,liberties,16,1,37,2.0,3,6,1292,0.4824740891248253,0.31445029647732425,0.0,108505,26439,82066
20261007T081316955355Z_a53412d8_s1,nca,nca / recipe 8ff5df4565 / IDs32,liberties,16,1,37,4.0,3,12,2584,0.5103094996208165,0.3408363613968719,0.0,102669,21206,81463
20261007T081316955355Z_a53412d8_s1,nca,nca / recipe 8ff5df4565 / IDs32,liberties,16,1,37,0.5,4,2,323,0.3632482912892717,0.20461216358937898,0.0,133502,47894,85608
20261007T081316955355Z_a53412d8_s1,nca,nca / recipe 8ff5df4565 / IDs32,liberties,16,1,37,1.0,4,3,646,0.4326412637543463,0.25126328417701527,0.0,118953,29374,89579
20261007T081316955355Z_a53412d8_s1,nca,nca / recipe 8ff5df4565 / IDs32,liberties,16,1,37,2.0,4,6,1292,0.48557433189768245,0.31308598632951457,0.0,107855,25175,82680
20261007T081316955355Z_a53412d8_s1,nca,nca / recipe 8ff5df4565 / IDs32,liberties,16,1,37,4.0,4,12,2584,0.5045239696462385,0.3379089961889437,0.0,103882,24008,79874
20261007T081316955355Z_a53412d8_s1,nca,nca / recipe 8ff5df4565 / IDs32,liberties,16,1,37,0.5,5,2,323,0.3625137722323179,0.20520170746294658,0.0,133656,47848,85808
20261007T081316955355Z_a53412d8_s1,nca,nca / recipe 8ff5df4565 / IDs32,liberties,16,1,37,1.0,5,3,646,0.43660957450360344,0.2544842486811471,0.0,118121,28294,89827
20261007T081316955355Z_a53412d8_s1,nca,nca / recipe 8ff5df4565 / IDs32,liberties,16,1,37,2.0,5,6,1292,0.48352817166759676,0.3140474966803817,0.0,108284,27028,81256
20261007T081316955355Z_a53412d8_s1,nca,nca / recipe 8ff5df4565 / IDs32,liberties,16,1,37,4.0,5,12,2584,0.5096894510662451,0.34040608932790173,0.0,102799,23819,78980
20261007T081316955355Z_a53412d8_s1,nca,nca / recipe 8ff5df4565 / IDs32,liberties,16,1,37,0.5,6,2,323,0.3644263835429574,0.207925428570261,0.0,133255,49637,83618
20261007T081316955355Z_a53412d8_s1,nca,nca / recipe 8ff5df4565 / IDs32,liberties,16,1,37,1.0,6,3,646,0.4347541984441551,0.25047500516202004,0.0,118510,28496,90014
20261007T081316955355Z_a53412d8_s1,nca,nca / recipe 8ff5df4565 / IDs32,liberties,16,1,37,2.0,6,6,1292,0.48830731514206266,0.31419717156290683,0.0,107282,25242,82040
20261007T081316955355Z_a53412d8_s1,nca,nca / recipe 8ff5df4565 / IDs32,liberties,16,1,37,4.0,6,12,2584,0.5091027897415351,0.34131843092554626,0.00390625,102922,22081,80841
20261007T081316955355Z_a53412d8_s1,nca,nca / recipe 8ff5df4565 / IDs32,liberties,16,1,37,0.5,7,2,323,0.3607919450923157,0.20325682196869505,0.0,134017,48335,85682
20261007T081316955355Z_a53412d8_s1,nca,nca / recipe 8ff5df4565 / IDs32,liberties,16,1,37,1.0,7,3,646,0.43585597702958584,0.25261250652438344,0.0,118279,28152,90127
20261007T081316955355Z_a53412d8_s1,nca,nca / recipe 8ff5df4565 / IDs32,liberties,16,1,37,2.0,7,6,1292,0.48777311946427804,0.31458244450940803,0.0,107394,27227,80167
20261007T081316955355Z_a53412d8_s1,nca,nca / recipe 8ff5df4565 / IDs32,liberties,16,1,37,4.0,7,12,2584,0.5064795073952714,0.3383754881482175,0.0,103472,23712,79760
20261007T081316961946Z_a69655d2_s2,nca,nca / recipe 8ff5df4565 / IDs32,liberties,16,2,9,0.5,0,1,15,0.3917277035760448,0.18628133697840815,0.0,7059,1974,5085
20261007T081316961946Z_a69655d2_s2,nca,nca / recipe 8ff5df4565 / IDs32,liberties,16,2,9,1.0,0,1,30,0.5304610081861266,0.40737982324835653,0.0,5449,1552,3897
20261007T081316961946Z_a69655d2_s2,nca,nca / recipe 8ff5df4565 / IDs32,liberties,16,2,9,2.0,0,2,60,0.6998707453683757,0.6666565821198105,0.015625,3483,1004,2479
20261007T081316961946Z_a69655d2_s2,nca,nca / recipe 8ff5df4565 / IDs32,liberties,16,2,9,4.0,0,4,120,0.801723395088324,0.8096187953419368,0.03125,2301,720,1581
20261007T081316961946Z_a69655d2_s2,nca,nca / recipe 8ff5df4565 / IDs32,liberties,16,2,9,0.5,1,1,15,0.3907798362774666,0.18608280404395086,0.0,7070,1947,5123
20261007T081316961946Z_a69655d2_s2,nca,nca / recipe 8ff5df4565 / IDs32,liberties,16,2,9,1.0,1,1,30,0.5329599310641965,0.4104319004842775,0.0,5420,1535,3885
20261007T081316961946Z_a69655d2_s2,nca,nca / recipe 8ff5df4565 / IDs32,liberties,16,2,9,2.0,1,2,60,0.7009047824213701,0.6673550658045901,0.01171875,3471,998,2473
20261007T081316961946Z_a69655d2_s2,nca,nca / recipe 8ff5df4565 / IDs32,liberties,16,2,9,4.0,1,4,120,0.8000861697544162,0.80576888445415,0.01953125,2320,718,1602
20261007T081316961946Z_a69655d2_s2,nca,nca / recipe 8ff5df4565 / IDs32,liberties,16,2,9,0.5,2,1,15,0.387936234381732,0.18344593521047908,0.0,7103,1967,5136
20261007T081316961946Z_a69655d2_s2,nca,nca / recipe 8ff5df4565 / IDs32,liberties,16,2,9,1.0,2,1,30,0.5302886686772943,0.4062028427791401,0.00390625,5451,1549,3902
20261007T081316961946Z_a69655d2_s2,nca,nca / recipe 8ff5df4565 / IDs32,liberties,16,2,9,2.0,2,2,60,0.6985781990521327,0.6640881096905094,0.0078125,3498,991,2507
20261007T081316961946Z_a69655d2_s2,nca,nca / recipe 8ff5df4565 / IDs32,liberties,16,2,9,4.0,2,4,120,0.7993968117190866,0.8088101800997258,0.015625,2328,725,1603
20261007T081316961946Z_a69655d2_s2,nca,nca / recipe 8ff5df4565 / IDs32,liberties,16,2,9,0.5,3,1,15,0.3914691943127962,0.18682818065469955,0.0,7062,1956,5106
20261007T081316961946Z_a69655d2_s2,nca,nca / recipe 8ff5df4565 / IDs32,liberties,16,2,9,1.0,3,1,30,0.5311503662214563,0.40826545418291277,0.0,5441,1563,3878
20261007T081316961946Z_a69655d2_s2,nca,nca / recipe 8ff5df4565 / IDs32,liberties,16,2,9,2.0,3,2,60,0.6987505385609651,0.6638012359304116,0.015625,3496,1033,2463
20261007T081316961946Z_a69655d2_s2,nca,nca / recipe 8ff5df4565 / IDs32,liberties,16,2,9,4.0,3,4,120,0.802585092632486,0.8119019497754271,0.01953125,2291,741,1550
20261007T081316961946Z_a69655d2_s2,nca,nca / recipe 8ff5df4565 / IDs32,liberties,16,2,9,0.5,4,1,15,0.38957345971563984,0.1854821075065488,0.0,7084,1948,5136
20261007T081316961946Z_a69655d2_s2,nca,nca / recipe 8ff5df4565 / IDs32,liberties,16,2,9,1.0,4,1,30,0.5300301594140456,0.40561729843442085,0.0,5454,1541,3913
20261007T081316961946Z_a69655d2_s2,nca,nca / recipe 8ff5df4565 / IDs32,liberties,16,2,9,2.0,4,2,60,0.6993537268418785,0.6614397405735694,0.01953125,3489,1011,2478
20261007T081316961946Z_a69655d2_s2,nca,nca / recipe 8ff5df4565 / IDs32,liberties,16,2,9,4.0,4,4,120,0.8037914691943128,0.8117154745014823,0.03125,2277,711,1566
20261007T081316961946Z_a69655d2_s2,nca,nca / recipe 8ff5df4565 / IDs32,liberties,16,2,9,0.5,5,1,15,0.3911245152951314,0.18653725914136413,0.0,7066,1955,5111
20261007T081316961946Z_a69655d2_s2,nca,nca / recipe 8ff5df4565 / IDs32,liberties,16,2,9,1.0,5,1,30,0.5302886686772943,0.4060974740032351,0.00390625,5451,1549,3902
20261007T081316961946Z_a69655d2_s2,nca,nca / recipe 8ff5df4565 / IDs32,liberties,16,2,9,2.0,5,2,60,0.7024558380008616,0.6648584548702318,0.01171875,3453,983,2470
20261007T081316961946Z_a69655d2_s2,nca,nca / recipe 8ff5df4565 / IDs32,liberties,16,2,9,4.0,5,4,120,0.8035329599310642,0.8133673061072284,0.0234375,2280,703,1577
20261007T081316961946Z_a69655d2_s2,nca,nca / recipe 8ff5df4565 / IDs32,liberties,16,2,9,0.5,6,1,15,0.3891426109435588,0.18320624562927654,0.0,7089,1964,5125
20261007T081316961946Z_a69655d2_s2,nca,nca / recipe 8ff5df4565 / IDs32,liberties,16,2,9,1.0,6,1,30,0.5326152520465317,0.4094888443695972,0.0,5424,1535,3889
20261007T081316961946Z_a69655d2_s2,nca,nca / recipe 8ff5df4565 / IDs32,liberties,16,2,9,2.0,6,2,60,0.6998707453683757,0.666873401071971,0.01171875,3483,1001,2482
20261007T081316961946Z_a69655d2_s2,nca,nca / recipe 8ff5df4565 / IDs32,liberties,16,2,9,4.0,6,4,120,0.8026712623869022,0.8117157252456901,0.02734375,2290,721,1569
20261007T081316961946Z_a69655d2_s2,nca,nca / recipe 8ff5df4565 / IDs32,liberties,16,2,9,0.5,7,1,15,0.3912106850495476,0.18676664572637103,0.0,7065,1940,5125
20261007T081316961946Z_a69655d2_s2,nca,nca / recipe 8ff5df4565 / IDs32,liberties,16,2,9,1.0,7,1,30,0.5306333476949591,0.40528266828224424,0.00390625,5447,1542,3905
20261007T081316961946Z_a69655d2_s2,nca,nca / recipe 8ff5df4565 / IDs32,liberties,16,2,9,2.0,7,2,60,0.7076260232658337,0.6771574487027276,0.01953125,3393,963,2430
20261007T081316961946Z_a69655d2_s2,nca,nca / recipe 8ff5df4565 / IDs32,liberties,16,2,9,4.0,7,4,120,0.8036191296854804,0.8128574958798827,0.02734375,2279,735,1544
20261007T081316961946Z_a69655d2_s2,nca,nca / recipe 8ff5df4565 / IDs32,liberties,16,2,13,0.5,0,1,35,0.4043655778894472,0.24606142010477988,0.0,15172,4876,10296
20261007T081316961946Z_a69655d2_s2,nca,nca / recipe 8ff5df4565 / IDs32,liberties,16,2,13,1.0,0,1,70,0.4649811557788945,0.2728363137213673,0.0,13628,5732,7896
20261007T081316961946Z_a69655d2_s2,nca,nca / recipe 8ff5df4565 / IDs32,liberties,16,2,13,2.0,0,2,140,0.5186479271356784,0.30497395915858844,0.0,12261,6520,5741
20261007T081316961946Z_a69655d2_s2,nca,nca / recipe 8ff5df4565 / IDs32,liberties,16,2,13,4.0,0,4,280,0.5754161432160804,0.37321293696306435,0.0,10815,6167,4648
20261007T081316961946Z_a69655d2_s2,nca,nca / recipe 8ff5df4565 / IDs32,liberties,16,2,13,0.5,1,1,35,0.40558260050251255,0.24645627121563096,0.00390625,15141,4864,10277
20261007T081316961946Z_a69655d2_s2,nca,nca / recipe 8ff5df4565 / IDs32,liberties,16,2,13,1.0,1,1,70,0.4648241206030151,0.27424500576353,0.00390625,13632,5676,7956
20261007T081316961946Z_a69655d2_s2,nca,nca / recipe 8ff5df4565 / IDs32,liberties,16,2,13,2.0,1,2,140,0.5225738065326633,0.3079355177654366,0.00390625,12161,6373,5788
20261007T081316961946Z_a69655d2_s2,nca,nca / recipe 8ff5df4565 / IDs32,liberties,16,2,13,4.0,1,4,280,0.5799309045226131,0.38004595949053943,0.00390625,10700,6072,4628
20261007T081316961946Z_a69655d2_s2,nca,nca / recipe 8ff5df4565 / IDs32,liberties,16,2,13,0.5,2,1,35,0.4042085427135678,0.24653972104021393,0.00390625,15176,4828,10348
20261007T081316961946Z_a69655d2_s2,nca,nca / recipe 8ff5df4565 / IDs32,liberties,16,2,13,1.0,2,1,70,0.4672974246231156,0.2725070333791677,0.00390625,13569,5641,7928
20261007T081316961946Z_a69655d2_s2,nca,nca / recipe 8ff5df4565 / IDs32,liberties,16,2,13,2.0,2,2,140,0.5211997487437185,0.3080485685660732,0.00390625,12196,6383,5813
20261007T081316961946Z_a69655d2_s2,nca,nca / recipe 8ff5df4565 / IDs32,liberties,16,2,13,4.0,2,4,280,0.5781642587939698,0.3787354380228669,0.00390625,10745,6089,4656
20261007T081316961946Z_a69655d2_s2,nca,nca / recipe 8ff5df4565 / IDs32,liberties,16,2,13,0.5,3,1,35,0.40515075376884424,0.24762539233235323,0.00390625,15152,4859,10293
20261007T081316961946Z_a69655d2_s2,nca,nca / recipe 8ff5df4565 / IDs32,liberties,16,2,13,1.0,3,1,70,0.46580559045226133,0.27350714198738235,0.0078125,13607,5630,7977
20261007T081316961946Z_a69655d2_s2,nca,nca / recipe 8ff5df4565 / IDs32,liberties,16,2,13,2.0,3,2,140,0.5232019472361809,0.30960101711168175,0.0078125,12145,6397,5748
20261007T081316961946Z_a69655d2_s2,nca,nca / recipe 8ff5df4565 / IDs32,liberties,16,2,13,4.0,3,4,280,0.5800094221105527,0.37793634441720514,0.01171875,10698,5925,4773
20261007T081316961946Z_a69655d2_s2,nca,nca / recipe 8ff5df4565 / IDs32,liberties,16,2,13,0.5,4,1,35,0.40605370603015073,0.24632901275434274,0.00390625,15129,4817,10312
20261007T081316961946Z_a69655d2_s2,nca,nca / recipe 8ff5df4565 / IDs32,liberties,16,2,13,1.0,4,1,70,0.4671403894472362,0.27615786419525834,0.0078125,13573,5662,7911
20261007T081316961946Z_a69655d2_s2,nca,nca / recipe 8ff5df4565 / IDs32,liberties,16,2,13,2.0,4,2,140,0.5203753140703518,0.3043964385611844,0.0078125,12217,6370,5847
20261007T081316961946Z_a69655d2_s2,nca,nca / recipe 8ff5df4565 / IDs32,liberties,16,2,13,4.0,4,4,280,0.5811871859296482,0.3847978158926648,0.0078125,10668,5984,4684
20261007T081316961946Z_a69655d2_s2,nca,nca / recipe 8ff5df4565 / IDs32,liberties,16,2,13,0.5,5,1,35,0.40515075376884424,0.24758319241822588,0.00390625,15152,4860,10292
20261007T081316961946Z_a69655d2_s2,nca,nca / recipe 8ff5df4565 / IDs32,liberties,16,2,13,1.0,5,1,70,0.4659626256281407,0.2747777548417698,0.0078125,13603,5732,7871
20261007T081316961946Z_a69655d2_s2,nca,nca / recipe 8ff5df4565 / IDs32,liberties,16,2,13,2.0,5,2,140,0.5233982412060302,0.31003420862851233,0.0078125,12140,6411,5729
20261007T081316961946Z_a69655d2_s2,nca,nca / recipe 8ff5df4565 / IDs32,liberties,16,2,13,4.0,5,4,280,0.5810301507537688,0.3861791787206569,0.0078125,10672,6086,4586
20261007T081316961946Z_a69655d2_s2,nca,nca / recipe 8ff5df4565 / IDs32,liberties,16,2,13,0.5,6,1,35,0.40373743718592964,0.24630745827383865,0.0,15188,4908,10280
20261007T081316961946Z_a69655d2_s2,nca,nca / recipe 8ff5df4565 / IDs32,liberties,16,2,13,1.0,6,1,70,0.4659626256281407,0.27527099380222886,0.00390625,13603,5714,7889
20261007T081316961946Z_a69655d2_s2,nca,nca / recipe 8ff5df4565 / IDs32,liberties,16,2,13,2.0,6,2,140,0.5202182788944724,0.30599137037830915,0.0078125,12221,6476,5745
20261007T081316961946Z_a69655d2_s2,nca,nca / recipe 8ff5df4565 / IDs32,liberties,16,2,13,4.0,6,4,280,0.5805197864321608,0.37966325616362,0.0078125,10685,6149,4536
20261007T081316961946Z_a69655d2_s2,nca,nca / recipe 8ff5df4565 / IDs32,liberties,16,2,13,0.5,7,1,35,0.4046403894472362,0.2491925525629898,0.0,15165,4889,10276
20261007T081316961946Z_a69655d2_s2,nca,nca / recipe 8ff5df4565 / IDs32,liberties,16,2,13,1.0,7,1,70,0.46757223618090454,0.2772711610260993,0.00390625,13562,5616,7946
20261007T081316961946Z_a69655d2_s2,nca,nca / recipe 8ff5df4565 / IDs32,liberties,16,2,13,2.0,7,2,140,0.5216315954773869,0.31029556373515454,0.0078125,12185,6401,5784
20261007T081316961946Z_a69655d2_s2,nca,nca / recipe 8ff5df4565 / IDs32,liberties,16,2,13,4.0,7,4,280,0.5760050251256281,0.37108831713749146,0.0078125,10800,6035,4765
20261007T081316961946Z_a69655d2_s2,nca,nca / recipe 8ff5df4565 / IDs32,liberties,16,2,19,0.5,0,1,80,0.3630511379868584,0.1892473508296055,0.0,33443,10542,22901
20261007T081316961946Z_a69655d2_s2,nca,nca / recipe 8ff5df4565 / IDs32,liberties,16,2,19,1.0,0,2,160,0.4247595467098372,0.25556872029107824,0.0,30203,13027,17176
20261007T081316961946Z_a69655d2_s2,nca,nca / recipe 8ff5df4565 / IDs32,liberties,16,2,19,2.0,0,4,320,0.4987524997619274,0.31386116178949636,0.0,26318,11878,14440
20261007T081316961946Z_a69655d2_s2,nca,nca / recipe 8ff5df4565 / IDs32,liberties,16,2,19,4.0,0,8,640,0.5433387296447957,0.3710073564109838,0.0,23977,12870,11107
20261007T081316961946Z_a69655d2_s2,nca,nca / recipe 8ff5df4565 / IDs32,liberties,16,2,19,0.5,1,1,80,0.36632701647462146,0.19214785626517622,0.0,33271,10455,22816
20261007T081316961946Z_a69655d2_s2,nca,nca / recipe 8ff5df4565 / IDs32,liberties,16,2,19,1.0,1,2,160,0.4271402723550138,0.2605774705661792,0.0,30078,13089,16989
20261007T081316961946Z_a69655d2_s2,nca,nca / recipe 8ff5df4565 / IDs32,liberties,16,2,19,2.0,1,4,320,0.49606704123416817,0.3098293389468091,0.0,26459,12030,14429
20261007T081316961946Z_a69655d2_s2,nca,nca / recipe 8ff5df4565 / IDs32,liberties,16,2,19,4.0,1,8,640,0.542291210360918,0.36745201388976934,0.0,24032,12814,11218
20261007T081316961946Z_a69655d2_s2,nca,nca / recipe 8ff5df4565 / IDs32,liberties,16,2,19,0.5,2,1,80,0.3632035044281497,0.19025009952579108,0.0,33435,10615,22820
20261007T081316961946Z_a69655d2_s2,nca,nca / recipe 8ff5df4565 / IDs32,liberties,16,2,19,1.0,2,2,160,0.4234263403485382,0.2562395116476818,0.0,30273,13183,17090
20261007T081316961946Z_a69655d2_s2,nca,nca / recipe 8ff5df4565 / IDs32,liberties,16,2,19,2.0,2,4,320,0.49880963717741167,0.3140479622840392,0.0,26315,11949,14366
20261007T081316961946Z_a69655d2_s2,nca,nca / recipe 8ff5df4565 / IDs32,liberties,16,2,19,4.0,2,8,640,0.5478525854680507,0.37667759976072246,0.0,23740,12726,11014
20261007T081316961946Z_a69655d2_s2,nca,nca / recipe 8ff5df4565 / IDs32,liberties,16,2,19,0.5,3,1,80,0.3627654509094372,0.1896593630299962,0.0,33458,10607,22851
20261007T081316961946Z_a69655d2_s2,nca,nca / recipe 8ff5df4565 / IDs32,liberties,16,2,19,1.0,3,2,160,0.42614989048662033,0.25788472691628256,0.0,30130,13308,16822
20261007T081316961946Z_a69655d2_s2,nca,nca / recipe 8ff5df4565 / IDs32,liberties,16,2,19,2.0,3,4,320,0.49562898771545566,0.3116357070491492,0.0,26482,12291,14191
20261007T081316961946Z_a69655d2_s2,nca,nca / recipe 8ff5df4565 / IDs32,liberties,16,2,19,4.0,3,8,640,0.539110560898962,0.3649445434794546,0.0,24199,13493,10706
20261007T081316961946Z_a69655d2_s2,nca,nca / recipe 8ff5df4565 / IDs32,liberties,16,2,19,0.5,4,1,80,0.36356537472621653,0.19001022581166424,0.0,33416,10548,22868
20261007T081316961946Z_a69655d2_s2,nca,nca / recipe 8ff5df4565 / IDs32,liberties,16,2,19,1.0,4,2,160,0.4258070659937149,0.2568216590298434,0.0,30148,13135,17013
20261007T081316961946Z_a69655d2_s2,nca,nca / recipe 8ff5df4565 / IDs32,liberties,16,2,19,2.0,4,4,320,0.4974954766212742,0.31315058574807886,0.0,26384,12013,14371
20261007T081316961946Z_a69655d2_s2,nca,nca / recipe 8ff5df4565 / IDs32,liberties,16,2,19,4.0,4,8,640,0.5441957908770594,0.37139093553422575,0.0,23932,13182,10750
20261007T081316961946Z_a69655d2_s2,nca,nca / recipe 8ff5df4565 / IDs32,liberties,16,2,19,0.5,5,1,80,0.3639272450242834,0.19038032482005968,0.0,33397,10595,22802
20261007T081316961946Z_a69655d2_s2,nca,nca / recipe 8ff5df4565 / IDs32,liberties,16,2,19,1.0,5,2,160,0.4243595848014475,0.2569053644900911,0.0,30224,13196,17028
20261007T081316961946Z_a69655d2_s2,nca,nca / recipe 8ff5df4565 / IDs32,liberties,16,2,19,2.0,5,4,320,0.4972478811541758,0.31209207255847515,0.0,26397,12258,14139
20261007T081316961946Z_a69655d2_s2,nca,nca / recipe 8ff5df4565 / IDs32,liberties,16,2,19,4.0,5,8,640,0.5377964003428245,0.36069768040420414,0.0,24268,13452,10816
20261007T081316961946Z_a69655d2_s2,nca,nca / recipe 8ff5df4565 / IDs32,liberties,16,2,19,0.5,6,1,80,0.3630130463765356,0.18998394250935433,0.0,33445,10572,22873
20261007T081316961946Z_a69655d2_s2,nca,nca / recipe 8ff5df4565 / IDs32,liberties,16,2,19,1.0,6,2,160,0.4236167984001524,0.2553020543871851,0.0,30263,13222,17041
20261007T081316961946Z_a69655d2_s2,nca,nca / recipe 8ff5df4565 / IDs32,liberties,16,2,19,2.0,6,4,320,0.4973812017903057,0.31076783411653564,0.0,26390,11889,14501
20261007T081316961946Z_a69655d2_s2,nca,nca / recipe 8ff5df4565 / IDs32,liberties,16,2,19,4.0,6,8,640,0.5424626226073708,0.36689036261119984,0.0,24023,12839,11184
20261007T081316961946Z_a69655d2_s2,nca,nca / recipe 8ff5df4565 / IDs32,liberties,16,2,19,0.5,7,1,80,0.36228930578040186,0.19027644937877625,0.0,33483,10649,22834
20261007T081316961946Z_a69655d2_s2,nca,nca / recipe 8ff5df4565 / IDs32,liberties,16,2,19,1.0,7,2,160,0.4238643938672507,0.255237913337845,0.0,30250,13267,16983
20261007T081316961946Z_a69655d2_s2,nca,nca / recipe 8ff5df4565 / IDs32,liberties,16,2,19,2.0,7,4,320,0.5004475764212932,0.31565457363072896,0.0,26229,11661,14568
20261007T081316961946Z_a69655d2_s2,nca,nca / recipe 8ff5df4565 / IDs32,liberties,16,2,19,4.0,7,8,640,0.543624416722217,0.3675312191558673,0.0,23962,13123,10839
20261007T081316961946Z_a69655d2_s2,nca,nca / recipe 8ff5df4565 / IDs32,liberties,16,2,25,0.5,0,1,143,0.3516843468673396,0.19111232673510856,0.0,60565,23137,37428
20261007T081316961946Z_a69655d2_s2,nca,nca / recipe 8ff5df4565 / IDs32,liberties,16,2,25,1.0,0,2,286,0.389663772894165,0.2290318834619915,0.0,57017,28766,28251
20261007T081316961946Z_a69655d2_s2,nca,nca / recipe 8ff5df4565 / IDs32,liberties,16,2,25,2.0,0,4,572,0.4495766385852985,0.2915004203891859,0.0,51420,24407,27013
20261007T081316961946Z_a69655d2_s2,nca,nca / recipe 8ff5df4565 / IDs32,liberties,16,2,25,4.0,0,8,1144,0.504051638317687,0.3537708003734979,0.0,46331,22193,24138
20261007T081316961946Z_a69655d2_s2,nca,nca / recipe 8ff5df4565 / IDs32,liberties,16,2,25,0.5,1,1,143,0.3515023710380115,0.1921373775417812,0.0,60582,23007,37575
20261007T081316961946Z_a69655d2_s2,nca,nca / recipe 8ff5df4565 / IDs32,liberties,16,2,25,1.0,1,2,286,0.39161198471403036,0.23099215234249582,0.0,56835,27885,28950
20261007T081316961946Z_a69655d2_s2,nca,nca / recipe 8ff5df4565 / IDs32,liberties,16,2,25,2.0,1,4,572,0.4546398484248386,0.2908260936924414,0.0,50947,23364,27583
20261007T081316961946Z_a69655d2_s2,nca,nca / recipe 8ff5df4565 / IDs32,liberties,16,2,25,4.0,1,8,1144,0.5043941810552457,0.35204308977498877,0.0,46299,21266,25033
20261007T081316961946Z_a69655d2_s2,nca,nca / recipe 8ff5df4565 / IDs32,liberties,16,2,25,0.5,2,1,143,0.35181280039392415,0.19243532029451643,0.0,60553,23084,37469
20261007T081316961946Z_a69655d2_s2,nca,nca / recipe 8ff5df4565 / IDs32,liberties,16,2,25,1.0,2,2,286,0.39004913347391856,0.2320139999950111,0.0,56981,28635,28346
20261007T081316961946Z_a69655d2_s2,nca,nca / recipe 8ff5df4565 / IDs32,liberties,16,2,25,2.0,2,4,572,0.4507434247851079,0.2913268919495579,0.0,51311,24552,26759
20261007T081316961946Z_a69655d2_s2,nca,nca / recipe 8ff5df4565 / IDs32,liberties,16,2,25,4.0,2,8,1144,0.5050043353065222,0.3518335108262369,0.0,46242,21890,24352
20261007T081316961946Z_a69655d2_s2,nca,nca / recipe 8ff5df4565 / IDs32,liberties,16,2,25,0.5,3,1,143,0.3540714415697021,0.19271325045755308,0.0,60342,22972,37370
20261007T081316961946Z_a69655d2_s2,nca,nca / recipe 8ff5df4565 / IDs32,liberties,16,2,25,1.0,3,2,286,0.3904666074353183,0.2324056058062542,0.0,56942,28240,28702
20261007T081316961946Z_a69655d2_s2,nca,nca / recipe 8ff5df4565 / IDs32,liberties,16,2,25,2.0,3,4,572,0.4501546794549289,0.2891902232255883,0.0,51366,24504,26862
20261007T081316961946Z_a69655d2_s2,nca,nca / recipe 8ff5df4565 / IDs32,liberties,16,2,25,4.0,3,8,1144,0.49958787826887463,0.3503824947497018,0.0,46748,21935,24813
20261007T081316961946Z_a69655d2_s2,nca,nca / recipe 8ff5df4565 / IDs32,liberties,16,2,25,0.5,4,1,143,0.3525514081717852,0.1921956247257502,0.0,60484,23346,37138
20261007T081316961946Z_a69655d2_s2,nca,nca / recipe 8ff5df4565 / IDs32,liberties,16,2,25,1.0,4,2,286,0.3915477579507381,0.2323876031731522,0.0,56841,27795,29046
20261007T081316961946Z_a69655d2_s2,nca,nca / recipe 8ff5df4565 / IDs32,liberties,16,2,25,2.0,4,4,572,0.45154625932626125,0.2910921846609863,0.0,51236,24649,26587
20261007T081316961946Z_a69655d2_s2,nca,nca / recipe 8ff5df4565 / IDs32,liberties,16,2,25,4.0,4,8,1144,0.4991382909258288,0.34689416154745234,0.0,46790,21762,25028
20261007T081316961946Z_a69655d2_s2,nca,nca / recipe 8ff5df4565 / IDs32,liberties,16,2,25,0.5,5,1,143,0.354371166465066,0.1927945543243443,0.0,60314,22950,37364
20261007T081316961946Z_a69655d2_s2,nca,nca / recipe 8ff5df4565 / IDs32,liberties,16,2,25,1.0,5,2,286,0.39245763709737846,0.23223788064625578,0.0,56756,27731,29025
20261007T081316961946Z_a69655d2_s2,nca,nca / recipe 8ff5df4565 / IDs32,liberties,16,2,25,2.0,5,4,572,0.45089328723278993,0.288699793114957,0.0,51297,24215,27082
20261007T081316961946Z_a69655d2_s2,nca,nca / recipe 8ff5df4565 / IDs32,liberties,16,2,25,4.0,5,8,1144,0.49989830762478726,0.3479448318210966,0.0,46719,23438,23281
20261007T081316961946Z_a69655d2_s2,nca,nca / recipe 8ff5df4565 / IDs32,liberties,16,2,25,0.5,6,1,143,0.35330072041019495,0.19308771045147397,0.0,60414,22971,37443
20261007T081316961946Z_a69655d2_s2,nca,nca / recipe 8ff5df4565 / IDs32,liberties,16,2,25,1.0,6,2,286,0.39100183046275383,0.23091434581511355,0.0,56892,28014,28878
20261007T081316961946Z_a69655d2_s2,nca,nca / recipe 8ff5df4565 / IDs32,liberties,16,2,25,2.0,6,4,572,0.45515366253117673,0.29384013409024745,0.0,50899,24527,26372
20261007T081316961946Z_a69655d2_s2,nca,nca / recipe 8ff5df4565 / IDs32,liberties,16,2,25,4.0,6,8,1144,0.5035378242113489,0.3515004819231,0.0,46379,21486,24893
20261007T081316961946Z_a69655d2_s2,nca,nca / recipe 8ff5df4565 / IDs32,liberties,16,2,25,0.5,7,1,143,0.3518877316177651,0.19325572578157693,0.0,60546,23366,37180
20261007T081316961946Z_a69655d2_s2,nca,nca / recipe 8ff5df4565 / IDs32,liberties,16,2,25,1.0,7,2,286,0.39240411479463494,0.2335305317498324,0.0,56761,28149,28612
20261007T081316961946Z_a69655d2_s2,nca,nca / recipe 8ff5df4565 / IDs32,liberties,16,2,25,2.0,7,4,572,0.4464402316445263,0.289156120381499,0.0,51713,25285,26428
20261007T081316961946Z_a69655d2_s2,nca,nca / recipe 8ff5df4565 / IDs32,liberties,16,2,25,4.0,7,8,1144,0.501129320587889,0.34847183351563626,0.0,46604,22209,24395
20261007T081316961946Z_a69655d2_s2,nca,nca / recipe 8ff5df4565 / IDs32,liberties,16,2,37,0.5,0,2,323,0.31726930616566745,0.19016675076151707,0.0,143142,74628,68514
20261007T081316961946Z_a69655d2_s2,nca,nca / recipe 8ff5df4565 / IDs32,liberties,16,2,37,1.0,0,3,646,0.40474861800716394,0.24114890232648753,0.0,124801,53460,71341
20261007T081316961946Z_a69655d2_s2,nca,nca / recipe 8ff5df4565 / IDs32,liberties,16,2,37,2.0,0,6,1292,0.42899251649090675,0.27799358558804826,0.0,119718,52377,67341
20261007T081316961946Z_a69655d2_s2,nca,nca / recipe 8ff5df4565 / IDs32,liberties,16,2,37,4.0,0,12,2584,0.47797158269778356,0.3338049020255165,0.0,109449,49494,59955
20261007T081316961946Z_a69655d2_s2,nca,nca / recipe 8ff5df4565 / IDs32,liberties,16,2,37,0.5,1,2,323,0.31885758438622347,0.19289653232604162,0.0,142809,75090,67719
20261007T081316961946Z_a69655d2_s2,nca,nca / recipe 8ff5df4565 / IDs32,liberties,16,2,37,1.0,1,3,646,0.4053591273532035,0.23994717517322184,0.0,124673,51176,73497
20261007T081316961946Z_a69655d2_s2,nca,nca / recipe 8ff5df4565 / IDs32,liberties,16,2,37,2.0,1,6,1292,0.4324314011666452,0.27997328324033155,0.0,118997,52496,66501
20261007T081316961946Z_a69655d2_s2,nca,nca / recipe 8ff5df4565 / IDs32,liberties,16,2,37,4.0,1,12,2584,0.4696009272110693,0.3319325388099396,0.0,111204,51451,59753
20261007T081316961946Z_a69655d2_s2,nca,nca / recipe 8ff5df4565 / IDs32,liberties,16,2,37,0.5,2,2,323,0.3166206399855004,0.19136398415500916,0.0,143278,74148,69130
20261007T081316961946Z_a69655d2_s2,nca,nca / recipe 8ff5df4565 / IDs32,liberties,16,2,37,1.0,2,3,646,0.4028073890709288,0.24034379934372413,0.0,125208,52295,72913
20261007T081316961946Z_a69655d2_s2,nca,nca / recipe 8ff5df4565 / IDs32,liberties,16,2,37,2.0,2,6,1292,0.4313200833726826,0.28183437448799337,0.0,119230,52823,66407
20261007T081316961946Z_a69655d2_s2,nca,nca / recipe 8ff5df4565 / IDs32,liberties,16,2,37,4.0,2,12,2584,0.47376479173522973,0.3322435679431016,0.0,110331,52266,58065
20261007T081316961946Z_a69655d2_s2,nca,nca / recipe 8ff5df4565 / IDs32,liberties,16,2,37,0.5,3,2,323,0.3166921840494894,0.19130094050755833,0.0,143263,76102,67161
20261007T081316961946Z_a69655d2_s2,nca,nca / recipe 8ff5df4565 / IDs32,liberties,16,2,37,1.0,3,3,646,0.4005275182318123,0.2378594071730285,0.0,125686,53453,72233
20261007T081316961946Z_a69655d2_s2,nca,nca / recipe 8ff5df4565 / IDs32,liberties,16,2,37,2.0,3,6,1292,0.42735177262342544,0.2784142301525022,0.0,120062,54774,65288
20261007T081316961946Z_a69655d2_s2,nca,nca / recipe 8ff5df4565 / IDs32,liberties,16,2,37,4.0,3,12,2584,0.46833221247633083,0.32993240864503987,0.0,111470,53107,58363
20261007T081316961946Z_a69655d2_s2,nca,nca / recipe 8ff5df4565 / IDs32,liberties,16,2,37,0.5,4,2,323,0.32066526440301246,0.19353046011404465,0.0,142430,72509,69921
20261007T081316961946Z_a69655d2_s2,nca,nca / recipe 8ff5df4565 / IDs32,liberties,16,2,37,1.0,4,3,646,0.402502134397909,0.23713131937905463,0.0,125272,53067,72205
20261007T081316961946Z_a69655d2_s2,nca,nca / recipe 8ff5df4565 / IDs32,liberties,16,2,37,2.0,4,6,1292,0.42999890299101884,0.28030185209275593,0.0,119507,53077,66430
20261007T081316961946Z_a69655d2_s2,nca,nca / recipe 8ff5df4565 / IDs32,liberties,16,2,37,4.0,4,12,2584,0.4707647106519572,0.3311215049188152,0.0,110960,53642,57318
20261007T081316961946Z_a69655d2_s2,nca,nca / recipe 8ff5df4565 / IDs32,liberties,16,2,37,0.5,5,2,323,0.31923438312323227,0.19219838987886717,0.0,142730,74516,68214
20261007T081316961946Z_a69655d2_s2,nca,nca / recipe 8ff5df4565 / IDs32,liberties,16,2,37,1.0,5,3,646,0.4048440100924826,0.24314097332239437,0.0,124781,54540,70241
20261007T081316961946Z_a69655d2_s2,nca,nca / recipe 8ff5df4565 / IDs32,liberties,16,2,37,2.0,5,6,1292,0.4300799862635397,0.2815337110779217,0.0,119490,53604,65886
20261007T081316961946Z_a69655d2_s2,nca,nca / recipe 8ff5df4565 / IDs32,liberties,16,2,37,4.0,5,12,2584,0.4738411054034847,0.33396397589210003,0.0,110315,50841,59474
20261007T081316961946Z_a69655d2_s2,nca,nca / recipe 8ff5df4565 / IDs32,liberties,16,2,37,0.5,6,2,323,0.31962549067303886,0.19235884771382614,0.0,142648,74575,68073
20261007T081316961946Z_a69655d2_s2,nca,nca / recipe 8ff5df4565 / IDs32,liberties,16,2,37,1.0,6,3,646,0.4030315604714277,0.23848046083047325,0.0,125161,52079,73082
20261007T081316961946Z_a69655d2_s2,nca,nca / recipe 8ff5df4565 / IDs32,liberties,16,2,37,2.0,6,6,1292,0.4283724679363353,0.27942503040745825,0.0,119848,56096,63752
20261007T081316961946Z_a69655d2_s2,nca,nca / recipe 8ff5df4565 / IDs32,liberties,16,2,37,4.0,6,12,2584,0.4727154787967242,0.3319710068517744,0.0,110551,53524,57027
20261007T081316961946Z_a69655d2_s2,nca,nca / recipe 8ff5df4565 / IDs32,liberties,16,2,37,0.5,7,2,323,0.31824230543591797,0.19193513472345003,0.0,142938,75670,67268
20261007T081316961946Z_a69655d2_s2,nca,nca / recipe 8ff5df4565 / IDs32,liberties,16,2,37,1.0,7,3,646,0.40499186782472657,0.2421013680950999,0.0,124750,53270,71480
20261007T081316961946Z_a69655d2_s2,nca,nca / recipe 8ff5df4565 / IDs32,liberties,16,2,37,2.0,7,6,1292,0.42702743953334193,0.27902046432153627,0.0,120130,54213,65917
20261007T081316961946Z_a69655d2_s2,nca,nca / recipe 8ff5df4565 / IDs32,liberties,16,2,37,4.0,7,12,2584,0.4678218648198759,0.32925939439440843,0.0,111577,53776,57801
20261007T085005942175Z_d22e51af_s0,nca,nca / recipe 32b3df1a04 / IDs32,race,3,0,9,0.5,0,5,5,0.3547824401589301,0.364796689611729,0.01953125,6658,,
20261007T085005942175Z_d22e51af_s0,nca,nca / recipe 32b3df1a04 / IDs32,race,3,0,9,1.0,0,9,10,0.44490745227250705,0.46222650268738813,0.171875,5728,,
20261007T085005942175Z_d22e51af_s0,nca,nca / recipe 32b3df1a04 / IDs32,race,3,0,9,2.0,0,18,20,0.7561779242174629,0.7653659741349249,0.46875,2516,,
20261007T085005942175Z_d22e51af_s0,nca,nca / recipe 32b3df1a04 / IDs32,race,3,0,9,4.0,0,36,40,0.931001065994767,0.9314203400316196,0.828125,712,,
20261007T085005942175Z_d22e51af_s0,nca,nca / recipe 32b3df1a04 / IDs32,race,3,0,9,0.5,1,5,5,0.35730206415350324,0.3675839713923401,0.0390625,6632,,
20261007T085005942175Z_d22e51af_s0,nca,nca / recipe 32b3df1a04 / IDs32,race,3,0,9,1.0,1,9,10,0.4479116193429596,0.46540765143554713,0.1796875,5697,,
20261007T085005942175Z_d22e51af_s0,nca,nca / recipe 32b3df1a04 / IDs32,race,3,0,9,2.0,1,18,20,0.7664502374261072,0.7750518169560013,0.46875,2410,,
20261007T085005942175Z_d22e51af_s0,nca,nca / recipe 32b3df1a04 / IDs32,race,3,0,9,4.0,1,36,40,0.9205349355557709,0.9208263708566923,0.828125,820,,
20261007T085005942175Z_d22e51af_s0,nca,nca / recipe 32b3df1a04 / IDs32,race,3,0,9,0.5,2,5,5,0.3570113383079756,0.3673024701041681,0.0234375,6635,,
20261007T085005942175Z_d22e51af_s0,nca,nca / recipe 32b3df1a04 / IDs32,race,3,0,9,1.0,2,9,10,0.4502374261071809,0.4679626069801934,0.1796875,5673,,
20261007T085005942175Z_d22e51af_s0,nca,nca / recipe 32b3df1a04 / IDs32,race,3,0,9,2.0,2,18,20,0.7625738928190716,0.7714049993855937,0.48046875,2450,,
20261007T085005942175Z_d22e51af_s0,nca,nca / recipe 32b3df1a04 / IDs32,race,3,0,9,4.0,2,36,40,0.9367186742901444,0.9362067794208485,0.8203125,653,,
20261007T085005942175Z_d22e51af_s0,nca,nca / recipe 32b3df1a04 / IDs32,race,3,0,9,0.5,3,5,5,0.35904641922666924,0.36945055078469274,0.02734375,6614,,
20261007T085005942175Z_d22e51af_s0,nca,nca / recipe 32b3df1a04 / IDs32,race,3,0,9,1.0,3,9,10,0.45014051749200507,0.4678415138694096,0.1875,5674,,
20261007T085005942175Z_d22e51af_s0,nca,nca / recipe 32b3df1a04 / IDs32,race,3,0,9,2.0,3,18,20,0.7624769842038958,0.7710290954560208,0.49609375,2451,,
20261007T085005942175Z_d22e51af_s0,nca,nca / recipe 32b3df1a04 / IDs32,race,3,0,9,4.0,3,36,40,0.9357495881383855,0.9358141195861026,0.82421875,663,,
20261007T085005942175Z_d22e51af_s0,nca,nca / recipe 32b3df1a04 / IDs32,race,3,0,9,0.5,4,5,5,0.3541040798526989,0.36418132244693796,0.03125,6665,,
20261007T085005942175Z_d22e51af_s0,nca,nca / recipe 32b3df1a04 / IDs32,race,3,0,9,1.0,4,9,10,0.44936524857059795,0.4670025895253305,0.1875,5682,,
20261007T085005942175Z_d22e51af_s0,nca,nca / recipe 32b3df1a04 / IDs32,race,3,0,9,2.0,4,18,20,0.7596666343637949,0.7687416585779229,0.4765625,2480,,
20261007T085005942175Z_d22e51af_s0,nca,nca / recipe 32b3df1a04 / IDs32,race,3,0,9,4.0,4,36,40,0.9295474367671286,0.9293737747103422,0.82421875,727,,
20261007T085005942175Z_d22e51af_s0,nca,nca / recipe 32b3df1a04 / IDs32,race,3,0,9,0.5,5,5,5,0.3570113383079756,0.3672108320743857,0.05078125,6635,,
20261007T085005942175Z_d22e51af_s0,nca,nca / recipe 32b3df1a04 / IDs32,race,3,0,9,1.0,5,9,10,0.4479116193429596,0.4654795694941238,0.17578125,5697,,
20261007T085005942175Z_d22e51af_s0,nca,nca / recipe 32b3df1a04 / IDs32,race,3,0,9,2.0,5,18,20,0.7599573602093226,0.7690371754410567,0.48046875,2477,,
20261007T085005942175Z_d22e51af_s0,nca,nca / recipe 32b3df1a04 / IDs32,race,3,0,9,4.0,5,36,40,0.9174338598701425,0.9172423450046252,0.8203125,852,,
20261007T085005942175Z_d22e51af_s0,nca,nca / recipe 32b3df1a04 / IDs32,race,3,0,9,0.5,6,5,5,0.3560422521562167,0.36611889547001736,0.046875,6645,,
20261007T085005942175Z_d22e51af_s0,nca,nca / recipe 32b3df1a04 / IDs32,race,3,0,9,1.0,6,9,10,0.44762089349743195,0.46510101715680857,0.171875,5700,,
20261007T085005942175Z_d22e51af_s0,nca,nca / recipe 32b3df1a04 / IDs32,race,3,0,9,2.0,6,18,20,0.7663533288109313,0.7753757725498174,0.48046875,2411,,
20261007T085005942175Z_d22e51af_s0,nca,nca / recipe 32b3df1a04 / IDs32,race,3,0,9,4.0,6,36,40,0.9282876247698421,0.9290427809772868,0.8203125,740,,
20261007T085005942175Z_d22e51af_s0,nca,nca / recipe 32b3df1a04 / IDs32,race,3,0,9,0.5,7,5,5,0.3560422521562167,0.36623885602660616,0.0234375,6645,,
20261007T085005942175Z_d22e51af_s0,nca,nca / recipe 32b3df1a04 / IDs32,race,3,0,9,1.0,7,9,10,0.4482023451884873,0.46575121079669285,0.1796875,5694,,
20261007T085005942175Z_d22e51af_s0,nca,nca / recipe 32b3df1a04 / IDs32,race,3,0,9,2.0,7,18,20,0.7653842426591724,0.7743544965740236,0.4765625,2421,,
20261007T085005942175Z_d22e51af_s0,nca,nca / recipe 32b3df1a04 / IDs32,race,3,0,9,4.0,7,36,40,0.9399166585909488,0.9394535087803736,0.84765625,620,,
20261007T085005942175Z_d22e51af_s0,nca,nca / recipe 32b3df1a04 / IDs32,race,3,0,13,0.5,0,7,7,0.3453900709219858,0.3738290381615261,0.03515625,10153,,
20261007T085005942175Z_d22e51af_s0,nca,nca / recipe 32b3df1a04 / IDs32,race,3,0,13,1.0,0,13,14,0.47453255963894264,0.499138109831486,0.14453125,8150,,
20261007T085005942175Z_d22e51af_s0,nca,nca / recipe 32b3df1a04 / IDs32,race,3,0,13,2.0,0,26,28,0.7711154094132817,0.7689455729302247,0.40625,3550,,
20261007T085005942175Z_d22e51af_s0,nca,nca / recipe 32b3df1a04 / IDs32,race,3,0,13,4.0,0,52,56,0.8369439071566731,0.8287767802052142,0.67578125,2529,,
20261007T085005942175Z_d22e51af_s0,nca,nca / recipe 32b3df1a04 / IDs32,race,3,0,13,0.5,1,7,7,0.3430689877498388,0.3713132840221012,0.046875,10189,,
20261007T085005942175Z_d22e51af_s0,nca,nca / recipe 32b3df1a04 / IDs32,race,3,0,13,1.0,1,13,14,0.4747259832366215,0.4995912758318271,0.13671875,8147,,
20261007T085005942175Z_d22e51af_s0,nca,nca / recipe 32b3df1a04 / IDs32,race,3,0,13,2.0,1,26,28,0.7684719535783365,0.7661480623905833,0.3984375,3591,,
20261007T085005942175Z_d22e51af_s0,nca,nca / recipe 32b3df1a04 / IDs32,race,3,0,13,4.0,1,52,56,0.8379754996776273,0.8297284366435091,0.6640625,2513,,
20261007T085005942175Z_d22e51af_s0,nca,nca / recipe 32b3df1a04 / IDs32,race,3,0,13,0.5,2,7,7,0.3488716956802063,0.37741208268328325,0.0703125,10099,,
20261007T085005942175Z_d22e51af_s0,nca,nca / recipe 32b3df1a04 / IDs32,race,3,0,13,1.0,2,13,14,0.47440361057382335,0.49884138401406286,0.140625,8152,,
20261007T085005942175Z_d22e51af_s0,nca,nca / recipe 32b3df1a04 / IDs32,race,3,0,13,2.0,2,26,28,0.7689877498388137,0.7664470436340401,0.39453125,3583,,
20261007T085005942175Z_d22e51af_s0,nca,nca / recipe 32b3df1a04 / IDs32,race,3,0,13,4.0,2,52,56,0.8415860735009671,0.8334108688895165,0.67578125,2457,,
20261007T085005942175Z_d22e51af_s0,nca,nca / recipe 32b3df1a04 / IDs32,race,3,0,13,0.5,3,7,7,0.3466795615731786,0.37518559611601193,0.05078125,10133,,
20261007T085005942175Z_d22e51af_s0,nca,nca / recipe 32b3df1a04 / IDs32,race,3,0,13,1.0,3,13,14,0.47440361057382335,0.4991464541424621,0.16015625,8152,,
20261007T085005942175Z_d22e51af_s0,nca,nca / recipe 32b3df1a04 / IDs32,race,3,0,13,2.0,3,26,28,0.7644100580270793,0.7614126852072819,0.390625,3654,,
20261007T085005942175Z_d22e51af_s0,nca,nca / recipe 32b3df1a04 / IDs32,race,3,0,13,4.0,3,52,56,0.834107027724049,0.8254488694757077,0.66015625,2573,,
20261007T085005942175Z_d22e51af_s0,nca,nca / recipe 32b3df1a04 / IDs32,race,3,0,13,0.5,4,7,7,0.345003223726628,0.37338433093353646,0.05859375,10159,,
20261007T085005942175Z_d22e51af_s0,nca,nca / recipe 32b3df1a04 / IDs32,race,3,0,13,1.0,4,13,14,0.47588652482269506,0.500591052156231,0.12890625,8129,,
20261007T085005942175Z_d22e51af_s0,nca,nca / recipe 32b3df1a04 / IDs32,race,3,0,13,2.0,4,26,28,0.7661508704061896,0.7640876057217444,0.38671875,3627,,
20261007T085005942175Z_d22e51af_s0,nca,nca / recipe 32b3df1a04 / IDs32,race,3,0,13,4.0,4,52,56,0.8322372662798194,0.8238658646985537,0.671875,2602,,
20261007T085005942175Z_d22e51af_s0,nca,nca / recipe 32b3df1a04 / IDs32,race,3,0,13,0.5,5,7,7,0.3475177304964539,0.37594431553937296,0.0625,10120,,
20261007T085005942175Z_d22e51af_s0,nca,nca / recipe 32b3df1a04 / IDs32,race,3,0,13,1.0,5,13,14,0.4763378465506125,0.5008990197852866,0.14453125,8122,,
20261007T085005942175Z_d22e51af_s0,nca,nca / recipe 32b3df1a04 / IDs32,race,3,0,13,2.0,5,26,28,0.7696969696969697,0.7674199429786087,0.38671875,3572,,
20261007T085005942175Z_d22e51af_s0,nca,nca / recipe 32b3df1a04 / IDs32,race,3,0,13,4.0,5,52,56,0.8422952933591231,0.8347330300841892,0.66015625,2446,,
20261007T085005942175Z_d22e51af_s0,nca,nca / recipe 32b3df1a04 / IDs32,race,3,0,13,0.5,6,7,7,0.34958091553836235,0.3780680138312371,0.05859375,10088,,
20261007T085005942175Z_d22e51af_s0,nca,nca / recipe 32b3df1a04 / IDs32,race,3,0,13,1.0,6,13,14,0.4762088974854932,0.5006049379830225,0.15625,8124,,
20261007T085005942175Z_d22e51af_s0,nca,nca / recipe 32b3df1a04 / IDs32,race,3,0,13,2.0,6,26,28,0.7694390715667312,0.7667764461201583,0.39453125,3576,,
20261007T085005942175Z_d22e51af_s0,nca,nca / recipe 32b3df1a04 / IDs32,race,3,0,13,4.0,6,52,56,0.8341715022566086,0.8256314593527567,0.671875,2572,,
20261007T085005942175Z_d22e51af_s0,nca,nca / recipe 32b3df1a04 / IDs32,race,3,0,13,0.5,7,7,7,0.34732430689877497,0.37584994817798306,0.0390625,10123,,
20261007T085005942175Z_d22e51af_s0,nca,nca / recipe 32b3df1a04 / IDs32,race,3,0,13,1.0,7,13,14,0.47375886524822697,0.49827201771173035,0.140625,8162,,
20261007T085005942175Z_d22e51af_s0,nca,nca / recipe 32b3df1a04 / IDs32,race,3,0,13,2.0,7,26,28,0.7615087040618955,0.7588910530032112,0.3828125,3699,,
20261007T085005942175Z_d22e51af_s0,nca,nca / recipe 32b3df1a04 / IDs32,race,3,0,13,4.0,7,52,56,0.8281753707285622,0.8200172863199934,0.66796875,2665,,
20261007T085005942175Z_d22e51af_s0,nca,nca / recipe 32b3df1a04 / IDs32,race,3,0,19,0.5,0,10,10,0.35139912904755743,0.3805946158206555,0.078125,15043,,
20261007T085005942175Z_d22e51af_s0,nca,nca / recipe 32b3df1a04 / IDs32,race,3,0,19,1.0,0,20,20,0.5557280213857629,0.5560511989141433,0.02734375,10304,,
20261007T085005942175Z_d22e51af_s0,nca,nca / recipe 32b3df1a04 / IDs32,race,3,0,19,2.0,0,40,40,0.6681757426809813,0.6497308279888959,0.27734375,7696,,
20261007T085005942175Z_d22e51af_s0,nca,nca / recipe 32b3df1a04 / IDs32,race,3,0,19,4.0,0,80,80,0.7281076186780494,0.7051902317374293,0.5,6306,,
20261007T085005942175Z_d22e51af_s0,nca,nca / recipe 32b3df1a04 / IDs32,race,3,0,19,0.5,1,10,10,0.35467597982149784,0.3836759456559971,0.08203125,14967,,
20261007T085005942175Z_d22e51af_s0,nca,nca / recipe 32b3df1a04 / IDs32,race,3,0,19,1.0,1,20,20,0.550898978139956,0.5516975368783198,0.02734375,10416,,
20261007T085005942175Z_d22e51af_s0,nca,nca / recipe 32b3df1a04 / IDs32,race,3,0,19,2.0,1,40,40,0.6689518389169146,0.6512462870356286,0.2734375,7678,,
20261007T085005942175Z_d22e51af_s0,nca,nca / recipe 32b3df1a04 / IDs32,race,3,0,19,4.0,1,80,80,0.7331953606691675,0.710987750742385,0.50390625,6188,,
20261007T085005942175Z_d22e51af_s0,nca,nca / recipe 32b3df1a04 / IDs32,race,3,0,19,0.5,2,10,10,0.35377053421290905,0.3827693787140503,0.08203125,14988,,
20261007T085005942175Z_d22e51af_s0,nca,nca / recipe 32b3df1a04 / IDs32,race,3,0,19,1.0,2,20,20,0.5587461734143923,0.5592514830703733,0.03515625,10234,,
20261007T085005942175Z_d22e51af_s0,nca,nca / recipe 32b3df1a04 / IDs32,race,3,0,19,2.0,2,40,40,0.6677445781054628,0.6505030602774156,0.26171875,7706,,
20261007T085005942175Z_d22e51af_s0,nca,nca / recipe 32b3df1a04 / IDs32,race,3,0,19,4.0,2,80,80,0.7349631354287932,0.7125218924805719,0.4921875,6147,,
20261007T085005942175Z_d22e51af_s0,nca,nca / recipe 32b3df1a04 / IDs32,race,3,0,19,0.5,3,10,10,0.3548915621092571,0.38398812325831155,0.078125,14962,,
20261007T085005942175Z_d22e51af_s0,nca,nca / recipe 32b3df1a04 / IDs32,race,3,0,19,1.0,3,20,20,0.5595653861078774,0.5603822641812654,0.03515625,10215,,
20261007T085005942175Z_d22e51af_s0,nca,nca / recipe 32b3df1a04 / IDs32,race,3,0,19,2.0,3,40,40,0.6675721122752555,0.6501660753608692,0.26953125,7710,,
20261007T085005942175Z_d22e51af_s0,nca,nca / recipe 32b3df1a04 / IDs32,race,3,0,19,4.0,3,80,80,0.7292717630319493,0.706931273150403,0.4921875,6279,,
20261007T085005942175Z_d22e51af_s0,nca,nca / recipe 32b3df1a04 / IDs32,race,3,0,19,0.5,4,10,10,0.35523649376967187,0.38442271604960937,0.07421875,14954,,
20261007T085005942175Z_d22e51af_s0,nca,nca / recipe 32b3df1a04 / IDs32,race,3,0,19,1.0,4,20,20,0.5554262061829001,0.5565897109453036,0.02734375,10311,,
20261007T085005942175Z_d22e51af_s0,nca,nca / recipe 32b3df1a04 / IDs32,race,3,0,19,2.0,4,40,40,0.6663217350062519,0.648310026734941,0.2578125,7739,,
20261007T085005942175Z_d22e51af_s0,nca,nca / recipe 32b3df1a04 / IDs32,race,3,0,19,4.0,4,80,80,0.7426809813305739,0.7202563365960524,0.515625,5968,,
20261007T085005942175Z_d22e51af_s0,nca,nca / recipe 32b3df1a04 / IDs32,race,3,0,19,0.5,5,10,10,0.35821152934074935,0.3870223973050517,0.08203125,14885,,
20261007T085005942175Z_d22e51af_s0,nca,nca / recipe 32b3df1a04 / IDs32,race,3,0,19,1.0,5,20,20,0.5585305911266331,0.5591817102395726,0.02734375,10239,,
20261007T085005942175Z_d22e51af_s0,nca,nca / recipe 32b3df1a04 / IDs32,race,3,0,19,2.0,5,40,40,0.6643383779588669,0.6461942564445741,0.26953125,7785,,
20261007T085005942175Z_d22e51af_s0,nca,nca / recipe 32b3df1a04 / IDs32,race,3,0,19,4.0,5,80,80,0.7347044366834821,0.7123005574492581,0.49609375,6153,,
20261007T085005942175Z_d22e51af_s0,nca,nca / recipe 32b3df1a04 / IDs32,race,3,0,19,0.5,6,10,10,0.35273573923166474,0.38158359745461,0.08203125,15012,,
20261007T085005942175Z_d22e51af_s0,nca,nca / recipe 32b3df1a04 / IDs32,race,3,0,19,1.0,6,20,20,0.5530979174751003,0.5531521332304735,0.03515625,10365,,
20261007T085005942175Z_d22e51af_s0,nca,nca / recipe 32b3df1a04 / IDs32,race,3,0,19,2.0,6,40,40,0.6711507782520588,0.6530091390724976,0.2734375,7627,,
20261007T085005942175Z_d22e51af_s0,nca,nca / recipe 32b3df1a04 / IDs32,race,3,0,19,4.0,6,80,80,0.733885223989997,0.7108059916395105,0.4921875,6172,,
20261007T085005942175Z_d22e51af_s0,nca,nca / recipe 32b3df1a04 / IDs32,race,3,0,19,0.5,7,10,10,0.3538567671280128,0.38291073010139537,0.0703125,14986,,
20261007T085005942175Z_d22e51af_s0,nca,nca / recipe 32b3df1a04 / IDs32,race,3,0,19,1.0,7,20,20,0.5487000388048118,0.5489205769690355,0.03515625,10467,,
20261007T085005942175Z_d22e51af_s0,nca,nca / recipe 32b3df1a04 / IDs32,race,3,0,19,2.0,7,40,40,0.6608890613547191,0.642466794218857,0.28125,7865,,
20261007T085005942175Z_d22e51af_s0,nca,nca / recipe 32b3df1a04 / IDs32,race,3,0,19,4.0,7,80,80,0.7260811451731126,0.7031621001071557,0.484375,6353,,
20261007T085005942175Z_d22e51af_s0,nca,nca / recipe 32b3df1a04 / IDs32,race,3,0,25,0.5,0,13,13,0.37337998963193364,0.4139213025544797,0.0625,19340,,
20261007T085005942175Z_d22e51af_s0,nca,nca / recipe 32b3df1a04 / IDs32,race,3,0,25,1.0,0,25,26,0.5787325038880249,0.5526287812337073,0.05859375,13002,,
20261007T085005942175Z_d22e51af_s0,nca,nca / recipe 32b3df1a04 / IDs32,race,3,0,25,2.0,0,50,52,0.682445567651633,0.6312444861839,0.27734375,9801,,
20261007T085005942175Z_d22e51af_s0,nca,nca / recipe 32b3df1a04 / IDs32,race,3,0,25,4.0,0,100,104,0.7336702954898912,0.6731503634679857,0.49609375,8220,,
20261007T085005942175Z_d22e51af_s0,nca,nca / recipe 32b3df1a04 / IDs32,race,3,0,25,0.5,1,13,13,0.37817522032141004,0.41878916357866225,0.0703125,19192,,
20261007T085005942175Z_d22e51af_s0,nca,nca / recipe 32b3df1a04 / IDs32,race,3,0,25,1.0,1,25,26,0.5807089165370658,0.5529391388033914,0.05078125,12941,,
20261007T085005942175Z_d22e51af_s0,nca,nca / recipe 32b3df1a04 / IDs32,race,3,0,25,2.0,1,50,52,0.6798535510627268,0.626744004661266,0.2890625,9881,,
20261007T085005942175Z_d22e51af_s0,nca,nca / recipe 32b3df1a04 / IDs32,race,3,0,25,4.0,1,100,104,0.7327954898911353,0.6707251024374156,0.50390625,8247,,
20261007T085005942175Z_d22e51af_s0,nca,nca / recipe 32b3df1a04 / IDs32,race,3,0,25,0.5,2,13,13,0.37723561430793157,0.4178541794800867,0.05859375,19221,,
20261007T085005942175Z_d22e51af_s0,nca,nca / recipe 32b3df1a04 / IDs32,race,3,0,25,1.0,2,25,26,0.5792509072058061,0.5517421129462498,0.05078125,12986,,
20261007T085005942175Z_d22e51af_s0,nca,nca / recipe 32b3df1a04 / IDs32,race,3,0,25,2.0,2,50,52,0.6759655261793676,0.623013735394752,0.29296875,10001,,
20261007T085005942175Z_d22e51af_s0,nca,nca / recipe 32b3df1a04 / IDs32,race,3,0,25,4.0,2,100,104,0.7270930533955418,0.6658792941641408,0.5078125,8423,,
20261007T085005942175Z_d22e51af_s0,nca,nca / recipe 32b3df1a04 / IDs32,race,3,0,25,0.5,3,13,13,0.3760368066355625,0.41693867830525333,0.0546875,19258,,
20261007T085005942175Z_d22e51af_s0,nca,nca / recipe 32b3df1a04 / IDs32,race,3,0,25,1.0,3,25,26,0.578538102643857,0.5513766832709828,0.06640625,13008,,
20261007T085005942175Z_d22e51af_s0,nca,nca / recipe 32b3df1a04 / IDs32,race,3,0,25,2.0,3,50,52,0.6780391394504924,0.6247420198947246,0.3046875,9937,,
20261007T085005942175Z_d22e51af_s0,nca,nca / recipe 32b3df1a04 / IDs32,race,3,0,25,4.0,3,100,104,0.7331194919647486,0.6708673278890753,0.515625,8237,,
20261007T085005942175Z_d22e51af_s0,nca,nca / recipe 32b3df1a04 / IDs32,race,3,0,25,0.5,4,13,13,0.3770412130637636,0.4167850704303842,0.05859375,19227,,
20261007T085005942175Z_d22e51af_s0,nca,nca / recipe 32b3df1a04 / IDs32,race,3,0,25,1.0,4,25,26,0.5801905132192846,0.5518799853375361,0.05859375,12957,,
20261007T085005942175Z_d22e51af_s0,nca,nca / recipe 32b3df1a04 / IDs32,race,3,0,25,2.0,4,50,52,0.6792379471228616,0.6246369998969575,0.30859375,9900,,
20261007T085005942175Z_d22e51af_s0,nca,nca / recipe 32b3df1a04 / IDs32,race,3,0,25,4.0,4,100,104,0.7336702954898912,0.6707418728407961,0.5,8220,,
20261007T085005942175Z_d22e51af_s0,nca,nca / recipe 32b3df1a04 / IDs32,race,3,0,25,0.5,5,13,13,0.3759720062208398,0.416601953626163,0.05859375,19260,,
20261007T085005942175Z_d22e51af_s0,nca,nca / recipe 32b3df1a04 / IDs32,race,3,0,25,1.0,5,25,26,0.5803525142560912,0.5522462005464991,0.06640625,12952,,
20261007T085005942175Z_d22e51af_s0,nca,nca / recipe 32b3df1a04 / IDs32,race,3,0,25,2.0,5,50,52,0.6789463452566097,0.6273925107908552,0.296875,9909,,
20261007T085005942175Z_d22e51af_s0,nca,nca / recipe 32b3df1a04 / IDs32,race,3,0,25,4.0,5,100,104,0.7308190772420944,0.6692009902676315,0.515625,8308,,
20261007T085005942175Z_d22e51af_s0,nca,nca / recipe 32b3df1a04 / IDs32,race,3,0,25,0.5,6,13,13,0.3784344219803007,0.4189202216249866,0.06640625,19184,,
20261007T085005942175Z_d22e51af_s0,nca,nca / recipe 32b3df1a04 / IDs32,race,3,0,25,1.0,6,25,26,0.5835601347848626,0.5546702186167539,0.0546875,12853,,
20261007T085005942175Z_d22e51af_s0,nca,nca / recipe 32b3df1a04 / IDs32,race,3,0,25,2.0,6,50,52,0.684033177812338,0.6309738573155145,0.26953125,9752,,
20261007T085005942175Z_d22e51af_s0,nca,nca / recipe 32b3df1a04 / IDs32,race,3,0,25,4.0,6,100,104,0.7372019180922758,0.6755907643557039,0.51171875,8111,,
20261007T085005942175Z_d22e51af_s0,nca,nca / recipe 32b3df1a04 / IDs32,race,3,0,25,0.5,7,13,13,0.3764256091238984,0.41787130024909874,0.0625,19246,,
20261007T085005942175Z_d22e51af_s0,nca,nca / recipe 32b3df1a04 / IDs32,race,3,0,25,1.0,7,25,26,0.5766588906168999,0.548143481122154,0.046875,13066,,
20261007T085005942175Z_d22e51af_s0,nca,nca / recipe 32b3df1a04 / IDs32,race,3,0,25,2.0,7,50,52,0.6730171073094868,0.618571512842573,0.296875,10092,,
20261007T085005942175Z_d22e51af_s0,nca,nca / recipe 32b3df1a04 / IDs32,race,3,0,25,4.0,7,100,104,0.7240150336962157,0.6608034271920779,0.51171875,8518,,
20261007T085005942175Z_d22e51af_s0,nca,nca / recipe 32b3df1a04 / IDs32,race,3,0,37,0.5,0,19,19,0.43965740981053725,0.43745323766370214,0.0,25908,,
20261007T085005942175Z_d22e51af_s0,nca,nca / recipe 32b3df1a04 / IDs32,race,3,0,37,1.0,0,38,38,0.5032442252790034,0.49636051565092326,0.078125,22968,,
20261007T085005942175Z_d22e51af_s0,nca,nca / recipe 32b3df1a04 / IDs32,race,3,0,37,2.0,0,76,76,0.56408426334458,0.5499215132166696,0.2265625,20155,,
20261007T085005942175Z_d22e51af_s0,nca,nca / recipe 32b3df1a04 / IDs32,race,3,0,37,4.0,0,152,152,0.5996842287395103,0.5810163603342351,0.35546875,18509,,
20261007T085005942175Z_d22e51af_s0,nca,nca / recipe 32b3df1a04 / IDs32,race,3,0,37,0.5,1,19,19,0.4377757591487153,0.43623780294213327,0.0,25995,,
20261007T085005942175Z_d22e51af_s0,nca,nca / recipe 32b3df1a04 / IDs32,race,3,0,37,1.0,1,38,38,0.49974046197767974,0.49368569669546775,0.07421875,23130,,
20261007T085005942175Z_d22e51af_s0,nca,nca / recipe 32b3df1a04 / IDs32,race,3,0,37,2.0,1,76,76,0.5662687083657756,0.5527750263987249,0.2109375,20054,,
20261007T085005942175Z_d22e51af_s0,nca,nca / recipe 32b3df1a04 / IDs32,race,3,0,37,4.0,1,152,152,0.5995544597283502,0.5814882597040266,0.34765625,18515,,
20261007T085005942175Z_d22e51af_s0,nca,nca / recipe 32b3df1a04 / IDs32,race,3,0,37,0.5,2,19,19,0.4399602041699109,0.4375852100207995,0.0,25894,,
20261007T085005942175Z_d22e51af_s0,nca,nca / recipe 32b3df1a04 / IDs32,race,3,0,37,1.0,2,38,38,0.5028765464140497,0.49506049290384285,0.078125,22985,,
20261007T085005942175Z_d22e51af_s0,nca,nca / recipe 32b3df1a04 / IDs32,race,3,0,37,2.0,2,76,76,0.5639112379963664,0.548177167173329,0.21484375,20163,,
20261007T085005942175Z_d22e51af_s0,nca,nca / recipe 32b3df1a04 / IDs32,race,3,0,37,4.0,2,152,152,0.5949476598321655,0.5757908485641643,0.34765625,18728,,
20261007T085005942175Z_d22e51af_s0,nca,nca / recipe 32b3df1a04 / IDs32,race,3,0,37,0.5,3,19,19,0.437797387317242,0.43622059716626005,0.0,25994,,
20261007T085005942175Z_d22e51af_s0,nca,nca / recipe 32b3df1a04 / IDs32,race,3,0,37,1.0,3,38,38,0.5005623323816939,0.4937443040189478,0.078125,23092,,
20261007T085005942175Z_d22e51af_s0,nca,nca / recipe 32b3df1a04 / IDs32,race,3,0,37,2.0,3,76,76,0.5631975084349857,0.5487810237430569,0.19140625,20196,,
20261007T085005942175Z_d22e51af_s0,nca,nca / recipe 32b3df1a04 / IDs32,race,3,0,37,4.0,3,152,152,0.6003763301323644,0.5805380264963598,0.3359375,18477,,
20261007T085005942175Z_d22e51af_s0,nca,nca / recipe 32b3df1a04 / IDs32,race,3,0,37,0.5,4,19,19,0.4402846266978112,0.43804378554161333,0.0,25879,,
20261007T085005942175Z_d22e51af_s0,nca,nca / recipe 32b3df1a04 / IDs32,race,3,0,37,1.0,4,38,38,0.5031793407734233,0.49570748800164693,0.07421875,22971,,
20261007T085005942175Z_d22e51af_s0,nca,nca / recipe 32b3df1a04 / IDs32,race,3,0,37,2.0,4,76,76,0.5664849900510425,0.5520321244723839,0.21484375,20044,,
20261007T085005942175Z_d22e51af_s0,nca,nca / recipe 32b3df1a04 / IDs32,race,3,0,37,4.0,4,152,152,0.5980621161000087,0.5802013974504581,0.33984375,18584,,
20261007T085005942175Z_d22e51af_s0,nca,nca / recipe 32b3df1a04 / IDs32,race,3,0,37,0.5,5,19,19,0.44162557314646594,0.4393432542764222,0.0,25817,,
20261007T085005942175Z_d22e51af_s0,nca,nca / recipe 32b3df1a04 / IDs32,race,3,0,37,1.0,5,38,38,0.5023790985379358,0.49601227846567686,0.07421875,23008,,
20261007T085005942175Z_d22e51af_s0,nca,nca / recipe 32b3df1a04 / IDs32,race,3,0,37,2.0,5,76,76,0.5687343195778182,0.5554529462294897,0.203125,19940,,
20261007T085005942175Z_d22e51af_s0,nca,nca / recipe 32b3df1a04 / IDs32,race,3,0,37,4.0,5,152,152,0.5962453499437668,0.5796298591677042,0.3359375,18668,,
20261007T085005942175Z_d22e51af_s0,nca,nca / recipe 32b3df1a04 / IDs32,race,3,0,37,0.5,6,19,19,0.4367376070594342,0.4342589841567193,0.0,26043,,
20261007T085005942175Z_d22e51af_s0,nca,nca / recipe 32b3df1a04 / IDs32,race,3,0,37,1.0,6,38,38,0.5026602647287828,0.495417242729115,0.0703125,22995,,
20261007T085005942175Z_d22e51af_s0,nca,nca / recipe 32b3df1a04 / IDs32,race,3,0,37,2.0,6,76,76,0.5660956830175621,0.5513810599317069,0.203125,20062,,
20261007T085005942175Z_d22e51af_s0,nca,nca / recipe 32b3df1a04 / IDs32,race,3,0,37,4.0,6,152,152,0.6030365948611471,0.5844086555661169,0.3515625,18354,,
20261007T085005942175Z_d22e51af_s0,nca,nca / recipe 32b3df1a04 / IDs32,race,3,0,37,0.5,7,19,19,0.4365213253741673,0.43464921524400174,0.0,26053,,
20261007T085005942175Z_d22e51af_s0,nca,nca / recipe 32b3df1a04 / IDs32,race,3,0,37,1.0,7,38,38,0.4987671943939787,0.49191493388613733,0.078125,23175,,
20261007T085005942175Z_d22e51af_s0,nca,nca / recipe 32b3df1a04 / IDs32,race,3,0,37,2.0,7,76,76,0.5652521844450212,0.5504601492523465,0.1875,20101,,
20261007T085005942175Z_d22e51af_s0,nca,nca / recipe 32b3df1a04 / IDs32,race,3,0,37,4.0,7,152,152,0.5973051302015745,0.5798323078995882,0.3515625,18619,,
20261007T085005975903Z_b1160dba_s2,nca,nca / recipe 32b3df1a04 / IDs32,race,3,2,9,0.5,0,5,5,0.48027909681170655,0.4731790943676935,0.01171875,5363,,
20261007T085005975903Z_b1160dba_s2,nca,nca / recipe 32b3df1a04 / IDs32,race,3,2,9,1.0,0,9,10,0.6857253609845916,0.6790972138212891,0.171875,3243,,
20261007T085005975903Z_b1160dba_s2,nca,nca / recipe 32b3df1a04 / IDs32,race,3,2,9,2.0,0,18,20,0.9725748619052234,0.972190379758603,0.859375,283,,
20261007T085005975903Z_b1160dba_s2,nca,nca / recipe 32b3df1a04 / IDs32,race,3,2,9,4.0,0,36,40,0.9959298381626126,0.9962729115670292,0.9921875,42,,
20261007T085005975903Z_b1160dba_s2,nca,nca / recipe 32b3df1a04 / IDs32,race,3,2,9,0.5,1,5,5,0.4826049035759279,0.47575985757914196,0.0078125,5339,,
20261007T085005975903Z_b1160dba_s2,nca,nca / recipe 32b3df1a04 / IDs32,race,3,2,9,1.0,1,9,10,0.6962884000387635,0.6898442633918679,0.171875,3134,,
20261007T085005975903Z_b1160dba_s2,nca,nca / recipe 32b3df1a04 / IDs32,race,3,2,9,2.0,1,18,20,0.9680201569919565,0.96787570555915,0.83984375,330,,
20261007T085005975903Z_b1160dba_s2,nca,nca / recipe 32b3df1a04 / IDs32,race,3,2,9,4.0,1,36,40,0.9959298381626126,0.9962729115670292,0.9921875,42,,
20261007T085005975903Z_b1160dba_s2,nca,nca / recipe 32b3df1a04 / IDs32,race,3,2,9,0.5,2,5,5,0.4853183448008528,0.47864897037729054,0.01171875,5311,,
20261007T085005975903Z_b1160dba_s2,nca,nca / recipe 32b3df1a04 / IDs32,race,3,2,9,1.0,2,9,10,0.6953193138870045,0.6893716656967112,0.171875,3144,,
20261007T085005975903Z_b1160dba_s2,nca,nca / recipe 32b3df1a04 / IDs32,race,3,2,9,2.0,2,18,20,0.9628840003876344,0.9627988050425892,0.828125,383,,
20261007T085005975903Z_b1160dba_s2,nca,nca / recipe 32b3df1a04 / IDs32,race,3,2,9,4.0,2,36,40,0.9947669347805019,0.995003070297188,0.9921875,54,,
20261007T085005975903Z_b1160dba_s2,nca,nca / recipe 32b3df1a04 / IDs32,race,3,2,9,0.5,3,5,5,0.4811512743482896,0.4743373695102015,0.0078125,5354,,
20261007T085005975903Z_b1160dba_s2,nca,nca / recipe 32b3df1a04 / IDs32,race,3,2,9,1.0,3,9,10,0.6918306037406725,0.6851460903856296,0.171875,3180,,
20261007T085005975903Z_b1160dba_s2,nca,nca / recipe 32b3df1a04 / IDs32,race,3,2,9,2.0,3,18,20,0.9621087314662273,0.9622506505465874,0.84765625,391,,
20261007T085005975903Z_b1160dba_s2,nca,nca / recipe 32b3df1a04 / IDs32,race,3,2,9,4.0,3,36,40,0.9964143812384921,0.9967145296557062,0.9921875,37,,
20261007T085005975903Z_b1160dba_s2,nca,nca / recipe 32b3df1a04 / IDs32,race,3,2,9,0.5,4,5,5,0.4860936137222599,0.4791793370083243,0.01171875,5303,,
20261007T085005975903Z_b1160dba_s2,nca,nca / recipe 32b3df1a04 / IDs32,race,3,2,9,1.0,4,9,10,0.6938656846593663,0.6874319194877109,0.1953125,3159,,
20261007T085005975903Z_b1160dba_s2,nca,nca / recipe 32b3df1a04 / IDs32,race,3,2,9,2.0,4,18,20,0.9665665277643183,0.9664271184465242,0.83984375,345,,
20261007T085005975903Z_b1160dba_s2,nca,nca / recipe 32b3df1a04 / IDs32,race,3,2,9,4.0,4,36,40,0.9960267467777886,0.9963787316728494,0.99609375,41,,
20261007T085005975903Z_b1160dba_s2,nca,nca / recipe 32b3df1a04 / IDs32,race,3,2,9,0.5,5,5,5,0.48483380172497337,0.4778768511212417,0.00390625,5316,,
20261007T085005975903Z_b1160dba_s2,nca,nca / recipe 32b3df1a04 / IDs32,race,3,2,9,1.0,5,9,10,0.6945440449655974,0.6881122428848322,0.17578125,3152,,
20261007T085005975903Z_b1160dba_s2,nca,nca / recipe 32b3df1a04 / IDs32,race,3,2,9,2.0,5,18,20,0.972865587750751,0.9727086126237127,0.85546875,280,,
20261007T085005975903Z_b1160dba_s2,nca,nca / recipe 32b3df1a04 / IDs32,race,3,2,9,4.0,5,36,40,0.9926349452466324,0.9926750279691458,0.9921875,76,,
20261007T085005975903Z_b1160dba_s2,nca,nca / recipe 32b3df1a04 / IDs32,race,3,2,9,0.5,6,5,5,0.48221726911522433,0.4754078205382026,0.0078125,5343,,
20261007T085005975903Z_b1160dba_s2,nca,nca / recipe 32b3df1a04 / IDs32,race,3,2,9,1.0,6,9,10,0.69754821203605,0.6917377656613558,0.1796875,3121,,
20261007T085005975903Z_b1160dba_s2,nca,nca / recipe 32b3df1a04 / IDs32,race,3,2,9,2.0,6,18,20,0.9729624963659269,0.9727663902315206,0.8515625,279,,
20261007T085005975903Z_b1160dba_s2,nca,nca / recipe 32b3df1a04 / IDs32,race,3,2,9,4.0,6,36,40,0.9960267467777886,0.9963787316728494,0.99609375,41,,
20261007T085005975903Z_b1160dba_s2,nca,nca / recipe 32b3df1a04 / IDs32,race,3,2,9,0.5,7,5,5,0.4861905223374358,0.4793001387422248,0.0078125,5302,,
20261007T085005975903Z_b1160dba_s2,nca,nca / recipe 32b3df1a04 / IDs32,race,3,2,9,1.0,7,9,10,0.6990987498788642,0.6932804727104301,0.1640625,3105,,
20261007T085005975903Z_b1160dba_s2,nca,nca / recipe 32b3df1a04 / IDs32,race,3,2,9,2.0,7,18,20,0.9719934102141681,0.9721007484136653,0.84375,289,,
20261007T085005975903Z_b1160dba_s2,nca,nca / recipe 32b3df1a04 / IDs32,race,3,2,9,4.0,7,36,40,0.9960267467777886,0.9963787316728494,0.99609375,41,,
20261007T085005975903Z_b1160dba_s2,nca,nca / recipe 32b3df1a04 / IDs32,race,3,2,13,0.5,0,7,7,0.4570599613152805,0.46532584349501943,0.0078125,8421,,
20261007T085005975903Z_b1160dba_s2,nca,nca / recipe 32b3df1a04 / IDs32,race,3,2,13,1.0,0,13,14,0.7054158607350097,0.7057164731044097,0.2421875,4569,,
20261007T085005975903Z_b1160dba_s2,nca,nca / recipe 32b3df1a04 / IDs32,race,3,2,13,2.0,0,26,28,0.961444229529336,0.9610605903401229,0.8046875,598,,
20261007T085005975903Z_b1160dba_s2,nca,nca / recipe 32b3df1a04 / IDs32,race,3,2,13,4.0,0,52,56,0.9921985815602837,0.992489040690207,0.98828125,121,,
20261007T085005975903Z_b1160dba_s2,nca,nca / recipe 32b3df1a04 / IDs32,race,3,2,13,0.5,1,7,7,0.454287556415216,0.4626016389804977,0.01171875,8464,,
20261007T085005975903Z_b1160dba_s2,nca,nca / recipe 32b3df1a04 / IDs32,race,3,2,13,1.0,1,13,14,0.706060606060606,0.7065834512898718,0.25,4559,,
20261007T085005975903Z_b1160dba_s2,nca,nca / recipe 32b3df1a04 / IDs32,race,3,2,13,2.0,1,26,28,0.9578981302385557,0.9573593521838789,0.8203125,653,,
20261007T085005975903Z_b1160dba_s2,nca,nca / recipe 32b3df1a04 / IDs32,race,3,2,13,4.0,1,52,56,0.9872340425531915,0.9872117529515779,0.97265625,198,,
20261007T085005975903Z_b1160dba_s2,nca,nca / recipe 32b3df1a04 / IDs32,race,3,2,13,0.5,2,7,7,0.4564796905222437,0.46469867591968955,0.0078125,8430,,
20261007T085005975903Z_b1160dba_s2,nca,nca / recipe 32b3df1a04 / IDs32,race,3,2,13,1.0,2,13,14,0.6991618310767247,0.6999296743172767,0.25390625,4666,,
20261007T085005975903Z_b1160dba_s2,nca,nca / recipe 32b3df1a04 / IDs32,race,3,2,13,2.0,2,26,28,0.9594455190199871,0.9587032792105251,0.79296875,629,,
20261007T085005975903Z_b1160dba_s2,nca,nca / recipe 32b3df1a04 / IDs32,race,3,2,13,4.0,2,52,56,0.9903932946486138,0.9908750491988103,0.96875,149,,
20261007T085005975903Z_b1160dba_s2,nca,nca / recipe 32b3df1a04 / IDs32,race,3,2,13,0.5,3,7,7,0.4506769825918762,0.4590665989971015,0.0078125,8520,,
20261007T085005975903Z_b1160dba_s2,nca,nca / recipe 32b3df1a04 / IDs32,race,3,2,13,1.0,3,13,14,0.7011605415860735,0.7016553109399711,0.24609375,4635,,
20261007T085005975903Z_b1160dba_s2,nca,nca / recipe 32b3df1a04 / IDs32,race,3,2,13,2.0,3,26,28,0.9573178594455191,0.9572063645924126,0.8125,662,,
20261007T085005975903Z_b1160dba_s2,nca,nca / recipe 32b3df1a04 / IDs32,race,3,2,13,4.0,3,52,56,0.9809155383623469,0.9819194531305415,0.9765625,296,,
20261007T085005975903Z_b1160dba_s2,nca,nca / recipe 32b3df1a04 / IDs32,race,3,2,13,0.5,4,7,7,0.4517085751128304,0.46018255106075046,0.00390625,8504,,
20261007T085005975903Z_b1160dba_s2,nca,nca / recipe 32b3df1a04 / IDs32,race,3,2,13,1.0,4,13,14,0.6991618310767247,0.6998011645679433,0.25,4666,,
20261007T085005975903Z_b1160dba_s2,nca,nca / recipe 32b3df1a04 / IDs32,race,3,2,13,2.0,4,26,28,0.9571244358478401,0.9568388386272796,0.8046875,665,,
20261007T085005975903Z_b1160dba_s2,nca,nca / recipe 32b3df1a04 / IDs32,race,3,2,13,4.0,4,52,56,0.9799484203739522,0.9814014531730203,0.97265625,311,,
20261007T085005975903Z_b1160dba_s2,nca,nca / recipe 32b3df1a04 / IDs32,race,3,2,13,0.5,5,7,7,0.4556415215989684,0.463621949027925,0.015625,8443,,
20261007T085005975903Z_b1160dba_s2,nca,nca / recipe 32b3df1a04 / IDs32,race,3,2,13,1.0,5,13,14,0.7021276595744681,0.7023713138552892,0.26171875,4620,,
20261007T085005975903Z_b1160dba_s2,nca,nca / recipe 32b3df1a04 / IDs32,race,3,2,13,2.0,5,26,28,0.956608639587363,0.9562001323225661,0.8125,673,,
20261007T085005975903Z_b1160dba_s2,nca,nca / recipe 32b3df1a04 / IDs32,race,3,2,13,4.0,5,52,56,0.9841392649903288,0.9851234708161165,0.97265625,246,,
20261007T085005975903Z_b1160dba_s2,nca,nca / recipe 32b3df1a04 / IDs32,race,3,2,13,0.5,6,7,7,0.4559638942617666,0.464291488840799,0.015625,8438,,
20261007T085005975903Z_b1160dba_s2,nca,nca / recipe 32b3df1a04 / IDs32,race,3,2,13,1.0,6,13,14,0.703932946486138,0.705021292221825,0.26953125,4592,,
20261007T085005975903Z_b1160dba_s2,nca,nca / recipe 32b3df1a04 / IDs32,race,3,2,13,2.0,6,26,28,0.9606705351386202,0.9599364471715802,0.8203125,610,,
20261007T085005975903Z_b1160dba_s2,nca,nca / recipe 32b3df1a04 / IDs32,race,3,2,13,4.0,6,52,56,0.9903288201160542,0.9907736595340237,0.9765625,150,,
20261007T085005975903Z_b1160dba_s2,nca,nca / recipe 32b3df1a04 / IDs32,race,3,2,13,0.5,7,7,7,0.4585428755641522,0.466778939025847,0.015625,8398,,
20261007T085005975903Z_b1160dba_s2,nca,nca / recipe 32b3df1a04 / IDs32,race,3,2,13,1.0,7,13,14,0.7028368794326241,0.7034178634954763,0.25,4609,,
20261007T085005975903Z_b1160dba_s2,nca,nca / recipe 32b3df1a04 / IDs32,race,3,2,13,2.0,7,26,28,0.9613797549967763,0.9609709076791352,0.8125,599,,
20261007T085005975903Z_b1160dba_s2,nca,nca / recipe 32b3df1a04 / IDs32,race,3,2,13,4.0,7,52,56,0.990909090909091,0.9913135823307754,0.98046875,141,,
20261007T085005975903Z_b1160dba_s2,nca,nca / recipe 32b3df1a04 / IDs32,race,3,2,19,0.5,0,10,10,0.47911007631612984,0.4888486166872399,0.0,12081,,
20261007T085005975903Z_b1160dba_s2,nca,nca / recipe 32b3df1a04 / IDs32,race,3,2,19,1.0,0,20,20,0.671366360539818,0.6696935579540005,0.18359375,7622,,
20261007T085005975903Z_b1160dba_s2,nca,nca / recipe 32b3df1a04 / IDs32,race,3,2,19,2.0,0,40,40,0.916871469840038,0.9157332139860617,0.75,1928,,
20261007T085005975903Z_b1160dba_s2,nca,nca / recipe 32b3df1a04 / IDs32,race,3,2,19,4.0,0,80,80,0.9596861121890226,0.9588896363974518,0.91015625,935,,
20261007T085005975903Z_b1160dba_s2,nca,nca / recipe 32b3df1a04 / IDs32,race,3,2,19,0.5,1,10,10,0.47854956236795587,0.48750313533616835,0.00390625,12094,,
20261007T085005975903Z_b1160dba_s2,nca,nca / recipe 32b3df1a04 / IDs32,race,3,2,19,1.0,1,20,20,0.6765403354460398,0.6742954710088996,0.1953125,7502,,
20261007T085005975903Z_b1160dba_s2,nca,nca / recipe 32b3df1a04 / IDs32,race,3,2,19,2.0,1,40,40,0.9215711637131894,0.9205172572297354,0.75390625,1819,,
20261007T085005975903Z_b1160dba_s2,nca,nca / recipe 32b3df1a04 / IDs32,race,3,2,19,4.0,1,80,80,0.9542534385374898,0.9544157581318046,0.90625,1061,,
20261007T085005975903Z_b1160dba_s2,nca,nca / recipe 32b3df1a04 / IDs32,race,3,2,19,0.5,2,10,10,0.47837709653774846,0.4880247060358107,0.00390625,12098,,
20261007T085005975903Z_b1160dba_s2,nca,nca / recipe 32b3df1a04 / IDs32,race,3,2,19,1.0,2,20,20,0.6675721122752555,0.6651920999323117,0.1796875,7710,,
20261007T085005975903Z_b1160dba_s2,nca,nca / recipe 32b3df1a04 / IDs32,race,3,2,19,2.0,2,40,40,0.9169577027551417,0.9157256025617689,0.73046875,1926,,
20261007T085005975903Z_b1160dba_s2,nca,nca / recipe 32b3df1a04 / IDs32,race,3,2,19,4.0,2,80,80,0.9470961065838831,0.9465828757017349,0.90234375,1227,,
20261007T085005975903Z_b1160dba_s2,nca,nca / recipe 32b3df1a04 / IDs32,race,3,2,19,0.5,3,10,10,0.4757901090846376,0.4855714011630421,0.00390625,12158,,
20261007T085005975903Z_b1160dba_s2,nca,nca / recipe 32b3df1a04 / IDs32,race,3,2,19,1.0,3,20,20,0.6739964644504808,0.6722501956240704,0.2109375,7561,,
20261007T085005975903Z_b1160dba_s2,nca,nca / recipe 32b3df1a04 / IDs32,race,3,2,19,2.0,3,40,40,0.9195446902082525,0.9189806871643024,0.75,1866,,
20261007T085005975903Z_b1160dba_s2,nca,nca / recipe 32b3df1a04 / IDs32,race,3,2,19,4.0,3,80,80,0.9552451170611822,0.9544136099607763,0.91015625,1038,,
20261007T085005975903Z_b1160dba_s2,nca,nca / recipe 32b3df1a04 / IDs32,race,3,2,19,0.5,4,10,10,0.4788082611132669,0.48851877974671565,0.00390625,12088,,
20261007T085005975903Z_b1160dba_s2,nca,nca / recipe 32b3df1a04 / IDs32,race,3,2,19,1.0,4,20,20,0.671107661794507,0.6696402275769938,0.1953125,7628,,
20261007T085005975903Z_b1160dba_s2,nca,nca / recipe 32b3df1a04 / IDs32,race,3,2,19,2.0,4,40,40,0.921096882680119,0.9220226346023761,0.72265625,1830,,
20261007T085005975903Z_b1160dba_s2,nca,nca / recipe 32b3df1a04 / IDs32,race,3,2,19,4.0,4,80,80,0.951364635881516,0.9517803322578658,0.89453125,1128,,
20261007T085005975903Z_b1160dba_s2,nca,nca / recipe 32b3df1a04 / IDs32,race,3,2,19,0.5,5,10,10,0.47501401284870437,0.48448984960957625,0.0078125,12176,,
20261007T085005975903Z_b1160dba_s2,nca,nca / recipe 32b3df1a04 / IDs32,race,3,2,19,1.0,5,20,20,0.6757211227525547,0.673382000088207,0.1953125,7521,,
20261007T085005975903Z_b1160dba_s2,nca,nca / recipe 32b3df1a04 / IDs32,race,3,2,19,2.0,5,40,40,0.9222610270340189,0.9220002842560056,0.76171875,1803,,
20261007T085005975903Z_b1160dba_s2,nca,nca / recipe 32b3df1a04 / IDs32,race,3,2,19,4.0,5,80,80,0.951364635881516,0.9511419383804066,0.90234375,1128,,
20261007T085005975903Z_b1160dba_s2,nca,nca / recipe 32b3df1a04 / IDs32,race,3,2,19,0.5,6,10,10,0.48036045358513346,0.4898856137149976,0.00390625,12052,,
20261007T085005975903Z_b1160dba_s2,nca,nca / recipe 32b3df1a04 / IDs32,race,3,2,19,1.0,6,20,20,0.6755917733798991,0.6734286629654188,0.1796875,7524,,
20261007T085005975903Z_b1160dba_s2,nca,nca / recipe 32b3df1a04 / IDs32,race,3,2,19,2.0,6,40,40,0.916310955891864,0.9158521280799635,0.74609375,1941,,
20261007T085005975903Z_b1160dba_s2,nca,nca / recipe 32b3df1a04 / IDs32,race,3,2,19,4.0,6,80,80,0.943733022894839,0.9432183442139793,0.89453125,1305,,
20261007T085005975903Z_b1160dba_s2,nca,nca / recipe 32b3df1a04 / IDs32,race,3,2,19,0.5,7,10,10,0.47936877506144093,0.4889766941022447,0.0,12075,,
20261007T085005975903Z_b1160dba_s2,nca,nca / recipe 32b3df1a04 / IDs32,race,3,2,19,1.0,7,20,20,0.6774026645970767,0.6755902748807641,0.20703125,7482,,
20261007T085005975903Z_b1160dba_s2,nca,nca / recipe 32b3df1a04 / IDs32,race,3,2,19,2.0,7,40,40,0.9266157892467555,0.9266254145780805,0.7421875,1702,,
20261007T085005975903Z_b1160dba_s2,nca,nca / recipe 32b3df1a04 / IDs32,race,3,2,19,4.0,7,80,80,0.9546414866554563,0.954098860558688,0.90625,1052,,
20261007T085005975903Z_b1160dba_s2,nca,nca / recipe 32b3df1a04 / IDs32,race,3,2,25,0.5,0,13,13,0.5043416277864178,0.5127201778914747,0.03125,15298,,
20261007T085005975903Z_b1160dba_s2,nca,nca / recipe 32b3df1a04 / IDs32,race,3,2,25,1.0,0,25,26,0.6638154484188699,0.6537125943775427,0.2734375,10376,,
20261007T085005975903Z_b1160dba_s2,nca,nca / recipe 32b3df1a04 / IDs32,race,3,2,25,2.0,0,50,52,0.8271772939346812,0.821343412045072,0.58984375,5334,,
20261007T085005975903Z_b1160dba_s2,nca,nca / recipe 32b3df1a04 / IDs32,race,3,2,25,4.0,0,100,104,0.8638219284603421,0.8605593507404894,0.77734375,4203,,
20261007T085005975903Z_b1160dba_s2,nca,nca / recipe 32b3df1a04 / IDs32,race,3,2,25,0.5,1,13,13,0.5095904613789528,0.5182585180149181,0.0390625,15136,,
20261007T085005975903Z_b1160dba_s2,nca,nca / recipe 32b3df1a04 / IDs32,race,3,2,25,1.0,1,25,26,0.6619038361845516,0.6525229721487465,0.25390625,10435,,
20261007T085005975903Z_b1160dba_s2,nca,nca / recipe 32b3df1a04 / IDs32,race,3,2,25,2.0,1,50,52,0.8323289269051322,0.8244967079833637,0.5859375,5175,,
20261007T085005975903Z_b1160dba_s2,nca,nca / recipe 32b3df1a04 / IDs32,race,3,2,25,4.0,1,100,104,0.8726023846552617,0.8687199818791425,0.80078125,3932,,
20261007T085005975903Z_b1160dba_s2,nca,nca / recipe 32b3df1a04 / IDs32,race,3,2,25,0.5,2,13,13,0.5048600311041991,0.5137009689344326,0.04296875,15282,,
20261007T085005975903Z_b1160dba_s2,nca,nca / recipe 32b3df1a04 / IDs32,race,3,2,25,1.0,2,25,26,0.6649494556765163,0.6553761351507633,0.2578125,10341,,
20261007T085005975903Z_b1160dba_s2,nca,nca / recipe 32b3df1a04 / IDs32,race,3,2,25,2.0,2,50,52,0.8390033696215656,0.8306240452703945,0.58984375,4969,,
20261007T085005975903Z_b1160dba_s2,nca,nca / recipe 32b3df1a04 / IDs32,race,3,2,25,4.0,2,100,104,0.8559486780715396,0.8504843605164775,0.77734375,4446,,
20261007T085005975903Z_b1160dba_s2,nca,nca / recipe 32b3df1a04 / IDs32,race,3,2,25,0.5,3,13,13,0.5075816485225505,0.5166821062133251,0.03125,15198,,
20261007T085005975903Z_b1160dba_s2,nca,nca / recipe 32b3df1a04 / IDs32,race,3,2,25,1.0,3,25,26,0.6636210471747019,0.6540951403816857,0.2734375,10382,,
20261007T085005975903Z_b1160dba_s2,nca,nca / recipe 32b3df1a04 / IDs32,race,3,2,25,2.0,3,50,52,0.8308385173665112,0.824899479302934,0.59375,5221,,
20261007T085005975903Z_b1160dba_s2,nca,nca / recipe 32b3df1a04 / IDs32,race,3,2,25,4.0,3,100,104,0.863109123898393,0.8579289860831723,0.7890625,4225,,
20261007T085005975903Z_b1160dba_s2,nca,nca / recipe 32b3df1a04 / IDs32,race,3,2,25,0.5,4,13,13,0.5029160186625194,0.511606148042533,0.02734375,15342,,
20261007T085005975903Z_b1160dba_s2,nca,nca / recipe 32b3df1a04 / IDs32,race,3,2,25,1.0,4,25,26,0.6624870399170555,0.653334548092534,0.25390625,10417,,
20261007T085005975903Z_b1160dba_s2,nca,nca / recipe 32b3df1a04 / IDs32,race,3,2,25,2.0,4,50,52,0.8274688958009331,0.8224339646812305,0.6015625,5325,,
20261007T085005975903Z_b1160dba_s2,nca,nca / recipe 32b3df1a04 / IDs32,race,3,2,25,4.0,4,100,104,0.8606143079315708,0.857737018402359,0.78515625,4302,,
20261007T085005975903Z_b1160dba_s2,nca,nca / recipe 32b3df1a04 / IDs32,race,3,2,25,0.5,5,13,13,0.5052164333851736,0.5150984999906555,0.0390625,15271,,
20261007T085005975903Z_b1160dba_s2,nca,nca / recipe 32b3df1a04 / IDs32,race,3,2,25,1.0,5,25,26,0.6666666666666666,0.6567419379225891,0.2578125,10288,,
20261007T085005975903Z_b1160dba_s2,nca,nca / recipe 32b3df1a04 / IDs32,race,3,2,25,2.0,5,50,52,0.8451270088128564,0.8375487222927894,0.60546875,4780,,
20261007T085005975903Z_b1160dba_s2,nca,nca / recipe 32b3df1a04 / IDs32,race,3,2,25,4.0,5,100,104,0.8811884396060135,0.8754363594717715,0.79296875,3667,,
20261007T085005975903Z_b1160dba_s2,nca,nca / recipe 32b3df1a04 / IDs32,race,3,2,25,0.5,6,13,13,0.5049248315189218,0.5143944885435788,0.04296875,15280,,
20261007T085005975903Z_b1160dba_s2,nca,nca / recipe 32b3df1a04 / IDs32,race,3,2,25,1.0,6,25,26,0.6606402280974598,0.6511273764848905,0.27734375,10474,,
20261007T085005975903Z_b1160dba_s2,nca,nca / recipe 32b3df1a04 / IDs32,race,3,2,25,2.0,6,50,52,0.8364437532400207,0.8288528765028125,0.58203125,5048,,
20261007T085005975903Z_b1160dba_s2,nca,nca / recipe 32b3df1a04 / IDs32,race,3,2,25,4.0,6,100,104,0.8685199585277346,0.8642057031173506,0.796875,4058,,
20261007T085005975903Z_b1160dba_s2,nca,nca / recipe 32b3df1a04 / IDs32,race,3,2,25,0.5,7,13,13,0.5051840331778124,0.5142908681586668,0.03125,15272,,
20261007T085005975903Z_b1160dba_s2,nca,nca / recipe 32b3df1a04 / IDs32,race,3,2,25,1.0,7,25,26,0.6622926386728875,0.652382247449205,0.2578125,10423,,
20261007T085005975903Z_b1160dba_s2,nca,nca / recipe 32b3df1a04 / IDs32,race,3,2,25,2.0,7,50,52,0.8365409538621047,0.827568848030409,0.59765625,5045,,
20261007T085005975903Z_b1160dba_s2,nca,nca / recipe 32b3df1a04 / IDs32,race,3,2,25,4.0,7,100,104,0.8673211508553654,0.8619729939719057,0.77734375,4095,,
20261007T085005975903Z_b1160dba_s2,nca,nca / recipe 32b3df1a04 / IDs32,race,3,2,37,0.5,0,19,19,0.49712345358595034,0.49805592701734214,0.078125,23251,,
20261007T085005975903Z_b1160dba_s2,nca,nca / recipe 32b3df1a04 / IDs32,race,3,2,37,1.0,0,38,38,0.6417510165239207,0.6404372052212862,0.2578125,16564,,
20261007T085005975903Z_b1160dba_s2,nca,nca / recipe 32b3df1a04 / IDs32,race,3,2,37,2.0,0,76,76,0.768643481270006,0.7677798399557636,0.49609375,10697,,
20261007T085005975903Z_b1160dba_s2,nca,nca / recipe 32b3df1a04 / IDs32,race,3,2,37,4.0,0,152,152,0.7733151656717709,0.7725279627948662,0.63671875,10481,,
20261007T085005975903Z_b1160dba_s2,nca,nca / recipe 32b3df1a04 / IDs32,race,3,2,37,0.5,1,19,19,0.4994160394497794,0.5004170086867785,0.06640625,23145,,
20261007T085005975903Z_b1160dba_s2,nca,nca / recipe 32b3df1a04 / IDs32,race,3,2,37,1.0,1,38,38,0.6386365602560775,0.6372789630701902,0.25390625,16708,,
20261007T085005975903Z_b1160dba_s2,nca,nca / recipe 32b3df1a04 / IDs32,race,3,2,37,2.0,1,76,76,0.7450687775759148,0.7429725996504923,0.50390625,11787,,
20261007T085005975903Z_b1160dba_s2,nca,nca / recipe 32b3df1a04 / IDs32,race,3,2,37,4.0,1,152,152,0.7479669521584912,0.743561412768959,0.63671875,11653,,
20261007T085005975903Z_b1160dba_s2,nca,nca / recipe 32b3df1a04 / IDs32,race,3,2,37,0.5,2,19,19,0.4987671943939787,0.500499533125354,0.0703125,23175,,
20261007T085005975903Z_b1160dba_s2,nca,nca / recipe 32b3df1a04 / IDs32,race,3,2,37,1.0,2,38,38,0.6420754390518211,0.6411949107647721,0.26171875,16549,,
20261007T085005975903Z_b1160dba_s2,nca,nca / recipe 32b3df1a04 / IDs32,race,3,2,37,2.0,2,76,76,0.7501730253482135,0.7502364741016638,0.49609375,11551,,
20261007T085005975903Z_b1160dba_s2,nca,nca / recipe 32b3df1a04 / IDs32,race,3,2,37,4.0,2,152,152,0.7658318193615364,0.760572175408849,0.625,10827,,
20261007T085005975903Z_b1160dba_s2,nca,nca / recipe 32b3df1a04 / IDs32,race,3,2,37,0.5,3,19,19,0.49872393805692533,0.49931258087653596,0.0625,23177,,
20261007T085005975903Z_b1160dba_s2,nca,nca / recipe 32b3df1a04 / IDs32,race,3,2,37,1.0,3,38,38,0.6373604983130029,0.635692991327101,0.25390625,16767,,
20261007T085005975903Z_b1160dba_s2,nca,nca / recipe 32b3df1a04 / IDs32,race,3,2,37,2.0,3,76,76,0.761549441993252,0.7597197550036702,0.484375,11025,,
20261007T085005975903Z_b1160dba_s2,nca,nca / recipe 32b3df1a04 / IDs32,race,3,2,37,4.0,3,152,152,0.7621550307119993,0.7593863157574182,0.63671875,10997,,
20261007T085005975903Z_b1160dba_s2,nca,nca / recipe 32b3df1a04 / IDs32,race,3,2,37,0.5,4,19,19,0.4996755774720997,0.5010124941611198,0.078125,23133,,
20261007T085005975903Z_b1160dba_s2,nca,nca / recipe 32b3df1a04 / IDs32,race,3,2,37,1.0,4,38,38,0.6419672982091876,0.6402130213530505,0.25390625,16554,,
20261007T085005975903Z_b1160dba_s2,nca,nca / recipe 32b3df1a04 / IDs32,race,3,2,37,2.0,4,76,76,0.7565965914006402,0.7557465299066006,0.49609375,11254,,
20261007T085005975903Z_b1160dba_s2,nca,nca / recipe 32b3df1a04 / IDs32,race,3,2,37,4.0,4,152,152,0.7837399429016351,0.7830476849330174,0.66796875,9999,,
20261007T085005975903Z_b1160dba_s2,nca,nca / recipe 32b3df1a04 / IDs32,race,3,2,37,0.5,5,19,19,0.4978371831473311,0.49860983004959963,0.0703125,23218,,
20261007T085005975903Z_b1160dba_s2,nca,nca / recipe 32b3df1a04 / IDs32,race,3,2,37,1.0,5,38,38,0.6400856475473657,0.638928815850832,0.25390625,16641,,
20261007T085005975903Z_b1160dba_s2,nca,nca / recipe 32b3df1a04 / IDs32,race,3,2,37,2.0,5,76,76,0.7638203996885544,0.7633431499981432,0.49609375,10920,,
20261007T085005975903Z_b1160dba_s2,nca,nca / recipe 32b3df1a04 / IDs32,race,3,2,37,4.0,5,152,152,0.7723851544251232,0.7706314531409136,0.640625,10524,,
20261007T085005975903Z_b1160dba_s2,nca,nca / recipe 32b3df1a04 / IDs32,race,3,2,37,0.5,6,19,19,0.49779392681027773,0.4991448993395118,0.0703125,23220,,
20261007T085005975903Z_b1160dba_s2,nca,nca / recipe 32b3df1a04 / IDs32,race,3,2,37,1.0,6,38,38,0.6337485941690457,0.6312641363660667,0.26171875,16934,,
20261007T085005975903Z_b1160dba_s2,nca,nca / recipe 32b3df1a04 / IDs32,race,3,2,37,2.0,6,76,76,0.7595812786573233,0.758133495902752,0.48828125,11116,,
20261007T085005975903Z_b1160dba_s2,nca,nca / recipe 32b3df1a04 / IDs32,race,3,2,37,4.0,6,152,152,0.781512241543386,0.7770670251058189,0.6640625,10102,,
20261007T085005975903Z_b1160dba_s2,nca,nca / recipe 32b3df1a04 / IDs32,race,3,2,37,0.5,7,19,19,0.49794532398996455,0.4997811956833611,0.08203125,23213,,
20261007T085005975903Z_b1160dba_s2,nca,nca / recipe 32b3df1a04 / IDs32,race,3,2,37,1.0,7,38,38,0.6431784756466823,0.6423336570076101,0.2578125,16498,,
20261007T085005975903Z_b1160dba_s2,nca,nca / recipe 32b3df1a04 / IDs32,race,3,2,37,2.0,7,76,76,0.7664374080802837,0.7631788419805909,0.53125,10799,,
20261007T085005975903Z_b1160dba_s2,nca,nca / recipe 32b3df1a04 / IDs32,race,3,2,37,4.0,7,152,152,0.7910070075266027,0.7842436361658427,0.67578125,9663,,
20261007T085005993320Z_8e1d3eed_s1,nca,nca / recipe 32b3df1a04 / IDs32,race,3,1,9,0.5,0,5,5,0.49268339955422036,0.4962637782892483,0.0,5235,,
20261007T085005993320Z_8e1d3eed_s1,nca,nca / recipe 32b3df1a04 / IDs32,race,3,1,9,1.0,0,9,10,0.7232289950576606,0.7243207618950493,0.171875,2856,,
20261007T085005993320Z_8e1d3eed_s1,nca,nca / recipe 32b3df1a04 / IDs32,race,3,1,9,2.0,0,18,20,0.9724779532900475,0.9737626737020308,0.86328125,284,,
20261007T085005993320Z_8e1d3eed_s1,nca,nca / recipe 32b3df1a04 / IDs32,race,3,1,9,4.0,0,36,40,0.9978680104661304,0.9980568804098215,0.9921875,22,,
20261007T085005993320Z_8e1d3eed_s1,nca,nca / recipe 32b3df1a04 / IDs32,race,3,1,9,0.5,1,5,5,0.4916174047872856,0.49536665141273994,0.0,5246,,
20261007T085005993320Z_8e1d3eed_s1,nca,nca / recipe 32b3df1a04 / IDs32,race,3,1,9,1.0,1,9,10,0.7291404205833899,0.7307992806112878,0.1796875,2795,,
20261007T085005993320Z_8e1d3eed_s1,nca,nca / recipe 32b3df1a04 / IDs32,race,3,1,9,2.0,1,18,20,0.9752883031301482,0.9762769821714636,0.87109375,255,,
20261007T085005993320Z_8e1d3eed_s1,nca,nca / recipe 32b3df1a04 / IDs32,race,3,1,9,4.0,1,36,40,0.9962205640081403,0.9965553789083201,0.99609375,39,,
20261007T085005993320Z_8e1d3eed_s1,nca,nca / recipe 32b3df1a04 / IDs32,race,3,1,9,0.5,2,5,5,0.4858997964919081,0.48954926857898357,0.0,5305,,
20261007T085005993320Z_8e1d3eed_s1,nca,nca / recipe 32b3df1a04 / IDs32,race,3,1,9,1.0,2,9,10,0.7305940498110282,0.7320554063549819,0.18359375,2780,,
20261007T085005993320Z_8e1d3eed_s1,nca,nca / recipe 32b3df1a04 / IDs32,race,3,1,9,2.0,2,18,20,0.974706851439093,0.975846606374199,0.875,261,,
20261007T085005993320Z_8e1d3eed_s1,nca,nca / recipe 32b3df1a04 / IDs32,race,3,1,9,4.0,2,36,40,0.9948638433956779,0.9952005284327905,0.9921875,53,,
20261007T085005993320Z_8e1d3eed_s1,nca,nca / recipe 32b3df1a04 / IDs32,race,3,1,9,0.5,3,5,5,0.49539684077914525,0.4987819839244945,0.0078125,5207,,
20261007T085005993320Z_8e1d3eed_s1,nca,nca / recipe 32b3df1a04 / IDs32,race,3,1,9,1.0,3,9,10,0.7274929741253997,0.72899018744986,0.1875,2812,,
20261007T085005993320Z_8e1d3eed_s1,nca,nca / recipe 32b3df1a04 / IDs32,race,3,1,9,2.0,3,18,20,0.9738346739025099,0.9748000725320313,0.8671875,270,,
20261007T085005993320Z_8e1d3eed_s1,nca,nca / recipe 32b3df1a04 / IDs32,race,3,1,9,4.0,3,36,40,0.9960267467777886,0.9963787316728494,0.99609375,41,,
20261007T085005993320Z_8e1d3eed_s1,nca,nca / recipe 32b3df1a04 / IDs32,race,3,1,9,0.5,4,5,5,0.4924895823238686,0.4960047702558315,0.0,5237,,
20261007T085005993320Z_8e1d3eed_s1,nca,nca / recipe 32b3df1a04 / IDs32,race,3,1,9,1.0,4,9,10,0.7286558775075104,0.7297033306372299,0.18359375,2800,,
20261007T085005993320Z_8e1d3eed_s1,nca,nca / recipe 32b3df1a04 / IDs32,race,3,1,9,2.0,4,18,20,0.9734470394418063,0.9745507909364792,0.87890625,274,,
20261007T085005993320Z_8e1d3eed_s1,nca,nca / recipe 32b3df1a04 / IDs32,race,3,1,9,4.0,4,36,40,0.9959298381626126,0.9962904080551139,0.9921875,42,,
20261007T085005993320Z_8e1d3eed_s1,nca,nca / recipe 32b3df1a04 / IDs32,race,3,1,9,0.5,5,5,5,0.48696579125884293,0.4904139173393267,0.0,5294,,
20261007T085005993320Z_8e1d3eed_s1,nca,nca / recipe 32b3df1a04 / IDs32,race,3,1,9,1.0,5,9,10,0.7230351778273089,0.7241803650657502,0.17578125,2858,,
20261007T085005993320Z_8e1d3eed_s1,nca,nca / recipe 32b3df1a04 / IDs32,race,3,1,9,2.0,5,18,20,0.9751913945149724,0.976411957309471,0.87109375,256,,
20261007T085005993320Z_8e1d3eed_s1,nca,nca / recipe 32b3df1a04 / IDs32,race,3,1,9,4.0,5,36,40,0.995639112317085,0.9959859972594964,0.9921875,45,,
20261007T085005993320Z_8e1d3eed_s1,nca,nca / recipe 32b3df1a04 / IDs32,race,3,1,9,0.5,6,5,5,0.48929159802306427,0.4926351821803611,0.0,5270,,
20261007T085005993320Z_8e1d3eed_s1,nca,nca / recipe 32b3df1a04 / IDs32,race,3,1,9,1.0,6,9,10,0.7296249636592693,0.7307684935216772,0.1953125,2790,,
20261007T085005993320Z_8e1d3eed_s1,nca,nca / recipe 32b3df1a04 / IDs32,race,3,1,9,2.0,6,18,20,0.9743192169783894,0.9757525696882884,0.87109375,265,,
20261007T085005993320Z_8e1d3eed_s1,nca,nca / recipe 32b3df1a04 / IDs32,race,3,1,9,4.0,6,36,40,0.9951545692412055,0.9954950792428052,0.9921875,50,,
20261007T085005993320Z_8e1d3eed_s1,nca,nca / recipe 32b3df1a04 / IDs32,race,3,1,9,0.5,7,5,5,0.4922957650935168,0.4957902318848347,0.0,5239,,
20261007T085005993320Z_8e1d3eed_s1,nca,nca / recipe 32b3df1a04 / IDs32,race,3,1,9,1.0,7,9,10,0.726426979358465,0.7275290173652817,0.19140625,2823,,
20261007T085005993320Z_8e1d3eed_s1,nca,nca / recipe 32b3df1a04 / IDs32,race,3,1,9,2.0,7,18,20,0.9692799689892432,0.9704452837139314,0.8671875,317,,
20261007T085005993320Z_8e1d3eed_s1,nca,nca / recipe 32b3df1a04 / IDs32,race,3,1,9,4.0,7,36,40,0.9916658590948735,0.9922661290763171,0.98828125,86,,
20261007T085005993320Z_8e1d3eed_s1,nca,nca / recipe 32b3df1a04 / IDs32,race,3,1,13,0.5,0,7,7,0.48845905867182465,0.49865674748580185,0.00390625,7934,,
20261007T085005993320Z_8e1d3eed_s1,nca,nca / recipe 32b3df1a04 / IDs32,race,3,1,13,1.0,0,13,14,0.731076724693746,0.7334669804126094,0.27734375,4171,,
20261007T085005993320Z_8e1d3eed_s1,nca,nca / recipe 32b3df1a04 / IDs32,race,3,1,13,2.0,0,26,28,0.961444229529336,0.9613829459600981,0.828125,598,,
20261007T085005993320Z_8e1d3eed_s1,nca,nca / recipe 32b3df1a04 / IDs32,race,3,1,13,4.0,0,52,56,0.9834300451321728,0.9835479734097249,0.96484375,257,,
20261007T085005993320Z_8e1d3eed_s1,nca,nca / recipe 32b3df1a04 / IDs32,race,3,1,13,0.5,1,7,7,0.49245647969052225,0.5027580122797903,0.00390625,7872,,
20261007T085005993320Z_8e1d3eed_s1,nca,nca / recipe 32b3df1a04 / IDs32,race,3,1,13,1.0,1,13,14,0.7283043197936815,0.7301427379017178,0.265625,4214,,
20261007T085005993320Z_8e1d3eed_s1,nca,nca / recipe 32b3df1a04 / IDs32,race,3,1,13,2.0,1,26,28,0.9629271437782077,0.9628725839029441,0.83203125,575,,
20261007T085005993320Z_8e1d3eed_s1,nca,nca / recipe 32b3df1a04 / IDs32,race,3,1,13,4.0,1,52,56,0.9796260477111541,0.9790228953359744,0.96484375,316,,
20261007T085005993320Z_8e1d3eed_s1,nca,nca / recipe 32b3df1a04 / IDs32,race,3,1,13,0.5,2,7,7,0.48865248226950353,0.4985711461953006,0.00390625,7931,,
20261007T085005993320Z_8e1d3eed_s1,nca,nca / recipe 32b3df1a04 / IDs32,race,3,1,13,1.0,2,13,14,0.7273372018052869,0.7294986811456056,0.28515625,4229,,
20261007T085005993320Z_8e1d3eed_s1,nca,nca / recipe 32b3df1a04 / IDs32,race,3,1,13,2.0,2,26,28,0.9581560283687943,0.9582627952919457,0.81640625,649,,
20261007T085005993320Z_8e1d3eed_s1,nca,nca / recipe 32b3df1a04 / IDs32,race,3,1,13,4.0,2,52,56,0.9791747259832366,0.9788851685055463,0.96875,323,,
20261007T085005993320Z_8e1d3eed_s1,nca,nca / recipe 32b3df1a04 / IDs32,race,3,1,13,0.5,3,7,7,0.4901998710509349,0.50008975384352,0.0078125,7907,,
20261007T085005993320Z_8e1d3eed_s1,nca,nca / recipe 32b3df1a04 / IDs32,race,3,1,13,1.0,3,13,14,0.7305609284332688,0.7324846824169429,0.265625,4179,,
20261007T085005993320Z_8e1d3eed_s1,nca,nca / recipe 32b3df1a04 / IDs32,race,3,1,13,2.0,3,26,28,0.9570599613152805,0.9568786133160398,0.83203125,666,,
20261007T085005993320Z_8e1d3eed_s1,nca,nca / recipe 32b3df1a04 / IDs32,race,3,1,13,4.0,3,52,56,0.9787234042553191,0.9783162230767539,0.9609375,330,,
20261007T085005993320Z_8e1d3eed_s1,nca,nca / recipe 32b3df1a04 / IDs32,race,3,1,13,0.5,4,7,7,0.4950354609929078,0.5050242365638603,0.00390625,7832,,
20261007T085005993320Z_8e1d3eed_s1,nca,nca / recipe 32b3df1a04 / IDs32,race,3,1,13,1.0,4,13,14,0.7289490651192779,0.7310739212653253,0.26171875,4204,,
20261007T085005993320Z_8e1d3eed_s1,nca,nca / recipe 32b3df1a04 / IDs32,race,3,1,13,2.0,4,26,28,0.9613152804642167,0.961557473375589,0.84765625,600,,
20261007T085005993320Z_8e1d3eed_s1,nca,nca / recipe 32b3df1a04 / IDs32,race,3,1,13,4.0,4,52,56,0.976982591876209,0.9764214008819264,0.9609375,357,,
20261007T085005993320Z_8e1d3eed_s1,nca,nca / recipe 32b3df1a04 / IDs32,race,3,1,13,0.5,5,7,7,0.49232753062540296,0.502000983697254,0.00390625,7874,,
20261007T085005993320Z_8e1d3eed_s1,nca,nca / recipe 32b3df1a04 / IDs32,race,3,1,13,1.0,5,13,14,0.7282398452611218,0.7298599659060864,0.25390625,4215,,
20261007T085005993320Z_8e1d3eed_s1,nca,nca / recipe 32b3df1a04 / IDs32,race,3,1,13,2.0,5,26,28,0.9557704706640877,0.9558153268147803,0.83984375,686,,
20261007T085005993320Z_8e1d3eed_s1,nca,nca / recipe 32b3df1a04 / IDs32,race,3,1,13,4.0,5,52,56,0.9786589297227595,0.9779967176046872,0.96484375,331,,
20261007T085005993320Z_8e1d3eed_s1,nca,nca / recipe 32b3df1a04 / IDs32,race,3,1,13,0.5,6,7,7,0.48961960025789814,0.4994526673505095,0.00390625,7916,,
20261007T085005993320Z_8e1d3eed_s1,nca,nca / recipe 32b3df1a04 / IDs32,race,3,1,13,1.0,6,13,14,0.729464861379755,0.731219465679855,0.26171875,4196,,
20261007T085005993320Z_8e1d3eed_s1,nca,nca / recipe 32b3df1a04 / IDs32,race,3,1,13,2.0,6,26,28,0.9578336557059961,0.9582053826080735,0.83984375,654,,
20261007T085005993320Z_8e1d3eed_s1,nca,nca / recipe 32b3df1a04 / IDs32,race,3,1,13,4.0,6,52,56,0.9865248226950355,0.9865150306330763,0.97265625,209,,
20261007T085005993320Z_8e1d3eed_s1,nca,nca / recipe 32b3df1a04 / IDs32,race,3,1,13,0.5,7,7,7,0.4935525467440361,0.5040264385036188,0.0078125,7855,,
20261007T085005993320Z_8e1d3eed_s1,nca,nca / recipe 32b3df1a04 / IDs32,race,3,1,13,1.0,7,13,14,0.7328820116054159,0.7353205225683489,0.26953125,4143,,
20261007T085005993320Z_8e1d3eed_s1,nca,nca / recipe 32b3df1a04 / IDs32,race,3,1,13,2.0,7,26,28,0.9610573823339781,0.9614025075199603,0.84765625,604,,
20261007T085005993320Z_8e1d3eed_s1,nca,nca / recipe 32b3df1a04 / IDs32,race,3,1,13,4.0,7,52,56,0.9806576402321083,0.9806803503769989,0.96484375,300,,
20261007T085005993320Z_8e1d3eed_s1,nca,nca / recipe 32b3df1a04 / IDs32,race,3,1,19,0.5,0,10,10,0.5047643685594791,0.5083457592275082,0.015625,11486,,
20261007T085005993320Z_8e1d3eed_s1,nca,nca / recipe 32b3df1a04 / IDs32,race,3,1,19,1.0,0,20,20,0.712671926874488,0.7094799465343339,0.23828125,6664,,
20261007T085005993320Z_8e1d3eed_s1,nca,nca / recipe 32b3df1a04 / IDs32,race,3,1,19,2.0,0,40,40,0.9006165653429914,0.8979735044106669,0.75390625,2305,,
20261007T085005993320Z_8e1d3eed_s1,nca,nca / recipe 32b3df1a04 / IDs32,race,3,1,19,4.0,0,80,80,0.9243306169965075,0.9203591857428685,0.87109375,1755,,
20261007T085005993320Z_8e1d3eed_s1,nca,nca / recipe 32b3df1a04 / IDs32,race,3,1,19,0.5,1,10,10,0.504807485017031,0.5082691580744018,0.015625,11485,,
20261007T085005993320Z_8e1d3eed_s1,nca,nca / recipe 32b3df1a04 / IDs32,race,3,1,19,1.0,1,20,20,0.7039624024490148,0.7008440585982173,0.2578125,6866,,
20261007T085005993320Z_8e1d3eed_s1,nca,nca / recipe 32b3df1a04 / IDs32,race,3,1,19,2.0,1,40,40,0.8941059802526624,0.8906055132505192,0.73828125,2456,,
20261007T085005993320Z_8e1d3eed_s1,nca,nca / recipe 32b3df1a04 / IDs32,race,3,1,19,4.0,1,80,80,0.916009140689001,0.9122848976439855,0.85546875,1948,,
20261007T085005993320Z_8e1d3eed_s1,nca,nca / recipe 32b3df1a04 / IDs32,race,3,1,19,0.5,2,10,10,0.502824127969646,0.5061916503713549,0.015625,11531,,
20261007T085005993320Z_8e1d3eed_s1,nca,nca / recipe 32b3df1a04 / IDs32,race,3,1,19,1.0,2,20,20,0.7040486353641184,0.7005255188426606,0.2734375,6864,,
20261007T085005993320Z_8e1d3eed_s1,nca,nca / recipe 32b3df1a04 / IDs32,race,3,1,19,2.0,2,40,40,0.8950545423188031,0.8914395747393806,0.765625,2434,,
20261007T085005993320Z_8e1d3eed_s1,nca,nca / recipe 32b3df1a04 / IDs32,race,3,1,19,4.0,2,80,80,0.9165265381796232,0.913603582255567,0.87890625,1936,,
20261007T085005993320Z_8e1d3eed_s1,nca,nca / recipe 32b3df1a04 / IDs32,race,3,1,19,0.5,3,10,10,0.5029534773423016,0.5062679693769389,0.0234375,11528,,
20261007T085005993320Z_8e1d3eed_s1,nca,nca / recipe 32b3df1a04 / IDs32,race,3,1,19,1.0,3,20,20,0.7022377441469408,0.6994317602356427,0.24609375,6906,,
20261007T085005993320Z_8e1d3eed_s1,nca,nca / recipe 32b3df1a04 / IDs32,race,3,1,19,2.0,3,40,40,0.8914327598844479,0.8872151218369071,0.76171875,2518,,
20261007T085005993320Z_8e1d3eed_s1,nca,nca / recipe 32b3df1a04 / IDs32,race,3,1,19,4.0,3,80,80,0.9312292502048032,0.9270425778330044,0.87890625,1595,,
20261007T085005993320Z_8e1d3eed_s1,nca,nca / recipe 32b3df1a04 / IDs32,race,3,1,19,0.5,4,10,10,0.5017462165308498,0.5052059861329677,0.01953125,11556,,
20261007T085005993320Z_8e1d3eed_s1,nca,nca / recipe 32b3df1a04 / IDs32,race,3,1,19,1.0,4,20,20,0.7007717845901781,0.6973972010348053,0.26171875,6940,,
20261007T085005993320Z_8e1d3eed_s1,nca,nca / recipe 32b3df1a04 / IDs32,race,3,1,19,2.0,4,40,40,0.8994955374466433,0.8964728429144956,0.74609375,2331,,
20261007T085005993320Z_8e1d3eed_s1,nca,nca / recipe 32b3df1a04 / IDs32,race,3,1,19,4.0,4,80,80,0.9231664726426076,0.919414237287356,0.87109375,1782,,
20261007T085005993320Z_8e1d3eed_s1,nca,nca / recipe 32b3df1a04 / IDs32,race,3,1,19,0.5,5,10,10,0.5058853964558272,0.509415890601716,0.01171875,11460,,
20261007T085005993320Z_8e1d3eed_s1,nca,nca / recipe 32b3df1a04 / IDs32,race,3,1,19,1.0,5,20,20,0.699952571896693,0.6969359665629163,0.265625,6959,,
20261007T085005993320Z_8e1d3eed_s1,nca,nca / recipe 32b3df1a04 / IDs32,race,3,1,19,2.0,5,40,40,0.8936316992195921,0.8897929297719253,0.73828125,2467,,
20261007T085005993320Z_8e1d3eed_s1,nca,nca / recipe 32b3df1a04 / IDs32,race,3,1,19,4.0,5,80,80,0.9120424265942311,0.9079245013437931,0.8671875,2040,,
20261007T085005993320Z_8e1d3eed_s1,nca,nca / recipe 32b3df1a04 / IDs32,race,3,1,19,0.5,6,10,10,0.5019186823610572,0.5052557169668845,0.015625,11552,,
20261007T085005993320Z_8e1d3eed_s1,nca,nca / recipe 32b3df1a04 / IDs32,race,3,1,19,1.0,6,20,20,0.7052558961755702,0.7021038113119946,0.265625,6836,,
20261007T085005993320Z_8e1d3eed_s1,nca,nca / recipe 32b3df1a04 / IDs32,race,3,1,19,2.0,6,40,40,0.8939766308800069,0.8905533970371357,0.75390625,2459,,
20261007T085005993320Z_8e1d3eed_s1,nca,nca / recipe 32b3df1a04 / IDs32,race,3,1,19,4.0,6,80,80,0.9265726727892036,0.9234172819008424,0.8828125,1703,,
20261007T085005993320Z_8e1d3eed_s1,nca,nca / recipe 32b3df1a04 / IDs32,race,3,1,19,0.5,7,10,10,0.501961798818609,0.5050014967059564,0.015625,11551,,
20261007T085005993320Z_8e1d3eed_s1,nca,nca / recipe 32b3df1a04 / IDs32,race,3,1,19,1.0,7,20,20,0.7074548355107144,0.7042363191635896,0.26171875,6785,,
20261007T085005993320Z_8e1d3eed_s1,nca,nca / recipe 32b3df1a04 / IDs32,race,3,1,19,2.0,7,40,40,0.9049282110981762,0.9019994548854263,0.7578125,2205,,
20261007T085005993320Z_8e1d3eed_s1,nca,nca / recipe 32b3df1a04 / IDs32,race,3,1,19,4.0,7,80,80,0.9249342474022334,0.9223109649294097,0.890625,1741,,
20261007T085005993320Z_8e1d3eed_s1,nca,nca / recipe 32b3df1a04 / IDs32,race,3,1,25,0.5,0,13,13,0.5423470710212546,0.5381379571471882,0.078125,14125,,
20261007T085005993320Z_8e1d3eed_s1,nca,nca / recipe 32b3df1a04 / IDs32,race,3,1,25,1.0,0,25,26,0.6800803525142561,0.6659581962395151,0.3203125,9874,,
20261007T085005993320Z_8e1d3eed_s1,nca,nca / recipe 32b3df1a04 / IDs32,race,3,1,25,2.0,0,50,52,0.7966562986003111,0.7822590226583803,0.60546875,6276,,
20261007T085005993320Z_8e1d3eed_s1,nca,nca / recipe 32b3df1a04 / IDs32,race,3,1,25,4.0,0,100,104,0.8206972524624158,0.8034384802557945,0.73046875,5534,,
20261007T085005993320Z_8e1d3eed_s1,nca,nca / recipe 32b3df1a04 / IDs32,race,3,1,25,0.5,1,13,13,0.5437402799377916,0.540001735493642,0.078125,14082,,
20261007T085005993320Z_8e1d3eed_s1,nca,nca / recipe 32b3df1a04 / IDs32,race,3,1,25,1.0,1,25,26,0.685815189217211,0.6737345604717168,0.3125,9697,,
20261007T085005993320Z_8e1d3eed_s1,nca,nca / recipe 32b3df1a04 / IDs32,race,3,1,25,2.0,1,50,52,0.8011599274235355,0.7892896365944307,0.609375,6137,,
20261007T085005993320Z_8e1d3eed_s1,nca,nca / recipe 32b3df1a04 / IDs32,race,3,1,25,4.0,1,100,104,0.8304173146708139,0.8179193222287688,0.74609375,5234,,
20261007T085005993320Z_8e1d3eed_s1,nca,nca / recipe 32b3df1a04 / IDs32,race,3,1,25,0.5,2,13,13,0.5404354587869362,0.5359531648626955,0.078125,14184,,
20261007T085005993320Z_8e1d3eed_s1,nca,nca / recipe 32b3df1a04 / IDs32,race,3,1,25,1.0,2,25,26,0.6852319854847071,0.6715111344123806,0.30859375,9715,,
20261007T085005993320Z_8e1d3eed_s1,nca,nca / recipe 32b3df1a04 / IDs32,race,3,1,25,2.0,2,50,52,0.7943234836702955,0.7806343585433199,0.5859375,6348,,
20261007T085005993320Z_8e1d3eed_s1,nca,nca / recipe 32b3df1a04 / IDs32,race,3,1,25,4.0,2,100,104,0.8262376879212027,0.8142874241478718,0.72265625,5363,,
20261007T085005993320Z_8e1d3eed_s1,nca,nca / recipe 32b3df1a04 / IDs32,race,3,1,25,0.5,3,13,13,0.543383877656817,0.5394175215326654,0.0703125,14093,,
20261007T085005993320Z_8e1d3eed_s1,nca,nca / recipe 32b3df1a04 / IDs32,race,3,1,25,1.0,3,25,26,0.6868519958527735,0.6736690708622862,0.296875,9665,,
20261007T085005993320Z_8e1d3eed_s1,nca,nca / recipe 32b3df1a04 / IDs32,race,3,1,25,2.0,3,50,52,0.7950362882322447,0.782292855358949,0.609375,6326,,
20261007T085005993320Z_8e1d3eed_s1,nca,nca / recipe 32b3df1a04 / IDs32,race,3,1,25,4.0,3,100,104,0.8237428719543806,0.8094258684943201,0.7421875,5440,,
20261007T085005993320Z_8e1d3eed_s1,nca,nca / recipe 32b3df1a04 / IDs32,race,3,1,25,0.5,4,13,13,0.5406622602384655,0.536974342196204,0.07421875,14177,,
20261007T085005993320Z_8e1d3eed_s1,nca,nca / recipe 32b3df1a04 / IDs32,race,3,1,25,1.0,4,25,26,0.6886664074650077,0.6746523975239157,0.3203125,9609,,
20261007T085005993320Z_8e1d3eed_s1,nca,nca / recipe 32b3df1a04 / IDs32,race,3,1,25,2.0,4,50,52,0.8046915500259202,0.7908355819459931,0.62109375,6028,,
20261007T085005993320Z_8e1d3eed_s1,nca,nca / recipe 32b3df1a04 / IDs32,race,3,1,25,4.0,4,100,104,0.8451594090202177,0.831259236010509,0.73828125,4779,,
20261007T085005993320Z_8e1d3eed_s1,nca,nca / recipe 32b3df1a04 / IDs32,race,3,1,25,0.5,5,13,13,0.5377786417833074,0.5325903003148326,0.08203125,14266,,
20261007T085005993320Z_8e1d3eed_s1,nca,nca / recipe 32b3df1a04 / IDs32,race,3,1,25,1.0,5,25,26,0.6847459823742872,0.670948843829524,0.3046875,9730,,
20261007T085005993320Z_8e1d3eed_s1,nca,nca / recipe 32b3df1a04 / IDs32,race,3,1,25,2.0,5,50,52,0.8004795230689477,0.7895430747998576,0.61328125,6158,,
20261007T085005993320Z_8e1d3eed_s1,nca,nca / recipe 32b3df1a04 / IDs32,race,3,1,25,4.0,5,100,104,0.8243584758942457,0.8121510938586867,0.734375,5421,,
20261007T085005993320Z_8e1d3eed_s1,nca,nca / recipe 32b3df1a04 / IDs32,race,3,1,25,0.5,6,13,13,0.5392366511145671,0.5356284099340379,0.07421875,14221,,
20261007T085005993320Z_8e1d3eed_s1,nca,nca / recipe 32b3df1a04 / IDs32,race,3,1,25,1.0,6,25,26,0.6849403836184551,0.6737981642270876,0.32421875,9724,,
20261007T085005993320Z_8e1d3eed_s1,nca,nca / recipe 32b3df1a04 / IDs32,race,3,1,25,2.0,6,50,52,0.8062467599792639,0.7957523499675926,0.59765625,5980,,
20261007T085005993320Z_8e1d3eed_s1,nca,nca / recipe 32b3df1a04 / IDs32,race,3,1,25,4.0,6,100,104,0.831616122343183,0.8202501185439082,0.74609375,5197,,
20261007T085005993320Z_8e1d3eed_s1,nca,nca / recipe 32b3df1a04 / IDs32,race,3,1,25,0.5,7,13,13,0.5406622602384655,0.5367505610604788,0.078125,14177,,
20261007T085005993320Z_8e1d3eed_s1,nca,nca / recipe 32b3df1a04 / IDs32,race,3,1,25,1.0,7,25,26,0.6829315707620529,0.6692661581269271,0.3203125,9786,,
20261007T085005993320Z_8e1d3eed_s1,nca,nca / recipe 32b3df1a04 / IDs32,race,3,1,25,2.0,7,50,52,0.8037195438050804,0.7904764659938132,0.62109375,6058,,
20261007T085005993320Z_8e1d3eed_s1,nca,nca / recipe 32b3df1a04 / IDs32,race,3,1,25,4.0,7,100,104,0.8344349403836184,0.8193123282376358,0.74609375,5110,,
20261007T085005993320Z_8e1d3eed_s1,nca,nca / recipe 32b3df1a04 / IDs32,race,3,1,37,0.5,0,19,19,0.5033956224586902,0.4953697519724875,0.15625,22961,,
20261007T085005993320Z_8e1d3eed_s1,nca,nca / recipe 32b3df1a04 / IDs32,race,3,1,37,1.0,0,38,38,0.6107794791937019,0.6034822793891933,0.265625,17996,,
20261007T085005993320Z_8e1d3eed_s1,nca,nca / recipe 32b3df1a04 / IDs32,race,3,1,37,2.0,0,76,76,0.700882429275889,0.6925762152449444,0.4765625,13830,,
20261007T085005993320Z_8e1d3eed_s1,nca,nca / recipe 32b3df1a04 / IDs32,race,3,1,37,4.0,0,152,152,0.7237217752400726,0.715521154339346,0.56640625,12774,,
20261007T085005993320Z_8e1d3eed_s1,nca,nca / recipe 32b3df1a04 / IDs32,race,3,1,37,0.5,1,19,19,0.503893070334804,0.49520791513663315,0.15625,22938,,
20261007T085005993320Z_8e1d3eed_s1,nca,nca / recipe 32b3df1a04 / IDs32,race,3,1,37,1.0,1,38,38,0.6030149666926204,0.5954821091652261,0.27734375,18355,,
20261007T085005993320Z_8e1d3eed_s1,nca,nca / recipe 32b3df1a04 / IDs32,race,3,1,37,2.0,1,76,76,0.6825201141967299,0.674404942761373,0.47265625,14679,,
20261007T085005993320Z_8e1d3eed_s1,nca,nca / recipe 32b3df1a04 / IDs32,race,3,1,37,4.0,1,152,152,0.7048836404533264,0.6982358514659537,0.5546875,13645,,
20261007T085005993320Z_8e1d3eed_s1,nca,nca / recipe 32b3df1a04 / IDs32,race,3,1,37,0.5,2,19,19,0.5033956224586902,0.49503575935044913,0.16015625,22961,,
20261007T085005993320Z_8e1d3eed_s1,nca,nca / recipe 32b3df1a04 / IDs32,race,3,1,37,1.0,2,38,38,0.6048749891859158,0.5972485067072291,0.2734375,18269,,
20261007T085005993320Z_8e1d3eed_s1,nca,nca / recipe 32b3df1a04 / IDs32,race,3,1,37,2.0,2,76,76,0.682931049398737,0.6751821947766362,0.484375,14660,,
20261007T085005993320Z_8e1d3eed_s1,nca,nca / recipe 32b3df1a04 / IDs32,race,3,1,37,4.0,2,152,152,0.7081062375638031,0.7021862819884417,0.55078125,13496,,
20261007T085005993320Z_8e1d3eed_s1,nca,nca / recipe 32b3df1a04 / IDs32,race,3,1,37,0.5,3,19,19,0.50646682238948,0.4976570191405221,0.1640625,22819,,
20261007T085005993320Z_8e1d3eed_s1,nca,nca / recipe 32b3df1a04 / IDs32,race,3,1,37,1.0,3,38,38,0.6113850679124492,0.6034207336715546,0.265625,17968,,
20261007T085005993320Z_8e1d3eed_s1,nca,nca / recipe 32b3df1a04 / IDs32,race,3,1,37,2.0,3,76,76,0.6886625140583096,0.6799827241272457,0.48046875,14395,,
20261007T085005993320Z_8e1d3eed_s1,nca,nca / recipe 32b3df1a04 / IDs32,race,3,1,37,4.0,3,152,152,0.7126265247858812,0.7062247329312222,0.57421875,13287,,
20261007T085005993320Z_8e1d3eed_s1,nca,nca / recipe 32b3df1a04 / IDs32,race,3,1,37,0.5,4,19,19,0.5009300112466476,0.49206426915787344,0.16015625,23075,,
20261007T085005993320Z_8e1d3eed_s1,nca,nca / recipe 32b3df1a04 / IDs32,race,3,1,37,1.0,4,38,38,0.6036205554113677,0.5956279539754171,0.265625,18327,,
20261007T085005993320Z_8e1d3eed_s1,nca,nca / recipe 32b3df1a04 / IDs32,race,3,1,37,2.0,4,76,76,0.6861103901721602,0.6766092195560464,0.4921875,14513,,
20261007T085005993320Z_8e1d3eed_s1,nca,nca / recipe 32b3df1a04 / IDs32,race,3,1,37,4.0,4,152,152,0.7047971277792197,0.695525326091586,0.5625,13649,,
20261007T085005993320Z_8e1d3eed_s1,nca,nca / recipe 32b3df1a04 / IDs32,race,3,1,37,0.5,5,19,19,0.5027035210658362,0.49428070014065756,0.16015625,22993,,
20261007T085005993320Z_8e1d3eed_s1,nca,nca / recipe 32b3df1a04 / IDs32,race,3,1,37,1.0,5,38,38,0.6091357383856735,0.6020540056449207,0.27734375,18072,,
20261007T085005993320Z_8e1d3eed_s1,nca,nca / recipe 32b3df1a04 / IDs32,race,3,1,37,2.0,5,76,76,0.6932693139544943,0.6866730157632435,0.48046875,14182,,
20261007T085005993320Z_8e1d3eed_s1,nca,nca / recipe 32b3df1a04 / IDs32,race,3,1,37,4.0,5,152,152,0.714097240245696,0.7076154410834455,0.55859375,13219,,
20261007T085005993320Z_8e1d3eed_s1,nca,nca / recipe 32b3df1a04 / IDs32,race,3,1,37,0.5,6,19,19,0.5030063154252098,0.4945975101074891,0.15234375,22979,,
20261007T085005993320Z_8e1d3eed_s1,nca,nca / recipe 32b3df1a04 / IDs32,race,3,1,37,1.0,6,38,38,0.6018470455921793,0.5940546079690446,0.26953125,18409,,
20261007T085005993320Z_8e1d3eed_s1,nca,nca / recipe 32b3df1a04 / IDs32,race,3,1,37,2.0,6,76,76,0.6853317761051995,0.6762421619036204,0.48828125,14549,,
20261007T085005993320Z_8e1d3eed_s1,nca,nca / recipe 32b3df1a04 / IDs32,race,3,1,37,4.0,6,152,152,0.7091227614845574,0.7009390499938383,0.55859375,13449,,
20261007T085005993320Z_8e1d3eed_s1,nca,nca / recipe 32b3df1a04 / IDs32,race,3,1,37,0.5,7,19,19,0.5055368111428324,0.4968412770228236,0.15234375,22862,,
20261007T085005993320Z_8e1d3eed_s1,nca,nca / recipe 32b3df1a04 / IDs32,race,3,1,37,1.0,7,38,38,0.614802318539666,0.6075747893047895,0.26953125,17810,,
20261007T085005993320Z_8e1d3eed_s1,nca,nca / recipe 32b3df1a04 / IDs32,race,3,1,37,2.0,7,76,76,0.6918202266632062,0.6822382210033977,0.484375,14249,,
20261007T085005993320Z_8e1d3eed_s1,nca,nca / recipe 32b3df1a04 / IDs32,race,3,1,37,4.0,7,152,152,0.7156760965481443,0.7069514536717572,0.55859375,13146,,
20261007T091602085399Z_cd28eea6_s0,nca,nca / recipe 4aad7661ef / IDs32,liberties,4,0,9,0.5,0,1,15,0.5691941827494741,0.6097074578167541,0.0,4710,1568,3142
20261007T091602085399Z_cd28eea6_s0,nca,nca / recipe 4aad7661ef / IDs32,liberties,4,0,9,1.0,0,1,30,0.7559681697612732,0.7811526171808675,0.046875,2668,1026,1642
20261007T091602085399Z_cd28eea6_s0,nca,nca / recipe 4aad7661ef / IDs32,liberties,4,0,9,2.0,0,2,60,0.9083508643556206,0.9133072997184988,0.3125,1002,459,543
20261007T091602085399Z_cd28eea6_s0,nca,nca / recipe 4aad7661ef / IDs32,liberties,4,0,9,4.0,0,4,120,0.9689014908991128,0.9694457230518281,0.67578125,340,157,183
20261007T091602085399Z_cd28eea6_s0,nca,nca / recipe 4aad7661ef / IDs32,liberties,4,0,9,0.5,1,1,15,0.5687368517332846,0.6097387842002472,0.0,4715,1577,3138
20261007T091602085399Z_cd28eea6_s0,nca,nca / recipe 4aad7661ef / IDs32,liberties,4,0,9,1.0,1,1,30,0.7558767035580353,0.7813912452224301,0.046875,2669,1030,1639
20261007T091602085399Z_cd28eea6_s0,nca,nca / recipe 4aad7661ef / IDs32,liberties,4,0,9,2.0,1,2,60,0.9075276685264795,0.9133033469305898,0.28515625,1011,471,540
20261007T091602085399Z_cd28eea6_s0,nca,nca / recipe 4aad7661ef / IDs32,liberties,4,0,9,4.0,1,4,120,0.9719198756059636,0.9724021464611556,0.6640625,307,150,157
20261007T091602085399Z_cd28eea6_s0,nca,nca / recipe 4aad7661ef / IDs32,liberties,4,0,9,0.5,2,1,15,0.5716637702368975,0.6137769902950425,0.0,4683,1555,3128
20261007T091602085399Z_cd28eea6_s0,nca,nca / recipe 4aad7661ef / IDs32,liberties,4,0,9,1.0,2,1,30,0.7545961767127046,0.7801137523275784,0.05078125,2683,1020,1663
20261007T091602085399Z_cd28eea6_s0,nca,nca / recipe 4aad7661ef / IDs32,liberties,4,0,9,2.0,2,2,60,0.9024055611451569,0.9074097000133656,0.28515625,1067,508,559
20261007T091602085399Z_cd28eea6_s0,nca,nca / recipe 4aad7661ef / IDs32,liberties,4,0,9,4.0,2,4,120,0.9666148358181652,0.966803863471075,0.671875,365,186,179
20261007T091602085399Z_cd28eea6_s0,nca,nca / recipe 4aad7661ef / IDs32,liberties,4,0,9,0.5,3,1,15,0.5692856489527119,0.6102963537099818,0.0,4709,1576,3133
20261007T091602085399Z_cd28eea6_s0,nca,nca / recipe 4aad7661ef / IDs32,liberties,4,0,9,1.0,3,1,30,0.7547791091191804,0.7803128648396099,0.046875,2681,1037,1644
20261007T091602085399Z_cd28eea6_s0,nca,nca / recipe 4aad7661ef / IDs32,liberties,4,0,9,2.0,3,2,60,0.9068874051038142,0.9123017262075588,0.28125,1018,483,535
20261007T091602085399Z_cd28eea6_s0,nca,nca / recipe 4aad7661ef / IDs32,liberties,4,0,9,4.0,3,4,120,0.9728345376383426,0.9730224367704099,0.703125,297,155,142
20261007T091602085399Z_cd28eea6_s0,nca,nca / recipe 4aad7661ef / IDs32,liberties,4,0,9,0.5,4,1,15,0.5707491082045184,0.6112595909210063,0.0,4693,1574,3119
20261007T091602085399Z_cd28eea6_s0,nca,nca / recipe 4aad7661ef / IDs32,liberties,4,0,9,1.0,4,1,30,0.7542303118997531,0.7806634234574068,0.04296875,2687,1025,1662
20261007T091602085399Z_cd28eea6_s0,nca,nca / recipe 4aad7661ef / IDs32,liberties,4,0,9,2.0,4,2,60,0.9055154120552455,0.9113104834371698,0.296875,1033,464,569
20261007T091602085399Z_cd28eea6_s0,nca,nca / recipe 4aad7661ef / IDs32,liberties,4,0,9,4.0,4,4,120,0.9673465654440684,0.9690274186056383,0.6640625,357,151,206
20261007T091602085399Z_cd28eea6_s0,nca,nca / recipe 4aad7661ef / IDs32,liberties,4,0,9,0.5,5,1,15,0.5692856489527119,0.610353035061794,0.0,4709,1578,3131
20261007T091602085399Z_cd28eea6_s0,nca,nca / recipe 4aad7661ef / IDs32,liberties,4,0,9,1.0,5,1,30,0.7539559132900393,0.7789405813338154,0.04296875,2690,1024,1666
20261007T091602085399Z_cd28eea6_s0,nca,nca / recipe 4aad7661ef / IDs32,liberties,4,0,9,2.0,5,2,60,0.9077106009329553,0.9126646277632431,0.3125,1009,491,518
20261007T091602085399Z_cd28eea6_s0,nca,nca / recipe 4aad7661ef / IDs32,liberties,4,0,9,4.0,5,4,120,0.9721028080124394,0.972040529474929,0.6640625,305,164,141
20261007T091602085399Z_cd28eea6_s0,nca,nca / recipe 4aad7661ef / IDs32,liberties,4,0,9,0.5,6,1,15,0.5665416628555748,0.6077790399431061,0.0,4739,1579,3160
20261007T091602085399Z_cd28eea6_s0,nca,nca / recipe 4aad7661ef / IDs32,liberties,4,0,9,1.0,6,1,30,0.7546876429159426,0.7795957517933833,0.04296875,2682,1032,1650
20261007T091602085399Z_cd28eea6_s0,nca,nca / recipe 4aad7661ef / IDs32,liberties,4,0,9,2.0,6,2,60,0.9082593981523827,0.9137184687668491,0.28125,1003,468,535
20261007T091602085399Z_cd28eea6_s0,nca,nca / recipe 4aad7661ef / IDs32,liberties,4,0,9,4.0,6,4,120,0.9702734839476813,0.9711415492643507,0.65234375,325,155,170
20261007T091602085399Z_cd28eea6_s0,nca,nca / recipe 4aad7661ef / IDs32,liberties,4,0,9,0.5,7,1,15,0.5699259123753773,0.6112476037409031,0.0,4702,1574,3128
20261007T091602085399Z_cd28eea6_s0,nca,nca / recipe 4aad7661ef / IDs32,liberties,4,0,9,1.0,7,1,30,0.753315649867374,0.7789677497968175,0.05078125,2697,1039,1658
20261007T091602085399Z_cd28eea6_s0,nca,nca / recipe 4aad7661ef / IDs32,liberties,4,0,9,2.0,7,2,60,0.9067959389005762,0.9123310143832606,0.29296875,1019,480,539
20261007T091602085399Z_cd28eea6_s0,nca,nca / recipe 4aad7661ef / IDs32,liberties,4,0,9,4.0,7,4,120,0.9734748010610079,0.9742029091599312,0.671875,290,136,154
20261007T091602085399Z_cd28eea6_s0,nca,nca / recipe 4aad7661ef / IDs32,liberties,4,0,13,0.5,0,1,35,0.6412015730901179,0.6611850455989261,0.0078125,8576,2178,6398
20261007T091602085399Z_cd28eea6_s0,nca,nca / recipe 4aad7661ef / IDs32,liberties,4,0,13,1.0,0,1,70,0.7336206175215463,0.7280843404110717,0.02734375,6367,2913,3454
20261007T091602085399Z_cd28eea6_s0,nca,nca / recipe 4aad7661ef / IDs32,liberties,4,0,13,2.0,0,2,140,0.8139067860430089,0.7955686242571404,0.20703125,4448,2853,1595
20261007T091602085399Z_cd28eea6_s0,nca,nca / recipe 4aad7661ef / IDs32,liberties,4,0,13,4.0,0,4,280,0.8362898502217387,0.8171965073159009,0.48828125,3913,2620,1293
20261007T091602085399Z_cd28eea6_s0,nca,nca / recipe 4aad7661ef / IDs32,liberties,4,0,13,0.5,1,1,35,0.6437954982846624,0.6648836162524663,0.01171875,8514,2196,6318
20261007T091602085399Z_cd28eea6_s0,nca,nca / recipe 4aad7661ef / IDs32,liberties,4,0,13,1.0,1,1,70,0.7329512174713413,0.7273027566402661,0.0390625,6383,2910,3473
20261007T091602085399Z_cd28eea6_s0,nca,nca / recipe 4aad7661ef / IDs32,liberties,4,0,13,2.0,1,2,140,0.8173792988034474,0.7985323537673564,0.1953125,4365,2839,1526
20261007T091602085399Z_cd28eea6_s0,nca,nca / recipe 4aad7661ef / IDs32,liberties,4,0,13,4.0,1,4,280,0.8363316877248765,0.818274526834135,0.48046875,3912,2657,1255
20261007T091602085399Z_cd28eea6_s0,nca,nca / recipe 4aad7661ef / IDs32,liberties,4,0,13,0.5,2,1,35,0.6411178980838423,0.6615779552328368,0.0078125,8578,2177,6401
20261007T091602085399Z_cd28eea6_s0,nca,nca / recipe 4aad7661ef / IDs32,liberties,4,0,13,1.0,2,1,70,0.7338716425403732,0.7276468772672361,0.02734375,6361,2886,3475
20261007T091602085399Z_cd28eea6_s0,nca,nca / recipe 4aad7661ef / IDs32,liberties,4,0,13,2.0,2,2,140,0.8151200736340055,0.7972158006964967,0.203125,4419,2807,1612
20261007T091602085399Z_cd28eea6_s0,nca,nca / recipe 4aad7661ef / IDs32,liberties,4,0,13,4.0,2,4,280,0.8358296376872228,0.8175855675852866,0.50390625,3924,2595,1329
20261007T091602085399Z_cd28eea6_s0,nca,nca / recipe 4aad7661ef / IDs32,liberties,4,0,13,0.5,3,1,35,0.6429587482219061,0.6632160288397762,0.0078125,8534,2192,6342
20261007T091602085399Z_cd28eea6_s0,nca,nca / recipe 4aad7661ef / IDs32,liberties,4,0,13,1.0,3,1,70,0.7313613923521044,0.7255445042354087,0.0390625,6421,2919,3502
20261007T091602085399Z_cd28eea6_s0,nca,nca / recipe 4aad7661ef / IDs32,liberties,4,0,13,2.0,3,2,140,0.8152037486402811,0.7972418712757615,0.21484375,4417,2832,1585
20261007T091602085399Z_cd28eea6_s0,nca,nca / recipe 4aad7661ef / IDs32,liberties,4,0,13,4.0,3,4,280,0.8385490753911806,0.8202974714832133,0.48828125,3859,2587,1272
20261007T091602085399Z_cd28eea6_s0,nca,nca / recipe 4aad7661ef / IDs32,liberties,4,0,13,0.5,4,1,35,0.6435444732658355,0.6642894642432959,0.01171875,8520,2161,6359
20261007T091602085399Z_cd28eea6_s0,nca,nca / recipe 4aad7661ef / IDs32,liberties,4,0,13,1.0,4,1,70,0.7317797673834826,0.7256327059264784,0.03515625,6411,2942,3469
20261007T091602085399Z_cd28eea6_s0,nca,nca / recipe 4aad7661ef / IDs32,liberties,4,0,13,2.0,4,2,140,0.8145343485900761,0.7961813057489083,0.2109375,4433,2841,1592
20261007T091602085399Z_cd28eea6_s0,nca,nca / recipe 4aad7661ef / IDs32,liberties,4,0,13,4.0,4,4,280,0.835787800184085,0.8169510419184848,0.5078125,3925,2618,1307
20261007T091602085399Z_cd28eea6_s0,nca,nca / recipe 4aad7661ef / IDs32,liberties,4,0,13,0.5,5,1,35,0.6436281482721111,0.6635377069522446,0.0078125,8518,2201,6317
20261007T091602085399Z_cd28eea6_s0,nca,nca / recipe 4aad7661ef / IDs32,liberties,4,0,13,1.0,5,1,70,0.7334951050121329,0.727253318285341,0.03515625,6370,2971,3399
20261007T091602085399Z_cd28eea6_s0,nca,nca / recipe 4aad7661ef / IDs32,liberties,4,0,13,2.0,5,2,140,0.8136975985273199,0.7951667815810892,0.20703125,4453,2850,1603
20261007T091602085399Z_cd28eea6_s0,nca,nca / recipe 4aad7661ef / IDs32,liberties,4,0,13,4.0,5,4,280,0.8333612250020919,0.8140717940011835,0.47265625,3983,2637,1346
20261007T091602085399Z_cd28eea6_s0,nca,nca / recipe 4aad7661ef / IDs32,liberties,4,0,13,0.5,6,1,35,0.641410760605807,0.6609937672897026,0.0078125,8571,2237,6334
20261007T091602085399Z_cd28eea6_s0,nca,nca / recipe 4aad7661ef / IDs32,liberties,4,0,13,1.0,6,1,70,0.7334951050121329,0.7277157578306873,0.03515625,6370,2913,3457
20261007T091602085399Z_cd28eea6_s0,nca,nca / recipe 4aad7661ef / IDs32,liberties,4,0,13,2.0,6,2,140,0.8164588737344155,0.7981154587282688,0.21484375,4387,2843,1544
20261007T091602085399Z_cd28eea6_s0,nca,nca / recipe 4aad7661ef / IDs32,liberties,4,0,13,4.0,6,4,280,0.8361225002091875,0.8176038103711105,0.5,3917,2660,1257
20261007T091602085399Z_cd28eea6_s0,nca,nca / recipe 4aad7661ef / IDs32,liberties,4,0,13,0.5,7,1,35,0.6424148606811145,0.6632432217831818,0.01171875,8547,2196,6351
20261007T091602085399Z_cd28eea6_s0,nca,nca / recipe 4aad7661ef / IDs32,liberties,4,0,13,1.0,7,1,70,0.7333695925027195,0.7274846649416994,0.03125,6373,2906,3467
20261007T091602085399Z_cd28eea6_s0,nca,nca / recipe 4aad7661ef / IDs32,liberties,4,0,13,2.0,7,2,140,0.8131118734833905,0.7941632466211562,0.19921875,4467,2861,1606
20261007T091602085399Z_cd28eea6_s0,nca,nca / recipe 4aad7661ef / IDs32,liberties,4,0,13,4.0,7,4,280,0.8382143753660781,0.8193999259214142,0.51171875,3867,2581,1286
20261007T091602085399Z_cd28eea6_s0,nca,nca / recipe 4aad7661ef / IDs32,liberties,4,0,19,0.5,0,1,80,0.6584399306963542,0.6422414520389947,0.00390625,18531,5962,12569
20261007T091602085399Z_cd28eea6_s0,nca,nca / recipe 4aad7661ef / IDs32,liberties,4,0,19,1.0,0,1,160,0.7243705533232573,0.6991058055464858,0.01171875,14954,7235,7719
20261007T091602085399Z_cd28eea6_s0,nca,nca / recipe 4aad7661ef / IDs32,liberties,4,0,19,2.0,0,2,320,0.7457698971504405,0.7119167609236874,0.13671875,13793,9074,4719
20261007T091602085399Z_cd28eea6_s0,nca,nca / recipe 4aad7661ef / IDs32,liberties,4,0,19,4.0,0,4,640,0.7468942382128506,0.713311694665433,0.359375,13732,9586,4146
20261007T091602085399Z_cd28eea6_s0,nca,nca / recipe 4aad7661ef / IDs32,liberties,4,0,19,0.5,1,1,80,0.6611125446971652,0.6458020586286779,0.015625,18386,6080,12306
20261007T091602085399Z_cd28eea6_s0,nca,nca / recipe 4aad7661ef / IDs32,liberties,4,0,19,1.0,1,1,160,0.7270431673240683,0.7014610464308926,0.015625,14809,7159,7650
20261007T091602085399Z_cd28eea6_s0,nca,nca / recipe 4aad7661ef / IDs32,liberties,4,0,19,2.0,1,2,320,0.7488664430272423,0.7153610021105479,0.12890625,13625,9092,4533
20261007T091602085399Z_cd28eea6_s0,nca,nca / recipe 4aad7661ef / IDs32,liberties,4,0,19,4.0,1,4,640,0.7498248977033951,0.7172136199736602,0.359375,13573,9354,4219
20261007T091602085399Z_cd28eea6_s0,nca,nca / recipe 4aad7661ef / IDs32,liberties,4,0,19,0.5,2,1,80,0.6601725218417075,0.6435796510310952,0.01171875,18437,5919,12518
20261007T091602085399Z_cd28eea6_s0,nca,nca / recipe 4aad7661ef / IDs32,liberties,4,0,19,1.0,2,1,160,0.7270063036826778,0.7023943909920546,0.0078125,14811,6993,7818
20261007T091602085399Z_cd28eea6_s0,nca,nca / recipe 4aad7661ef / IDs32,liberties,4,0,19,2.0,2,2,320,0.7479079883510893,0.7140388298529883,0.140625,13677,9040,4637
20261007T091602085399Z_cd28eea6_s0,nca,nca / recipe 4aad7661ef / IDs32,liberties,4,0,19,4.0,2,4,640,0.7551885575257123,0.7227390107207093,0.359375,13282,9140,4142
20261007T091602085399Z_cd28eea6_s0,nca,nca / recipe 4aad7661ef / IDs32,liberties,4,0,19,0.5,3,1,80,0.6607623401039555,0.6449509624679622,0.00390625,18405,6039,12366
20261007T091602085399Z_cd28eea6_s0,nca,nca / recipe 4aad7661ef / IDs32,liberties,4,0,19,1.0,3,1,160,0.7296420540420983,0.7056261576091362,0.01171875,14668,6788,7880
20261007T091602085399Z_cd28eea6_s0,nca,nca / recipe 4aad7661ef / IDs32,liberties,4,0,19,2.0,3,2,320,0.7460095108194787,0.7125989377045743,0.140625,13780,9163,4617
20261007T091602085399Z_cd28eea6_s0,nca,nca / recipe 4aad7661ef / IDs32,liberties,4,0,19,4.0,3,4,640,0.7493272385446235,0.7172285907533149,0.375,13600,9320,4280
20261007T091602085399Z_cd28eea6_s0,nca,nca / recipe 4aad7661ef / IDs32,liberties,4,0,19,0.5,4,1,80,0.6622184539388801,0.6458043198482922,0.0078125,18326,5859,12467
20261007T091602085399Z_cd28eea6_s0,nca,nca / recipe 4aad7661ef / IDs32,liberties,4,0,19,1.0,4,1,160,0.7287204630073358,0.7035728417145863,0.0078125,14718,6896,7822
20261007T091602085399Z_cd28eea6_s0,nca,nca / recipe 4aad7661ef / IDs32,liberties,4,0,19,2.0,4,2,320,0.7497696022413094,0.7159876464051178,0.12109375,13576,8805,4771
20261007T091602085399Z_cd28eea6_s0,nca,nca / recipe 4aad7661ef / IDs32,liberties,4,0,19,4.0,4,4,640,0.7533822390975781,0.7210818463016084,0.36328125,13380,9247,4133
20261007T091602085399Z_cd28eea6_s0,nca,nca / recipe 4aad7661ef / IDs32,liberties,4,0,19,0.5,5,1,80,0.6587717034688687,0.6419818745502848,0.00390625,18513,6186,12327
20261007T091602085399Z_cd28eea6_s0,nca,nca / recipe 4aad7661ef / IDs32,liberties,4,0,19,1.0,5,1,160,0.7324252589670808,0.708228304486406,0.0078125,14517,6634,7883
20261007T091602085399Z_cd28eea6_s0,nca,nca / recipe 4aad7661ef / IDs32,liberties,4,0,19,2.0,5,2,320,0.7467836472886792,0.7131007892433519,0.1484375,13738,9295,4443
20261007T091602085399Z_cd28eea6_s0,nca,nca / recipe 4aad7661ef / IDs32,liberties,4,0,19,4.0,5,4,640,0.7496221476757474,0.7167478295613817,0.3515625,13584,9423,4161
20261007T091602085399Z_cd28eea6_s0,nca,nca / recipe 4aad7661ef / IDs32,liberties,4,0,19,0.5,6,1,80,0.6611862719799462,0.6455809562052316,0.01171875,18382,6011,12371
20261007T091602085399Z_cd28eea6_s0,nca,nca / recipe 4aad7661ef / IDs32,liberties,4,0,19,1.0,6,1,160,0.7242230987576953,0.7000693580569214,0.01171875,14962,6957,8005
20261007T091602085399Z_cd28eea6_s0,nca,nca / recipe 4aad7661ef / IDs32,liberties,4,0,19,2.0,6,2,320,0.7473550337302318,0.7136166914433577,0.125,13707,9081,4626
20261007T091602085399Z_cd28eea6_s0,nca,nca / recipe 4aad7661ef / IDs32,liberties,4,0,19,4.0,6,4,640,0.7523869207800347,0.7198870915942919,0.36328125,13434,9299,4135
20261007T091602085399Z_cd28eea6_s0,nca,nca / recipe 4aad7661ef / IDs32,liberties,4,0,19,0.5,7,1,80,0.6627898403804328,0.6470621273778888,0.0078125,18295,5806,12489
20261007T091602085399Z_cd28eea6_s0,nca,nca / recipe 4aad7661ef / IDs32,liberties,4,0,19,1.0,7,1,160,0.7297710767869651,0.7057213629906338,0.0078125,14661,6899,7762
20261007T091602085399Z_cd28eea6_s0,nca,nca / recipe 4aad7661ef / IDs32,liberties,4,0,19,2.0,7,2,320,0.7489586021307185,0.7159467182870568,0.1328125,13620,8972,4648
20261007T091602085399Z_cd28eea6_s0,nca,nca / recipe 4aad7661ef / IDs32,liberties,4,0,19,4.0,7,4,640,0.7555203302982268,0.7231232489890268,0.3671875,13264,8994,4270
20261007T091602085399Z_cd28eea6_s0,nca,nca / recipe 4aad7661ef / IDs32,liberties,4,0,25,0.5,0,1,143,0.6485097853035818,0.6142068667201062,0.00390625,33316,12719,20597
20261007T091602085399Z_cd28eea6_s0,nca,nca / recipe 4aad7661ef / IDs32,liberties,4,0,25,1.0,0,1,286,0.6964287598248668,0.6631284114157447,0.00390625,28774,15304,13470
20261007T091602085399Z_cd28eea6_s0,nca,nca / recipe 4aad7661ef / IDs32,liberties,4,0,25,2.0,0,2,572,0.6982117423642982,0.6617390713595264,0.09375,28605,19458,9147
20261007T091602085399Z_cd28eea6_s0,nca,nca / recipe 4aad7661ef / IDs32,liberties,4,0,25,4.0,0,4,1144,0.6992140106556944,0.6638209025668,0.2578125,28510,19485,9025
20261007T091602085399Z_cd28eea6_s0,nca,nca / recipe 4aad7661ef / IDs32,liberties,4,0,25,0.5,1,1,143,0.6414517064936435,0.6079590262772478,0.0078125,33985,13053,20932
20261007T091602085399Z_cd28eea6_s0,nca,nca / recipe 4aad7661ef / IDs32,liberties,4,0,25,1.0,1,1,286,0.6879147544442686,0.6541395829192793,0.00390625,29581,15668,13913
20261007T091602085399Z_cd28eea6_s0,nca,nca / recipe 4aad7661ef / IDs32,liberties,4,0,25,2.0,1,2,572,0.6961544548188004,0.659534245455892,0.08984375,28800,19229,9571
20261007T091602085399Z_cd28eea6_s0,nca,nca / recipe 4aad7661ef / IDs32,liberties,4,0,25,4.0,1,4,1144,0.6914490689455083,0.6553771185731759,0.27734375,29246,20105,9141
20261007T091602085399Z_cd28eea6_s0,nca,nca / recipe 4aad7661ef / IDs32,liberties,4,0,25,0.5,2,1,143,0.6416205095742997,0.6083088674543032,0.00390625,33969,13270,20699
20261007T091602085399Z_cd28eea6_s0,nca,nca / recipe 4aad7661ef / IDs32,liberties,4,0,25,1.0,2,1,286,0.6894761829403386,0.6548972388418142,0.00390625,29433,15685,13748
20261007T091602085399Z_cd28eea6_s0,nca,nca / recipe 4aad7661ef / IDs32,liberties,4,0,25,2.0,2,2,572,0.6963760088621618,0.6595816266814158,0.09765625,28779,19503,9276
20261007T091602085399Z_cd28eea6_s0,nca,nca / recipe 4aad7661ef / IDs32,liberties,4,0,25,4.0,2,4,1144,0.6920609801128871,0.6560007254152854,0.25390625,29188,20096,9092
20261007T091602085399Z_cd28eea6_s0,nca,nca / recipe 4aad7661ef / IDs32,liberties,4,0,25,0.5,3,1,143,0.6470960595030859,0.6133955351463952,0.0078125,33450,12765,20685
20261007T091602085399Z_cd28eea6_s0,nca,nca / recipe 4aad7661ef / IDs32,liberties,4,0,25,1.0,3,1,286,0.6967558157936382,0.6634569398688103,0.00390625,28743,15115,13628
20261007T091602085399Z_cd28eea6_s0,nca,nca / recipe 4aad7661ef / IDs32,liberties,4,0,25,2.0,3,2,572,0.6974521285013452,0.66077868291361,0.09375,28677,19076,9601
20261007T091602085399Z_cd28eea6_s0,nca,nca / recipe 4aad7661ef / IDs32,liberties,4,0,25,4.0,3,4,1144,0.694350371894287,0.6584117011055786,0.26953125,28971,19466,9505
20261007T091602085399Z_cd28eea6_s0,nca,nca / recipe 4aad7661ef / IDs32,liberties,4,0,25,0.5,4,1,143,0.6477607216331698,0.6138845006516289,0.00390625,33387,13078,20309
20261007T091602085399Z_cd28eea6_s0,nca,nca / recipe 4aad7661ef / IDs32,liberties,4,0,25,1.0,4,1,286,0.6866592815318879,0.652999329873227,0.00390625,29700,16148,13552
20261007T091602085399Z_cd28eea6_s0,nca,nca / recipe 4aad7661ef / IDs32,liberties,4,0,25,2.0,4,2,572,0.6950888853721581,0.6581232905342265,0.09375,28901,19767,9134
20261007T091602085399Z_cd28eea6_s0,nca,nca / recipe 4aad7661ef / IDs32,liberties,4,0,25,4.0,4,4,1144,0.693538007068629,0.6578301275615205,0.2734375,29048,19750,9298
20261007T091602085399Z_cd28eea6_s0,nca,nca / recipe 4aad7661ef / IDs32,liberties,4,0,25,0.5,5,1,143,0.6436355963496334,0.6097225851636235,0.0078125,33778,13298,20480
20261007T091602085399Z_cd28eea6_s0,nca,nca / recipe 4aad7661ef / IDs32,liberties,4,0,25,1.0,5,1,286,0.6914174183678852,0.6577510932128041,0.0,29249,15769,13480
20261007T091602085399Z_cd28eea6_s0,nca,nca / recipe 4aad7661ef / IDs32,liberties,4,0,25,2.0,5,2,572,0.7009231418473387,0.6655832598563718,0.1171875,28348,19255,9093
20261007T091602085399Z_cd28eea6_s0,nca,nca / recipe 4aad7661ef / IDs32,liberties,4,0,25,4.0,5,4,1144,0.6905945033496861,0.6545273778478538,0.2734375,29327,20017,9310
20261007T091602085399Z_cd28eea6_s0,nca,nca / recipe 4aad7661ef / IDs32,liberties,4,0,25,0.5,6,1,143,0.6510312813208841,0.6173013144842852,0.0078125,33077,12529,20548
20261007T091602085399Z_cd28eea6_s0,nca,nca / recipe 4aad7661ef / IDs32,liberties,4,0,25,1.0,6,1,286,0.6976525821596244,0.6636004752566294,0.00390625,28658,15097,13561
20261007T091602085399Z_cd28eea6_s0,nca,nca / recipe 4aad7661ef / IDs32,liberties,4,0,25,2.0,6,2,572,0.6994039141214328,0.66265763527496,0.10546875,28492,19235,9257
20261007T091602085399Z_cd28eea6_s0,nca,nca / recipe 4aad7661ef / IDs32,liberties,4,0,25,4.0,6,4,1144,0.6925146383921507,0.6581479169396629,0.2734375,29145,19366,9779
20261007T091602085399Z_cd28eea6_s0,nca,nca / recipe 4aad7661ef / IDs32,liberties,4,0,25,0.5,7,1,143,0.6477396212480878,0.6145714403500895,0.00390625,33389,13032,20357
20261007T091602085399Z_cd28eea6_s0,nca,nca / recipe 4aad7661ef / IDs32,liberties,4,0,25,1.0,7,1,286,0.6936224086089571,0.6601746081306957,0.0,29040,15493,13547
20261007T091602085399Z_cd28eea6_s0,nca,nca / recipe 4aad7661ef / IDs32,liberties,4,0,25,2.0,7,2,572,0.6990979585377434,0.662638225919614,0.1015625,28521,19291,9230
20261007T091602085399Z_cd28eea6_s0,nca,nca / recipe 4aad7661ef / IDs32,liberties,4,0,25,4.0,7,4,1144,0.6937912116896133,0.6582327273216175,0.26953125,29024,19863,9161
20261007T091602085399Z_cd28eea6_s0,nca,nca / recipe 4aad7661ef / IDs32,liberties,4,0,37,0.5,0,2,323,0.653797584323358,0.6168121777416957,0.0,69909,29584,40325
20261007T091602085399Z_cd28eea6_s0,nca,nca / recipe 4aad7661ef / IDs32,liberties,4,0,37,1.0,0,3,646,0.6979908978809594,0.6599221627268316,0.00390625,60985,32858,28127
20261007T091602085399Z_cd28eea6_s0,nca,nca / recipe 4aad7661ef / IDs32,liberties,4,0,37,2.0,0,6,1292,0.7036908647013088,0.6634590157484757,0.13671875,59834,36102,23732
20261007T091602085399Z_cd28eea6_s0,nca,nca / recipe 4aad7661ef / IDs32,liberties,4,0,37,4.0,0,12,2584,0.6996053107249506,0.659355916676267,0.28125,60659,36839,23820
20261007T091602085399Z_cd28eea6_s0,nca,nca / recipe 4aad7661ef / IDs32,liberties,4,0,37,0.5,1,2,323,0.6526387726500636,0.6150222654319487,0.0,70143,28949,41194
20261007T091602085399Z_cd28eea6_s0,nca,nca / recipe 4aad7661ef / IDs32,liberties,4,0,37,1.0,1,3,646,0.700258999361168,0.6611552749580364,0.00390625,60527,33261,27266
20261007T091602085399Z_cd28eea6_s0,nca,nca / recipe 4aad7661ef / IDs32,liberties,4,0,37,2.0,1,6,1292,0.6985752559042445,0.6579150667550592,0.13671875,60867,36711,24156
20261007T091602085399Z_cd28eea6_s0,nca,nca / recipe 4aad7661ef / IDs32,liberties,4,0,37,4.0,1,12,2584,0.6993577013930501,0.6582266443651321,0.28125,60709,36815,23894
20261007T091602085399Z_cd28eea6_s0,nca,nca / recipe 4aad7661ef / IDs32,liberties,4,0,37,0.5,2,2,323,0.6541789026944848,0.6169811237117107,0.00390625,69832,29316,40516
20261007T091602085399Z_cd28eea6_s0,nca,nca / recipe 4aad7661ef / IDs32,liberties,4,0,37,1.0,2,3,646,0.7021853999633538,0.6641998670740886,0.0,60138,32348,27790
20261007T091602085399Z_cd28eea6_s0,nca,nca / recipe 4aad7661ef / IDs32,liberties,4,0,37,2.0,2,6,1292,0.7060778186608296,0.66588402251936,0.125,59352,35760,23592
20261007T091602085399Z_cd28eea6_s0,nca,nca / recipe 4aad7661ef / IDs32,liberties,4,0,37,4.0,2,12,2584,0.6942173316627958,0.6540740154863316,0.27734375,61747,37388,24359
20261007T091602085399Z_cd28eea6_s0,nca,nca / recipe 4aad7661ef / IDs32,liberties,4,0,37,0.5,3,2,323,0.6564618607346073,0.6188357790553897,0.00390625,69371,29207,40164
20261007T091602085399Z_cd28eea6_s0,nca,nca / recipe 4aad7661ef / IDs32,liberties,4,0,37,1.0,3,3,646,0.6972332133253438,0.6588184084532553,0.00390625,61138,33674,27464
20261007T091602085399Z_cd28eea6_s0,nca,nca / recipe 4aad7661ef / IDs32,liberties,4,0,37,2.0,3,6,1292,0.6966092378089546,0.6557658171570203,0.1328125,61264,37162,24102
20261007T091602085399Z_cd28eea6_s0,nca,nca / recipe 4aad7661ef / IDs32,liberties,4,0,37,4.0,3,12,2584,0.6974461573507782,0.6559969633145981,0.28515625,61095,37588,23507
20261007T091602085399Z_cd28eea6_s0,nca,nca / recipe 4aad7661ef / IDs32,liberties,4,0,37,0.5,4,2,323,0.6510342641793484,0.6151844616701514,0.00390625,70467,29868,40599
20261007T091602085399Z_cd28eea6_s0,nca,nca / recipe 4aad7661ef / IDs32,liberties,4,0,37,1.0,4,3,646,0.6971737870856877,0.6589439344582476,0.0,61150,33588,27562
20261007T091602085399Z_cd28eea6_s0,nca,nca / recipe 4aad7661ef / IDs32,liberties,4,0,37,2.0,4,6,1292,0.7013187673017021,0.6623411862269202,0.125,60313,35570,24743
20261007T091602085399Z_cd28eea6_s0,nca,nca / recipe 4aad7661ef / IDs32,liberties,4,0,37,4.0,4,12,2584,0.6979017585214752,0.658436065965183,0.27734375,61003,36992,24011
20261007T091602085399Z_cd28eea6_s0,nca,nca / recipe 4aad7661ef / IDs32,liberties,4,0,37,0.5,5,2,323,0.6538768193095661,0.616509553147092,0.00390625,69893,29636,40257
20261007T091602085399Z_cd28eea6_s0,nca,nca / recipe 4aad7661ef / IDs32,liberties,4,0,37,1.0,5,3,646,0.6930882331093294,0.6532752141257837,0.0,61975,34332,27643
20261007T091602085399Z_cd28eea6_s0,nca,nca / recipe 4aad7661ef / IDs32,liberties,4,0,37,2.0,5,6,1292,0.6976739579361267,0.6567297753044417,0.12890625,61049,37468,23581
20261007T091602085399Z_cd28eea6_s0,nca,nca / recipe 4aad7661ef / IDs32,liberties,4,0,37,4.0,5,12,2584,0.6961883019447237,0.6547861003128876,0.265625,61349,38291,23058
20261007T091602085399Z_cd28eea6_s0,nca,nca / recipe 4aad7661ef / IDs32,liberties,4,0,37,0.5,6,2,323,0.6514651044168552,0.6140824316086593,0.00390625,70380,29842,40538
20261007T091602085399Z_cd28eea6_s0,nca,nca / recipe 4aad7661ef / IDs32,liberties,4,0,37,1.0,6,3,646,0.6980057544408733,0.6596518171316403,0.0,60982,33398,27584
20261007T091602085399Z_cd28eea6_s0,nca,nca / recipe 4aad7661ef / IDs32,liberties,4,0,37,2.0,6,6,1292,0.7007938355180731,0.6604112162180542,0.12890625,60419,36401,24018
20261007T091602085399Z_cd28eea6_s0,nca,nca / recipe 4aad7661ef / IDs32,liberties,4,0,37,4.0,6,12,2584,0.6956188004813525,0.6543504587650137,0.2734375,61464,37740,23724
20261007T091602085399Z_cd28eea6_s0,nca,nca / recipe 4aad7661ef / IDs32,liberties,4,0,37,0.5,7,2,323,0.6534113137655932,0.6159223406584955,0.0,69987,29397,40590
20261007T091602085399Z_cd28eea6_s0,nca,nca / recipe 4aad7661ef / IDs32,liberties,4,0,37,1.0,7,3,646,0.7034333509961324,0.6640654142942066,0.00390625,59886,32811,27075
20261007T091602085399Z_cd28eea6_s0,nca,nca / recipe 4aad7661ef / IDs32,liberties,4,0,37,2.0,7,6,1292,0.7051517597595218,0.664739966930331,0.125,59539,35638,23901
20261007T091602085399Z_cd28eea6_s0,nca,nca / recipe 4aad7661ef / IDs32,liberties,4,0,37,4.0,7,12,2584,0.7000708162689235,0.6589437313407298,0.28125,60565,36972,23593
20261007T091602491967Z_c2ff6ca0_s2,nca,nca / recipe 4aad7661ef / IDs32,liberties,4,2,9,0.5,0,1,15,0.6382511661940913,0.6194019272748028,0.0,3955,2485,1470
20261007T091602491967Z_c2ff6ca0_s2,nca,nca / recipe 4aad7661ef / IDs32,liberties,4,2,9,1.0,0,1,30,0.8000548797219428,0.7913171248583527,0.1171875,2186,1488,698
20261007T091602491967Z_c2ff6ca0_s2,nca,nca / recipe 4aad7661ef / IDs32,liberties,4,2,9,2.0,0,2,60,0.9185950791182658,0.9137820363404978,0.34375,890,611,279
20261007T091602491967Z_c2ff6ca0_s2,nca,nca / recipe 4aad7661ef / IDs32,liberties,4,2,9,4.0,0,4,120,0.9777737126131895,0.975443717558818,0.6953125,243,140,103
20261007T091602491967Z_c2ff6ca0_s2,nca,nca / recipe 4aad7661ef / IDs32,liberties,4,2,9,0.5,1,1,15,0.63569011250343,0.6173363898809099,0.0,3983,2496,1487
20261007T091602491967Z_c2ff6ca0_s2,nca,nca / recipe 4aad7661ef / IDs32,liberties,4,2,9,1.0,1,1,30,0.7995060825025153,0.7904431634388353,0.09375,2192,1505,687
20261007T091602491967Z_c2ff6ca0_s2,nca,nca / recipe 4aad7661ef / IDs32,liberties,4,2,9,2.0,1,2,60,0.9179548156956004,0.9144377026987791,0.34375,897,606,291
20261007T091602491967Z_c2ff6ca0_s2,nca,nca / recipe 4aad7661ef / IDs32,liberties,4,2,9,4.0,1,4,120,0.9800603676941371,0.9784440195507492,0.71875,218,125,93
20261007T091602491967Z_c2ff6ca0_s2,nca,nca / recipe 4aad7661ef / IDs32,liberties,4,2,9,0.5,2,1,15,0.6370621055519985,0.6202290398038903,0.0,3968,2474,1494
20261007T091602491967Z_c2ff6ca0_s2,nca,nca / recipe 4aad7661ef / IDs32,liberties,4,2,9,1.0,2,1,30,0.7993231500960395,0.7900923831488113,0.109375,2194,1492,702
20261007T091602491967Z_c2ff6ca0_s2,nca,nca / recipe 4aad7661ef / IDs32,liberties,4,2,9,2.0,2,2,60,0.9206073355894997,0.9157993351132057,0.34375,868,598,270
20261007T091602491967Z_c2ff6ca0_s2,nca,nca / recipe 4aad7661ef / IDs32,liberties,4,2,9,4.0,2,4,120,0.9780481112229031,0.9758873769469375,0.6953125,240,141,99
20261007T091602491967Z_c2ff6ca0_s2,nca,nca / recipe 4aad7661ef / IDs32,liberties,4,2,9,0.5,3,1,15,0.6377023689746638,0.6197534796695365,0.0,3961,2488,1473
20261007T091602491967Z_c2ff6ca0_s2,nca,nca / recipe 4aad7661ef / IDs32,liberties,4,2,9,1.0,3,1,30,0.8003292783316565,0.7906070700547894,0.12109375,2183,1487,696
20261007T091602491967Z_c2ff6ca0_s2,nca,nca / recipe 4aad7661ef / IDs32,liberties,4,2,9,2.0,3,2,60,0.9217963962315924,0.9178124605399274,0.359375,855,595,260
20261007T091602491967Z_c2ff6ca0_s2,nca,nca / recipe 4aad7661ef / IDs32,liberties,4,2,9,4.0,3,4,120,0.9807920973200402,0.9785888251224072,0.703125,210,139,71
20261007T091602491967Z_c2ff6ca0_s2,nca,nca / recipe 4aad7661ef / IDs32,liberties,4,2,9,0.5,4,1,15,0.6373365041617123,0.618260200236834,0.0,3965,2486,1479
20261007T091602491967Z_c2ff6ca0_s2,nca,nca / recipe 4aad7661ef / IDs32,liberties,4,2,9,1.0,4,1,30,0.7991402176895637,0.7899630485648127,0.11328125,2196,1490,706
20261007T091602491967Z_c2ff6ca0_s2,nca,nca / recipe 4aad7661ef / IDs32,liberties,4,2,9,2.0,4,2,60,0.9195097411506449,0.915736647340198,0.3515625,880,604,276
20261007T091602491967Z_c2ff6ca0_s2,nca,nca / recipe 4aad7661ef / IDs32,liberties,4,2,9,4.0,4,4,120,0.9817982255556572,0.9804302827060958,0.7109375,199,125,74
20261007T091602491967Z_c2ff6ca0_s2,nca,nca / recipe 4aad7661ef / IDs32,liberties,4,2,9,0.5,5,1,15,0.6409036860879905,0.6248132085342393,0.0,3926,2446,1480
20261007T091602491967Z_c2ff6ca0_s2,nca,nca / recipe 4aad7661ef / IDs32,liberties,4,2,9,1.0,5,1,30,0.7976767584377572,0.7883173898385492,0.109375,2212,1519,693
20261007T091602491967Z_c2ff6ca0_s2,nca,nca / recipe 4aad7661ef / IDs32,liberties,4,2,9,2.0,5,2,60,0.9185950791182658,0.9135510128454396,0.3359375,890,614,276
20261007T091602491967Z_c2ff6ca0_s2,nca,nca / recipe 4aad7661ef / IDs32,liberties,4,2,9,4.0,5,4,120,0.9798774352876612,0.9778048014174188,0.70703125,220,142,78
20261007T091602491967Z_c2ff6ca0_s2,nca,nca / recipe 4aad7661ef / IDs32,liberties,4,2,9,0.5,6,1,15,0.6390743620232324,0.620239422776923,0.0,3946,2469,1477
20261007T091602491967Z_c2ff6ca0_s2,nca,nca / recipe 4aad7661ef / IDs32,liberties,4,2,9,1.0,6,1,30,0.7994146162992775,0.7888093723936429,0.11328125,2193,1509,684
20261007T091602491967Z_c2ff6ca0_s2,nca,nca / recipe 4aad7661ef / IDs32,liberties,4,2,9,2.0,6,2,60,0.91841214671179,0.9140643006505397,0.3515625,892,612,280
20261007T091602491967Z_c2ff6ca0_s2,nca,nca / recipe 4aad7661ef / IDs32,liberties,4,2,9,4.0,6,4,120,0.9790542394585201,0.9774633257513121,0.70703125,229,134,95
20261007T091602491967Z_c2ff6ca0_s2,nca,nca / recipe 4aad7661ef / IDs32,liberties,4,2,9,0.5,7,1,15,0.6371535717552365,0.6195913970061493,0.0,3967,2488,1479
20261007T091602491967Z_c2ff6ca0_s2,nca,nca / recipe 4aad7661ef / IDs32,liberties,4,2,9,1.0,7,1,30,0.7987743528766121,0.7898665785183543,0.109375,2200,1491,709
20261007T091602491967Z_c2ff6ca0_s2,nca,nca / recipe 4aad7661ef / IDs32,liberties,4,2,9,2.0,7,2,60,0.9173145522729351,0.9130955064445356,0.35546875,904,607,297
20261007T091602491967Z_c2ff6ca0_s2,nca,nca / recipe 4aad7661ef / IDs32,liberties,4,2,9,4.0,7,4,120,0.977316381597,0.9750938960660985,0.6953125,248,149,99
20261007T091602491967Z_c2ff6ca0_s2,nca,nca / recipe 4aad7661ef / IDs32,liberties,4,2,13,0.5,0,1,35,0.6687306501547987,0.628197021783661,0.01171875,7918,5529,2389
20261007T091602491967Z_c2ff6ca0_s2,nca,nca / recipe 4aad7661ef / IDs32,liberties,4,2,13,1.0,0,1,70,0.7785540958915572,0.7398764400434563,0.05859375,5293,4291,1002
20261007T091602491967Z_c2ff6ca0_s2,nca,nca / recipe 4aad7661ef / IDs32,liberties,4,2,13,2.0,0,2,140,0.8413940256045519,0.80942296890235,0.265625,3791,3202,589
20261007T091602491967Z_c2ff6ca0_s2,nca,nca / recipe 4aad7661ef / IDs32,liberties,4,2,13,4.0,0,4,280,0.8669567400217555,0.8386106680968104,0.61328125,3180,2783,397
20261007T091602491967Z_c2ff6ca0_s2,nca,nca / recipe 4aad7661ef / IDs32,liberties,4,2,13,0.5,1,1,35,0.670027612752071,0.6286725768258471,0.015625,7887,5502,2385
20261007T091602491967Z_c2ff6ca0_s2,nca,nca / recipe 4aad7661ef / IDs32,liberties,4,2,13,1.0,1,1,70,0.7753744456530834,0.7333437521777859,0.05859375,5369,4400,969
20261007T091602491967Z_c2ff6ca0_s2,nca,nca / recipe 4aad7661ef / IDs32,liberties,4,2,13,2.0,1,2,140,0.8385490753911806,0.8037752455591964,0.265625,3859,3302,557
20261007T091602491967Z_c2ff6ca0_s2,nca,nca / recipe 4aad7661ef / IDs32,liberties,4,2,13,4.0,1,4,280,0.8661199899589992,0.8357767138981401,0.61328125,3200,2838,362
20261007T091602491967Z_c2ff6ca0_s2,nca,nca / recipe 4aad7661ef / IDs32,liberties,4,2,13,0.5,2,1,35,0.6685214626391097,0.6273725835445276,0.015625,7923,5562,2361
20261007T091602491967Z_c2ff6ca0_s2,nca,nca / recipe 4aad7661ef / IDs32,liberties,4,2,13,1.0,2,1,70,0.7729478704710903,0.7314581947878244,0.05859375,5427,4410,1017
20261007T091602491967Z_c2ff6ca0_s2,nca,nca / recipe 4aad7661ef / IDs32,liberties,4,2,13,2.0,2,2,140,0.8388001004100075,0.8067610575696582,0.27734375,3853,3248,605
20261007T091602491967Z_c2ff6ca0_s2,nca,nca / recipe 4aad7661ef / IDs32,liberties,4,2,13,4.0,2,4,280,0.8629821772236633,0.8350207153862083,0.58984375,3275,2859,416
20261007T091602491967Z_c2ff6ca0_s2,nca,nca / recipe 4aad7661ef / IDs32,liberties,4,2,13,0.5,3,1,35,0.6717011128775835,0.6317188029225715,0.015625,7847,5476,2371
20261007T091602491967Z_c2ff6ca0_s2,nca,nca / recipe 4aad7661ef / IDs32,liberties,4,2,13,1.0,3,1,70,0.776796920759769,0.7373918834041073,0.046875,5335,4331,1004
20261007T091602491967Z_c2ff6ca0_s2,nca,nca / recipe 4aad7661ef / IDs32,liberties,4,2,13,2.0,3,2,140,0.8395113379633503,0.8077707339234762,0.265625,3836,3214,622
20261007T091602491967Z_c2ff6ca0_s2,nca,nca / recipe 4aad7661ef / IDs32,liberties,4,2,13,4.0,3,4,280,0.8634423897581792,0.8359326394112963,0.61328125,3264,2836,428
20261007T091602491967Z_c2ff6ca0_s2,nca,nca / recipe 4aad7661ef / IDs32,liberties,4,2,13,0.5,4,1,35,0.6699857752489331,0.6298579889042637,0.015625,7888,5490,2398
20261007T091602491967Z_c2ff6ca0_s2,nca,nca / recipe 4aad7661ef / IDs32,liberties,4,2,13,1.0,4,1,70,0.7778846958413522,0.7392190541525556,0.0625,5309,4305,1004
20261007T091602491967Z_c2ff6ca0_s2,nca,nca / recipe 4aad7661ef / IDs32,liberties,4,2,13,2.0,4,2,140,0.8390929629319722,0.8086976164025905,0.26171875,3846,3250,596
20261007T091602491967Z_c2ff6ca0_s2,nca,nca / recipe 4aad7661ef / IDs32,liberties,4,2,13,4.0,4,4,280,0.8663710149778261,0.8411728426078855,0.60546875,3194,2781,413
20261007T091602491967Z_c2ff6ca0_s2,nca,nca / recipe 4aad7661ef / IDs32,liberties,4,2,13,0.5,5,1,35,0.6698602627395197,0.6297102719653334,0.015625,7891,5525,2366
20261007T091602491967Z_c2ff6ca0_s2,nca,nca / recipe 4aad7661ef / IDs32,liberties,4,2,13,1.0,5,1,70,0.7772152957911472,0.7370085569822771,0.05859375,5325,4349,976
20261007T091602491967Z_c2ff6ca0_s2,nca,nca / recipe 4aad7661ef / IDs32,liberties,4,2,13,2.0,5,2,140,0.8377123253284244,0.8052086671189466,0.27734375,3879,3282,597
20261007T091602491967Z_c2ff6ca0_s2,nca,nca / recipe 4aad7661ef / IDs32,liberties,4,2,13,4.0,5,4,280,0.8651995648899674,0.8384056002324626,0.62109375,3222,2836,386
20261007T091602491967Z_c2ff6ca0_s2,nca,nca / recipe 4aad7661ef / IDs32,liberties,4,2,13,0.5,6,1,35,0.6672245000418375,0.6246379069656733,0.015625,7954,5585,2369
20261007T091602491967Z_c2ff6ca0_s2,nca,nca / recipe 4aad7661ef / IDs32,liberties,4,2,13,1.0,6,1,70,0.774370345577776,0.7324708144842408,0.0546875,5393,4386,1007
20261007T091602491967Z_c2ff6ca0_s2,nca,nca / recipe 4aad7661ef / IDs32,liberties,4,2,13,2.0,6,2,140,0.8393858254539369,0.8067318117612363,0.265625,3839,3252,587
20261007T091602491967Z_c2ff6ca0_s2,nca,nca / recipe 4aad7661ef / IDs32,liberties,4,2,13,4.0,6,4,280,0.867751652581374,0.8401727716291281,0.6015625,3161,2769,392
20261007T091602491967Z_c2ff6ca0_s2,nca,nca / recipe 4aad7661ef / IDs32,liberties,4,2,13,0.5,7,1,35,0.6719103003932725,0.6318498903377332,0.01171875,7842,5480,2362
20261007T091602491967Z_c2ff6ca0_s2,nca,nca / recipe 4aad7661ef / IDs32,liberties,4,2,13,1.0,7,1,70,0.7762530332189775,0.7363454987705886,0.046875,5348,4370,978
20261007T091602491967Z_c2ff6ca0_s2,nca,nca / recipe 4aad7661ef / IDs32,liberties,4,2,13,2.0,7,2,140,0.8402225755166932,0.8085239822915512,0.265625,3819,3226,593
20261007T091602491967Z_c2ff6ca0_s2,nca,nca / recipe 4aad7661ef / IDs32,liberties,4,2,13,4.0,7,4,280,0.8639026022926952,0.8363260965515155,0.609375,3253,2853,400
20261007T091602491967Z_c2ff6ca0_s2,nca,nca / recipe 4aad7661ef / IDs32,liberties,4,2,19,0.5,0,1,80,0.6642275223946621,0.6162136425771929,0.0,18217,13618,4599
20261007T091602491967Z_c2ff6ca0_s2,nca,nca / recipe 4aad7661ef / IDs32,liberties,4,2,19,1.0,0,1,160,0.7287573266487264,0.6794986907389226,0.01171875,14716,12225,2491
20261007T091602491967Z_c2ff6ca0_s2,nca,nca / recipe 4aad7661ef / IDs32,liberties,4,2,19,2.0,0,2,320,0.7675194455708335,0.7289260090867915,0.18359375,12613,10613,2000
20261007T091602491967Z_c2ff6ca0_s2,nca,nca / recipe 4aad7661ef / IDs32,liberties,4,2,19,4.0,0,4,640,0.7787997198363255,0.7429818160464279,0.4609375,12001,10155,1846
20261007T091602491967Z_c2ff6ca0_s2,nca,nca / recipe 4aad7661ef / IDs32,liberties,4,2,19,0.5,1,1,80,0.6589007262137354,0.610073669024045,0.00390625,18506,13934,4572
20261007T091602491967Z_c2ff6ca0_s2,nca,nca / recipe 4aad7661ef / IDs32,liberties,4,2,19,1.0,1,1,160,0.727172190068935,0.6776392044575049,0.015625,14802,12333,2469
20261007T091602491967Z_c2ff6ca0_s2,nca,nca / recipe 4aad7661ef / IDs32,liberties,4,2,19,2.0,1,2,320,0.7629852176798024,0.7240036886328194,0.1875,12859,10878,1981
20261007T091602491967Z_c2ff6ca0_s2,nca,nca / recipe 4aad7661ef / IDs32,liberties,4,2,19,4.0,1,4,640,0.7742286283039038,0.7373243478236455,0.47265625,12249,10520,1729
20261007T091602491967Z_c2ff6ca0_s2,nca,nca / recipe 4aad7661ef / IDs32,liberties,4,2,19,0.5,2,1,80,0.6594536808345929,0.6114171935213831,0.0078125,18476,13824,4652
20261007T091602491967Z_c2ff6ca0_s2,nca,nca / recipe 4aad7661ef / IDs32,liberties,4,2,19,1.0,2,1,160,0.7287757584694217,0.6802135246798064,0.01953125,14715,11944,2771
20261007T091602491967Z_c2ff6ca0_s2,nca,nca / recipe 4aad7661ef / IDs32,liberties,4,2,19,2.0,2,2,320,0.7623216721347734,0.724175797581423,0.1796875,12895,10595,2300
20261007T091602491967Z_c2ff6ca0_s2,nca,nca / recipe 4aad7661ef / IDs32,liberties,4,2,19,4.0,2,4,640,0.7744313783315516,0.7392205479021561,0.47265625,12238,10131,2107
20261007T091602491967Z_c2ff6ca0_s2,nca,nca / recipe 4aad7661ef / IDs32,liberties,4,2,19,0.5,3,1,80,0.6573340214546393,0.6085078560334077,0.00390625,18591,13764,4827
20261007T091602491967Z_c2ff6ca0_s2,nca,nca / recipe 4aad7661ef / IDs32,liberties,4,2,19,1.0,3,1,160,0.7204077118737789,0.671427667340744,0.01171875,15169,12356,2813
20261007T091602491967Z_c2ff6ca0_s2,nca,nca / recipe 4aad7661ef / IDs32,liberties,4,2,19,2.0,3,2,320,0.7600545581892579,0.7216235410647883,0.1640625,13018,10751,2267
20261007T091602491967Z_c2ff6ca0_s2,nca,nca / recipe 4aad7661ef / IDs32,liberties,4,2,19,4.0,3,4,640,0.772237991668817,0.7367644585699785,0.44921875,12357,10298,2059
20261007T091602491967Z_c2ff6ca0_s2,nca,nca / recipe 4aad7661ef / IDs32,liberties,4,2,19,0.5,4,1,80,0.6612968629041177,0.6132811113667866,0.01171875,18376,13681,4695
20261007T091602491967Z_c2ff6ca0_s2,nca,nca / recipe 4aad7661ef / IDs32,liberties,4,2,19,1.0,4,1,160,0.7282412356692594,0.6796358766642486,0.015625,14744,12099,2645
20261007T091602491967Z_c2ff6ca0_s2,nca,nca / recipe 4aad7661ef / IDs32,liberties,4,2,19,2.0,4,2,320,0.7677406274191765,0.7296562191053582,0.19140625,12601,10462,2139
20261007T091602491967Z_c2ff6ca0_s2,nca,nca / recipe 4aad7661ef / IDs32,liberties,4,2,19,4.0,4,4,640,0.7797950381538689,0.7447616439846516,0.47265625,11947,9997,1950
20261007T091602491967Z_c2ff6ca0_s2,nca,nca / recipe 4aad7661ef / IDs32,liberties,4,2,19,0.5,5,1,80,0.6604489991521363,0.612266540436605,0.0078125,18422,13721,4701
20261007T091602491967Z_c2ff6ca0_s2,nca,nca / recipe 4aad7661ef / IDs32,liberties,4,2,19,1.0,5,1,160,0.7240203487300475,0.674295387384962,0.0234375,14973,12308,2665
20261007T091602491967Z_c2ff6ca0_s2,nca,nca / recipe 4aad7661ef / IDs32,liberties,4,2,19,2.0,5,2,320,0.7640173996387363,0.7252922496644147,0.18359375,12803,10696,2107
20261007T091602491967Z_c2ff6ca0_s2,nca,nca / recipe 4aad7661ef / IDs32,liberties,4,2,19,4.0,5,4,640,0.7761271058355145,0.7400700204240472,0.46875,12146,10229,1917
20261007T091602491967Z_c2ff6ca0_s2,nca,nca / recipe 4aad7661ef / IDs32,liberties,4,2,19,0.5,6,1,80,0.6564492940612674,0.6079717719835269,0.00390625,18639,13872,4767
20261007T091602491967Z_c2ff6ca0_s2,nca,nca / recipe 4aad7661ef / IDs32,liberties,4,2,19,1.0,6,1,160,0.7239466214472665,0.6746726044821292,0.015625,14977,12286,2691
20261007T091602491967Z_c2ff6ca0_s2,nca,nca / recipe 4aad7661ef / IDs32,liberties,4,2,19,2.0,6,2,320,0.7647178088251557,0.7263952568032581,0.1875,12765,10576,2189
20261007T091602491967Z_c2ff6ca0_s2,nca,nca / recipe 4aad7661ef / IDs32,liberties,4,2,19,4.0,6,4,640,0.7767537877391528,0.7413910273332802,0.453125,12112,10126,1986
20261007T091602491967Z_c2ff6ca0_s2,nca,nca / recipe 4aad7661ef / IDs32,liberties,4,2,19,0.5,7,1,80,0.660283112765879,0.6117178058502609,0.0,18431,13812,4619
20261007T091602491967Z_c2ff6ca0_s2,nca,nca / recipe 4aad7661ef / IDs32,liberties,4,2,19,1.0,7,1,160,0.7283149629520405,0.6789478394739424,0.01953125,14740,12157,2583
20261007T091602491967Z_c2ff6ca0_s2,nca,nca / recipe 4aad7661ef / IDs32,liberties,4,2,19,2.0,7,2,320,0.7667084454602425,0.728164909161523,0.1796875,12657,10633,2024
20261007T091602491967Z_c2ff6ca0_s2,nca,nca / recipe 4aad7661ef / IDs32,liberties,4,2,19,4.0,7,4,640,0.7786522652707635,0.7427415939197487,0.46875,12009,10163,1846
20261007T091602491967Z_c2ff6ca0_s2,nca,nca / recipe 4aad7661ef / IDs32,liberties,4,2,25,0.5,0,1,143,0.6449543704172601,0.5926868933025051,0.0,33653,26347,7306
20261007T091602491967Z_c2ff6ca0_s2,nca,nca / recipe 4aad7661ef / IDs32,liberties,4,2,25,1.0,0,1,286,0.6875982486680382,0.6407291439841419,0.00390625,29611,24313,5298
20261007T091602491967Z_c2ff6ca0_s2,nca,nca / recipe 4aad7661ef / IDs32,liberties,4,2,25,2.0,0,2,572,0.7185736139684549,0.6784929798232829,0.1171875,26675,22249,4426
20261007T091602491967Z_c2ff6ca0_s2,nca,nca / recipe 4aad7661ef / IDs32,liberties,4,2,25,4.0,0,4,1144,0.7293242601677481,0.6902487876398471,0.375,25656,21421,4235
20261007T091602491967Z_c2ff6ca0_s2,nca,nca / recipe 4aad7661ef / IDs32,liberties,4,2,25,0.5,1,1,143,0.6413884053383975,0.5889891461590975,0.00390625,33991,26136,7855
20261007T091602491967Z_c2ff6ca0_s2,nca,nca / recipe 4aad7661ef / IDs32,liberties,4,2,25,1.0,1,1,286,0.6872922930843488,0.6410875357551414,0.015625,29640,23816,5824
20261007T091602491967Z_c2ff6ca0_s2,nca,nca / recipe 4aad7661ef / IDs32,liberties,4,2,25,2.0,1,2,572,0.7180883051115683,0.6785421679441348,0.13671875,26721,21814,4907
20261007T091602491967Z_c2ff6ca0_s2,nca,nca / recipe 4aad7661ef / IDs32,liberties,4,2,25,4.0,1,4,1144,0.7269082660758559,0.6884233437152227,0.34765625,25885,21181,4704
20261007T091602491967Z_c2ff6ca0_s2,nca,nca / recipe 4aad7661ef / IDs32,liberties,4,2,25,0.5,2,1,143,0.6380967452656011,0.5860077759099487,0.0,34303,26450,7853
20261007T091602491967Z_c2ff6ca0_s2,nca,nca / recipe 4aad7661ef / IDs32,liberties,4,2,25,1.0,2,1,286,0.6825341562483516,0.6361388010969862,0.015625,30091,24182,5909
20261007T091602491967Z_c2ff6ca0_s2,nca,nca / recipe 4aad7661ef / IDs32,liberties,4,2,25,2.0,2,2,572,0.7141847338713931,0.674365126420044,0.125,27091,22161,4930
20261007T091602491967Z_c2ff6ca0_s2,nca,nca / recipe 4aad7661ef / IDs32,liberties,4,2,25,4.0,2,4,1144,0.72622250356069,0.6875001462943267,0.3515625,25950,21234,4716
20261007T091602491967Z_c2ff6ca0_s2,nca,nca / recipe 4aad7661ef / IDs32,liberties,4,2,25,0.5,3,1,143,0.6384449016194546,0.5862518921192481,0.00390625,34270,26284,7986
20261007T091602491967Z_c2ff6ca0_s2,nca,nca / recipe 4aad7661ef / IDs32,liberties,4,2,25,1.0,3,1,286,0.6864060769109036,0.6402073757046887,0.01171875,29724,23806,5918
20261007T091602491967Z_c2ff6ca0_s2,nca,nca / recipe 4aad7661ef / IDs32,liberties,4,2,25,2.0,3,2,572,0.7175080445218125,0.6782635095124532,0.10546875,26776,21768,5008
20261007T091602491967Z_c2ff6ca0_s2,nca,nca / recipe 4aad7661ef / IDs32,liberties,4,2,25,4.0,3,4,1144,0.7286701482302052,0.6904172163376969,0.3359375,25718,20936,4782
20261007T091602491967Z_c2ff6ca0_s2,nca,nca / recipe 4aad7661ef / IDs32,liberties,4,2,25,0.5,4,1,143,0.6438254998153716,0.5915991008463595,0.0078125,33760,26455,7305
20261007T091602491967Z_c2ff6ca0_s2,nca,nca / recipe 4aad7661ef / IDs32,liberties,4,2,25,1.0,4,1,286,0.6895183837105027,0.6426826935083498,0.015625,29429,24039,5390
20261007T091602491967Z_c2ff6ca0_s2,nca,nca / recipe 4aad7661ef / IDs32,liberties,4,2,25,2.0,4,2,572,0.7203354961228042,0.6804894602518492,0.11328125,26508,22008,4500
20261007T091602491967Z_c2ff6ca0_s2,nca,nca / recipe 4aad7661ef / IDs32,liberties,4,2,25,4.0,4,4,1144,0.7324787677375112,0.6938371613837264,0.36328125,25357,21109,4248
20261007T091602491967Z_c2ff6ca0_s2,nca,nca / recipe 4aad7661ef / IDs32,liberties,4,2,25,0.5,5,1,143,0.639563222028802,0.5870641576154579,0.00390625,34164,26496,7668
20261007T091602491967Z_c2ff6ca0_s2,nca,nca / recipe 4aad7661ef / IDs32,liberties,4,2,25,1.0,5,1,286,0.6868069842274621,0.6403015679399993,0.0078125,29686,24070,5616
20261007T091602491967Z_c2ff6ca0_s2,nca,nca / recipe 4aad7661ef / IDs32,liberties,4,2,25,2.0,5,2,572,0.7158938650630374,0.6760507902899803,0.1328125,26929,22221,4708
20261007T091602491967Z_c2ff6ca0_s2,nca,nca / recipe 4aad7661ef / IDs32,liberties,4,2,25,4.0,5,4,1144,0.7265812101070844,0.6875867646689224,0.36328125,25916,21398,4518
20261007T091602491967Z_c2ff6ca0_s2,nca,nca / recipe 4aad7661ef / IDs32,liberties,4,2,25,0.5,6,1,143,0.638075644880519,0.5854853024492144,0.0,34305,26445,7860
20261007T091602491967Z_c2ff6ca0_s2,nca,nca / recipe 4aad7661ef / IDs32,liberties,4,2,25,1.0,6,1,286,0.6848657487999156,0.638414738154262,0.015625,29870,24083,5787
20261007T091602491967Z_c2ff6ca0_s2,nca,nca / recipe 4aad7661ef / IDs32,liberties,4,2,25,2.0,6,2,572,0.7166534789259904,0.6770275643041088,0.125,26857,21972,4885
20261007T091602491967Z_c2ff6ca0_s2,nca,nca / recipe 4aad7661ef / IDs32,liberties,4,2,25,4.0,6,4,1144,0.7276045787835628,0.6889965170369226,0.3671875,25819,21166,4653
20261007T091602491967Z_c2ff6ca0_s2,nca,nca / recipe 4aad7661ef / IDs32,liberties,4,2,25,0.5,7,1,143,0.6382971989238804,0.585902630931429,0.00390625,34284,26495,7789
20261007T091602491967Z_c2ff6ca0_s2,nca,nca / recipe 4aad7661ef / IDs32,liberties,4,2,25,1.0,7,1,286,0.6844753916758981,0.6378212053725748,0.015625,29907,24225,5682
20261007T091602491967Z_c2ff6ca0_s2,nca,nca / recipe 4aad7661ef / IDs32,liberties,4,2,25,2.0,7,2,572,0.7157250619823812,0.6759945453726621,0.13671875,26945,22246,4699
20261007T091602491967Z_c2ff6ca0_s2,nca,nca / recipe 4aad7661ef / IDs32,liberties,4,2,25,4.0,7,4,1144,0.728543545919713,0.6899142350176041,0.34765625,25730,21314,4416
20261007T091602491967Z_c2ff6ca0_s2,nca,nca / recipe 4aad7661ef / IDs32,liberties,4,2,37,0.5,0,2,323,0.6463197824999629,0.5808636748846516,0.0,71419,54710,16709
20261007T091602491967Z_c2ff6ca0_s2,nca,nca / recipe 4aad7661ef / IDs32,liberties,4,2,37,1.0,0,3,646,0.6933358424412299,0.640507860779355,0.00390625,61925,48961,12964
20261007T091602491967Z_c2ff6ca0_s2,nca,nca / recipe 4aad7661ef / IDs32,liberties,4,2,37,2.0,0,6,1292,0.7160564747364199,0.6683627506649272,0.16796875,57337,46572,10765
20261007T091602491967Z_c2ff6ca0_s2,nca,nca / recipe 4aad7661ef / IDs32,liberties,4,2,37,4.0,0,12,2584,0.7241929173826703,0.6771667696829669,0.33203125,55694,45628,10066
20261007T091602491967Z_c2ff6ca0_s2,nca,nca / recipe 4aad7661ef / IDs32,liberties,4,2,37,0.5,1,2,323,0.6435366536094013,0.5780280075216515,0.0,71981,54695,17286
20261007T091602491967Z_c2ff6ca0_s2,nca,nca / recipe 4aad7661ef / IDs32,liberties,4,2,37,1.0,1,3,646,0.6907062313364466,0.6377136708319585,0.01171875,62456,48903,13553
20261007T091602491967Z_c2ff6ca0_s2,nca,nca / recipe 4aad7661ef / IDs32,liberties,4,2,37,2.0,1,6,1292,0.7137289470165552,0.6661058228206184,0.1796875,57807,46589,11218
20261007T091602491967Z_c2ff6ca0_s2,nca,nca / recipe 4aad7661ef / IDs32,liberties,4,2,37,4.0,1,12,2584,0.7222665167804844,0.6749714982408666,0.33203125,56083,45754,10329
20261007T091602491967Z_c2ff6ca0_s2,nca,nca / recipe 4aad7661ef / IDs32,liberties,4,2,37,0.5,2,2,323,0.6459632250620262,0.5802792876073052,0.0,71491,54117,17374
20261007T091602491967Z_c2ff6ca0_s2,nca,nca / recipe 4aad7661ef / IDs32,liberties,4,2,37,1.0,2,3,646,0.6934943124136462,0.640482163015457,0.0078125,61893,48100,13793
20261007T091602491967Z_c2ff6ca0_s2,nca,nca / recipe 4aad7661ef / IDs32,liberties,4,2,37,2.0,2,6,1292,0.7177847878730853,0.6699852736028611,0.17578125,56988,45534,11454
20261007T091602491967Z_c2ff6ca0_s2,nca,nca / recipe 4aad7661ef / IDs32,liberties,4,2,37,4.0,2,12,2584,0.7256587646275213,0.6780773813690963,0.328125,55398,44682,10716
20261007T091602491967Z_c2ff6ca0_s2,nca,nca / recipe 4aad7661ef / IDs32,liberties,4,2,37,0.5,3,2,323,0.6449727877344241,0.5789436349576127,0.0,71691,55118,16573
20261007T091602491967Z_c2ff6ca0_s2,nca,nca / recipe 4aad7661ef / IDs32,liberties,4,2,37,1.0,3,3,646,0.692370166046818,0.638883398976055,0.0078125,62120,49236,12884
20261007T091602491967Z_c2ff6ca0_s2,nca,nca / recipe 4aad7661ef / IDs32,liberties,4,2,37,2.0,3,6,1292,0.715615730125637,0.6674663796713021,0.171875,57426,46676,10750
20261007T091602491967Z_c2ff6ca0_s2,nca,nca / recipe 4aad7661ef / IDs32,liberties,4,2,37,4.0,3,12,2584,0.7237422683986114,0.6760651180298636,0.34765625,55785,45661,10124
20261007T091602491967Z_c2ff6ca0_s2,nca,nca / recipe 4aad7661ef / IDs32,liberties,4,2,37,0.5,4,2,323,0.6440021591533742,0.5784306652656578,0.0,71887,54637,17250
20261007T091602491967Z_c2ff6ca0_s2,nca,nca / recipe 4aad7661ef / IDs32,liberties,4,2,37,1.0,4,3,646,0.6921918873278496,0.6388434392873094,0.00390625,62156,48629,13527
20261007T091602491967Z_c2ff6ca0_s2,nca,nca / recipe 4aad7661ef / IDs32,liberties,4,2,37,2.0,4,6,1292,0.7141003610144059,0.6656832348514525,0.16015625,57732,46206,11526
20261007T091602491967Z_c2ff6ca0_s2,nca,nca / recipe 4aad7661ef / IDs32,liberties,4,2,37,4.0,4,12,2584,0.7244553832744849,0.6763580879320407,0.328125,55641,45077,10564
20261007T091602491967Z_c2ff6ca0_s2,nca,nca / recipe 4aad7661ef / IDs32,liberties,4,2,37,0.5,5,2,323,0.6456958069835737,0.5796898331602272,0.0,71545,54608,16937
20261007T091602491967Z_c2ff6ca0_s2,nca,nca / recipe 4aad7661ef / IDs32,liberties,4,2,37,1.0,5,3,646,0.6907904185092928,0.6373132008027129,0.00390625,62439,48782,13657
20261007T091602491967Z_c2ff6ca0_s2,nca,nca / recipe 4aad7661ef / IDs32,liberties,4,2,37,2.0,5,6,1292,0.7152591726877002,0.6671016891189748,0.15625,57498,45673,11825
20261007T091602491967Z_c2ff6ca0_s2,nca,nca / recipe 4aad7661ef / IDs32,liberties,4,2,37,4.0,5,12,2584,0.7235887506128331,0.6757047499845108,0.33203125,55816,44786,11030
20261007T091602491967Z_c2ff6ca0_s2,nca,nca / recipe 4aad7661ef / IDs32,liberties,4,2,37,0.5,6,2,323,0.6436158885956094,0.5777530089028113,0.00390625,71965,54718,17247
20261007T091602491967Z_c2ff6ca0_s2,nca,nca / recipe 4aad7661ef / IDs32,liberties,4,2,37,1.0,6,3,646,0.691414394025682,0.6380720046837837,0.00390625,62313,48597,13716
20261007T091602491967Z_c2ff6ca0_s2,nca,nca / recipe 4aad7661ef / IDs32,liberties,4,2,37,2.0,6,6,1292,0.7155117342062388,0.6673326577823874,0.16015625,57447,45771,11676
20261007T091602491967Z_c2ff6ca0_s2,nca,nca / recipe 4aad7661ef / IDs32,liberties,4,2,37,4.0,6,12,2584,0.7241978695693083,0.6763948318411003,0.32421875,55693,44820,10873
20261007T091602491967Z_c2ff6ca0_s2,nca,nca / recipe 4aad7661ef / IDs32,liberties,4,2,37,0.5,7,2,323,0.6479292431573161,0.5817895952124184,0.0,71094,54133,16961
20261007T091602491967Z_c2ff6ca0_s2,nca,nca / recipe 4aad7661ef / IDs32,liberties,4,2,37,1.0,7,3,646,0.6959406926128232,0.6425755082633894,0.00390625,61399,48147,13252
20261007T091602491967Z_c2ff6ca0_s2,nca,nca / recipe 4aad7661ef / IDs32,liberties,4,2,37,2.0,7,6,1292,0.7177897400597234,0.6699157747299561,0.16796875,56987,45517,11470
20261007T091602491967Z_c2ff6ca0_s2,nca,nca / recipe 4aad7661ef / IDs32,liberties,4,2,37,4.0,7,12,2584,0.7258717086529557,0.6783570099884941,0.328125,55355,44715,10640
20261007T091602594841Z_798ff2c6_s1,nca,nca / recipe 4aad7661ef / IDs32,liberties,4,1,9,0.5,0,1,15,0.6591054605323333,0.6695086896818411,0.0,3727,1885,1842
20261007T091602594841Z_798ff2c6_s1,nca,nca / recipe 4aad7661ef / IDs32,liberties,4,1,9,1.0,0,1,30,0.8146894722400073,0.8144955929659856,0.1484375,2026,1284,742
20261007T091602594841Z_798ff2c6_s1,nca,nca / recipe 4aad7661ef / IDs32,liberties,4,1,9,2.0,0,2,60,0.9273758346291046,0.9237157975756939,0.40234375,794,590,204
20261007T091602594841Z_798ff2c6_s1,nca,nca / recipe 4aad7661ef / IDs32,liberties,4,1,9,4.0,0,4,120,0.9852739412786975,0.984073836010025,0.7421875,161,128,33
20261007T091602594841Z_798ff2c6_s1,nca,nca / recipe 4aad7661ef / IDs32,liberties,4,1,9,0.5,1,1,15,0.6599286563614745,0.6718452732695015,0.00390625,3718,1886,1832
20261007T091602594841Z_798ff2c6_s1,nca,nca / recipe 4aad7661ef / IDs32,liberties,4,1,9,1.0,1,1,30,0.8183481203695234,0.8190814019971872,0.15625,1986,1262,724
20261007T091602594841Z_798ff2c6_s1,nca,nca / recipe 4aad7661ef / IDs32,liberties,4,1,9,2.0,1,2,60,0.9292966248971005,0.9267952140583267,0.42578125,773,570,203
20261007T091602594841Z_798ff2c6_s1,nca,nca / recipe 4aad7661ef / IDs32,liberties,4,1,9,4.0,1,4,120,0.986737400530504,0.9856471857162423,0.7578125,145,116,29
20261007T091602594841Z_798ff2c6_s1,nca,nca / recipe 4aad7661ef / IDs32,liberties,4,1,9,0.5,2,1,15,0.6568188054513857,0.6690392834738363,0.0,3752,1908,1844
20261007T091602594841Z_798ff2c6_s1,nca,nca / recipe 4aad7661ef / IDs32,liberties,4,1,9,1.0,2,1,30,0.8163358638982896,0.816317695920789,0.15234375,2008,1279,729
20261007T091602594841Z_798ff2c6_s1,nca,nca / recipe 4aad7661ef / IDs32,liberties,4,1,9,2.0,2,2,60,0.9273758346291046,0.9240795538287567,0.41015625,794,587,207
20261007T091602594841Z_798ff2c6_s1,nca,nca / recipe 4aad7661ef / IDs32,liberties,4,1,9,4.0,2,4,120,0.9854568736851733,0.983857315361588,0.75,159,126,33
20261007T091602594841Z_798ff2c6_s1,nca,nca / recipe 4aad7661ef / IDs32,liberties,4,1,9,0.5,3,1,15,0.6596542577517607,0.6712608065087594,0.00390625,3721,1870,1851
20261007T091602594841Z_798ff2c6_s1,nca,nca / recipe 4aad7661ef / IDs32,liberties,4,1,9,1.0,3,1,30,0.8169761273209549,0.8177598975219352,0.14453125,2001,1265,736
20261007T091602594841Z_798ff2c6_s1,nca,nca / recipe 4aad7661ef / IDs32,liberties,4,1,9,2.0,3,2,60,0.9292966248971005,0.926772800473574,0.421875,773,580,193
20261007T091602594841Z_798ff2c6_s1,nca,nca / recipe 4aad7661ef / IDs32,liberties,4,1,9,4.0,3,4,120,0.9855483398884113,0.9840597806364995,0.75390625,158,127,31
20261007T091602594841Z_798ff2c6_s1,nca,nca / recipe 4aad7661ef / IDs32,liberties,4,1,9,0.5,4,1,15,0.6589225281258575,0.6724672008123381,0.00390625,3729,1867,1862
20261007T091602594841Z_798ff2c6_s1,nca,nca / recipe 4aad7661ef / IDs32,liberties,4,1,9,1.0,4,1,30,0.8160614652885758,0.81712651063646,0.15234375,2011,1269,742
20261007T091602594841Z_798ff2c6_s1,nca,nca / recipe 4aad7661ef / IDs32,liberties,4,1,9,2.0,4,2,60,0.9266441050032013,0.923869992290669,0.421875,802,586,216
20261007T091602594841Z_798ff2c6_s1,nca,nca / recipe 4aad7661ef / IDs32,liberties,4,1,9,4.0,4,4,120,0.9847251440592701,0.9834011398417505,0.7578125,167,131,36
20261007T091602594841Z_798ff2c6_s1,nca,nca / recipe 4aad7661ef / IDs32,liberties,4,1,9,0.5,5,1,15,0.6600201225647123,0.6726450122030048,0.00390625,3717,1874,1843
20261007T091602594841Z_798ff2c6_s1,nca,nca / recipe 4aad7661ef / IDs32,liberties,4,1,9,1.0,5,1,30,0.8169761273209549,0.8165112029858337,0.1484375,2001,1282,719
20261007T091602594841Z_798ff2c6_s1,nca,nca / recipe 4aad7661ef / IDs32,liberties,4,1,9,2.0,5,2,60,0.9299368883197658,0.9259770627799868,0.43359375,766,580,186
20261007T091602594841Z_798ff2c6_s1,nca,nca / recipe 4aad7661ef / IDs32,liberties,4,1,9,4.0,5,4,120,0.9855483398884113,0.9839600269474549,0.7421875,158,126,32
20261007T091602594841Z_798ff2c6_s1,nca,nca / recipe 4aad7661ef / IDs32,liberties,4,1,9,0.5,6,1,15,0.6608433183938535,0.6731923059069029,0.00390625,3708,1872,1836
20261007T091602594841Z_798ff2c6_s1,nca,nca / recipe 4aad7661ef / IDs32,liberties,4,1,9,1.0,6,1,30,0.8172505259306686,0.818284415801535,0.15234375,1998,1268,730
20261007T091602594841Z_798ff2c6_s1,nca,nca / recipe 4aad7661ef / IDs32,liberties,4,1,9,2.0,6,2,60,0.9285648952711973,0.9255218595298291,0.3984375,781,574,207
20261007T091602594841Z_798ff2c6_s1,nca,nca / recipe 4aad7661ef / IDs32,liberties,4,1,9,4.0,6,4,120,0.9859142047013628,0.9844592913177808,0.7578125,154,126,28
20261007T091602594841Z_798ff2c6_s1,nca,nca / recipe 4aad7661ef / IDs32,liberties,4,1,9,0.5,7,1,15,0.6606603859873776,0.6721641632447855,0.00390625,3710,1885,1825
20261007T091602594841Z_798ff2c6_s1,nca,nca / recipe 4aad7661ef / IDs32,liberties,4,1,9,1.0,7,1,30,0.8156041342723863,0.8165585477485878,0.140625,2016,1275,741
20261007T091602594841Z_798ff2c6_s1,nca,nca / recipe 4aad7661ef / IDs32,liberties,4,1,9,2.0,7,2,60,0.9271929022226287,0.9243597994851442,0.43359375,796,582,214
20261007T091602594841Z_798ff2c6_s1,nca,nca / recipe 4aad7661ef / IDs32,liberties,4,1,9,4.0,7,4,120,0.985822738498125,0.9846278836916905,0.75,155,124,31
20261007T091602594841Z_798ff2c6_s1,nca,nca / recipe 4aad7661ef / IDs32,liberties,4,1,13,0.5,0,1,35,0.6811982260898669,0.6568646899801804,0.01171875,7620,4693,2927
20261007T091602594841Z_798ff2c6_s1,nca,nca / recipe 4aad7661ef / IDs32,liberties,4,1,13,1.0,0,1,70,0.7837001087775082,0.7527915183008207,0.07421875,5170,3808,1362
20261007T091602594841Z_798ff2c6_s1,nca,nca / recipe 4aad7661ef / IDs32,liberties,4,1,13,2.0,0,2,140,0.8475023010626725,0.8203065362152158,0.31640625,3645,2842,803
20261007T091602594841Z_798ff2c6_s1,nca,nca / recipe 4aad7661ef / IDs32,liberties,4,1,13,4.0,0,4,280,0.8747385156053886,0.8544826693878389,0.6640625,2994,2291,703
20261007T091602594841Z_798ff2c6_s1,nca,nca / recipe 4aad7661ef / IDs32,liberties,4,1,13,0.5,1,1,35,0.6799431009957326,0.6551650819738135,0.01171875,7650,4738,2912
20261007T091602594841Z_798ff2c6_s1,nca,nca / recipe 4aad7661ef / IDs32,liberties,4,1,13,1.0,1,1,70,0.7803112710233453,0.7494108076001714,0.078125,5251,3875,1376
20261007T091602594841Z_798ff2c6_s1,nca,nca / recipe 4aad7661ef / IDs32,liberties,4,1,13,2.0,1,2,140,0.8473767885532592,0.8211843660440973,0.3203125,3648,2848,800
20261007T091602594841Z_798ff2c6_s1,nca,nca / recipe 4aad7661ef / IDs32,liberties,4,1,13,4.0,1,4,280,0.8730231779767383,0.851979908650483,0.640625,3035,2346,689
20261007T091602594841Z_798ff2c6_s1,nca,nca / recipe 4aad7661ef / IDs32,liberties,4,1,13,0.5,2,1,35,0.6827880512091038,0.6581705006919918,0.0078125,7582,4710,2872
20261007T091602594841Z_798ff2c6_s1,nca,nca / recipe 4aad7661ef / IDs32,liberties,4,1,13,1.0,2,1,70,0.7805622960421722,0.7493388805169704,0.08203125,5245,3936,1309
20261007T091602594841Z_798ff2c6_s1,nca,nca / recipe 4aad7661ef / IDs32,liberties,4,1,13,2.0,2,2,140,0.8488829386662204,0.8225668174726355,0.328125,3612,2849,763
20261007T091602594841Z_798ff2c6_s1,nca,nca / recipe 4aad7661ef / IDs32,liberties,4,1,13,4.0,2,4,280,0.8764120157309012,0.8550433863613407,0.67578125,2954,2309,645
20261007T091602594841Z_798ff2c6_s1,nca,nca / recipe 4aad7661ef / IDs32,liberties,4,1,13,0.5,3,1,35,0.6857585139318886,0.6627568725699602,0.01171875,7511,4633,2878
20261007T091602594841Z_798ff2c6_s1,nca,nca / recipe 4aad7661ef / IDs32,liberties,4,1,13,1.0,3,1,70,0.7880512091038406,0.7587396079500814,0.07421875,5066,3748,1318
20261007T091602594841Z_798ff2c6_s1,nca,nca / recipe 4aad7661ef / IDs32,liberties,4,1,13,2.0,3,2,140,0.852104426407832,0.8262129658444826,0.3203125,3535,2784,751
20261007T091602594841Z_798ff2c6_s1,nca,nca / recipe 4aad7661ef / IDs32,liberties,4,1,13,4.0,3,4,280,0.8766212032465902,0.8566094617211151,0.65625,2949,2308,641
20261007T091602594841Z_798ff2c6_s1,nca,nca / recipe 4aad7661ef / IDs32,liberties,4,1,13,0.5,4,1,35,0.6815329261149694,0.6563508656548644,0.015625,7612,4716,2896
20261007T091602594841Z_798ff2c6_s1,nca,nca / recipe 4aad7661ef / IDs32,liberties,4,1,13,1.0,4,1,70,0.7903522717764204,0.7611604113192325,0.078125,5011,3731,1280
20261007T091602594841Z_798ff2c6_s1,nca,nca / recipe 4aad7661ef / IDs32,liberties,4,1,13,2.0,4,2,140,0.8515605388670404,0.826084809951833,0.3046875,3548,2790,758
20261007T091602594841Z_798ff2c6_s1,nca,nca / recipe 4aad7661ef / IDs32,liberties,4,1,13,4.0,4,4,280,0.8814325161074387,0.860581447436469,0.6640625,2834,2201,633
20261007T091602594841Z_798ff2c6_s1,nca,nca / recipe 4aad7661ef / IDs32,liberties,4,1,13,0.5,5,1,35,0.6815329261149694,0.6563059669305126,0.0234375,7612,4784,2828
20261007T091602594841Z_798ff2c6_s1,nca,nca / recipe 4aad7661ef / IDs32,liberties,4,1,13,1.0,5,1,70,0.7856664714249854,0.7553311239211316,0.078125,5123,3834,1289
20261007T091602594841Z_798ff2c6_s1,nca,nca / recipe 4aad7661ef / IDs32,liberties,4,1,13,2.0,5,2,140,0.8498870387415279,0.8240322098633865,0.31640625,3588,2827,761
20261007T091602594841Z_798ff2c6_s1,nca,nca / recipe 4aad7661ef / IDs32,liberties,4,1,13,4.0,5,4,280,0.8782947033721028,0.8581682237660805,0.66796875,2909,2276,633
20261007T091602594841Z_798ff2c6_s1,nca,nca / recipe 4aad7661ef / IDs32,liberties,4,1,13,0.5,6,1,35,0.6827043762028282,0.6595899834982251,0.0234375,7584,4715,2869
20261007T091602594841Z_798ff2c6_s1,nca,nca / recipe 4aad7661ef / IDs32,liberties,4,1,13,1.0,6,1,70,0.7849552338716426,0.7557480107747565,0.078125,5140,3836,1304
20261007T091602594841Z_798ff2c6_s1,nca,nca / recipe 4aad7661ef / IDs32,liberties,4,1,13,2.0,6,2,140,0.8459124759434357,0.8199335118856989,0.3203125,3683,2926,757
20261007T091602594841Z_798ff2c6_s1,nca,nca / recipe 4aad7661ef / IDs32,liberties,4,1,13,4.0,6,4,280,0.8782528658689649,0.8583113087662514,0.66796875,2910,2317,593
20261007T091602594841Z_798ff2c6_s1,nca,nca / recipe 4aad7661ef / IDs32,liberties,4,1,13,0.5,7,1,35,0.681867626140072,0.6583716215413694,0.015625,7604,4721,2883
20261007T091602594841Z_798ff2c6_s1,nca,nca / recipe 4aad7661ef / IDs32,liberties,4,1,13,1.0,7,1,70,0.7822776336708225,0.7528035418458834,0.0703125,5204,3866,1338
20261007T091602594841Z_798ff2c6_s1,nca,nca / recipe 4aad7661ef / IDs32,liberties,4,1,13,2.0,7,2,140,0.8443644883273366,0.8191562865460814,0.3046875,3720,2937,783
20261007T091602594841Z_798ff2c6_s1,nca,nca / recipe 4aad7661ef / IDs32,liberties,4,1,13,4.0,7,4,280,0.8729813404736005,0.8519372960566249,0.65625,3036,2340,696
20261007T091602594841Z_798ff2c6_s1,nca,nca / recipe 4aad7661ef / IDs32,liberties,4,1,19,0.5,0,1,80,0.6872857300844177,0.6455786308650167,0.00390625,16966,11307,5659
20261007T091602594841Z_798ff2c6_s1,nca,nca / recipe 4aad7661ef / IDs32,liberties,4,1,19,1.0,0,1,160,0.7467099200058982,0.7045115607594343,0.03515625,13742,10118,3624
20261007T091602594841Z_798ff2c6_s1,nca,nca / recipe 4aad7661ef / IDs32,liberties,4,1,19,2.0,0,2,320,0.7812695838094887,0.7494681204144973,0.26171875,11867,8728,3139
20261007T091602594841Z_798ff2c6_s1,nca,nca / recipe 4aad7661ef / IDs32,liberties,4,1,19,4.0,0,4,640,0.7828178567478895,0.7528743335661503,0.51171875,11783,8731,3052
20261007T091602594841Z_798ff2c6_s1,nca,nca / recipe 4aad7661ef / IDs32,liberties,4,1,19,0.5,1,1,80,0.6843919342352638,0.6456300459820619,0.00390625,17123,10998,6125
20261007T091602594841Z_798ff2c6_s1,nca,nca / recipe 4aad7661ef / IDs32,liberties,4,1,19,1.0,1,1,160,0.7485346702547278,0.7072230636884362,0.03515625,13643,9811,3832
20261007T091602594841Z_798ff2c6_s1,nca,nca / recipe 4aad7661ef / IDs32,liberties,4,1,19,2.0,1,2,320,0.7839974932723854,0.752977918460345,0.26171875,11719,8540,3179
20261007T091602594841Z_798ff2c6_s1,nca,nca / recipe 4aad7661ef / IDs32,liberties,4,1,19,4.0,1,4,640,0.7895454713016552,0.7611358566247765,0.51953125,11418,8280,3138
20261007T091602594841Z_798ff2c6_s1,nca,nca / recipe 4aad7661ef / IDs32,liberties,4,1,19,0.5,2,1,80,0.680097320013271,0.6398879013128553,0.0078125,17356,11469,5887
20261007T091602594841Z_798ff2c6_s1,nca,nca / recipe 4aad7661ef / IDs32,liberties,4,1,19,1.0,2,1,160,0.7431525786117152,0.6992337127074103,0.05078125,13935,10100,3835
20261007T091602594841Z_798ff2c6_s1,nca,nca / recipe 4aad7661ef / IDs32,liberties,4,1,19,2.0,2,2,320,0.7759796512699525,0.7432017881945834,0.28125,12154,8808,3346
20261007T091602594841Z_798ff2c6_s1,nca,nca / recipe 4aad7661ef / IDs32,liberties,4,1,19,4.0,2,4,640,0.7795001290227449,0.7488452915848389,0.51171875,11963,8680,3283
20261007T091602594841Z_798ff2c6_s1,nca,nca / recipe 4aad7661ef / IDs32,liberties,4,1,19,0.5,3,1,80,0.6966490949976039,0.656862450354647,0.0078125,16458,10973,5485
20261007T091602594841Z_798ff2c6_s1,nca,nca / recipe 4aad7661ef / IDs32,liberties,4,1,19,1.0,3,1,160,0.7562944667674273,0.7145677663058548,0.03515625,13222,9592,3630
20261007T091602594841Z_798ff2c6_s1,nca,nca / recipe 4aad7661ef / IDs32,liberties,4,1,19,2.0,3,2,320,0.7874626755630921,0.7560482238680015,0.2578125,11531,8498,3033
20261007T091602594841Z_798ff2c6_s1,nca,nca / recipe 4aad7661ef / IDs32,liberties,4,1,19,4.0,3,4,640,0.789232130349836,0.7599125923807042,0.515625,11435,8423,3012
20261007T091602594841Z_798ff2c6_s1,nca,nca / recipe 4aad7661ef / IDs32,liberties,4,1,19,0.5,4,1,80,0.6890367530504663,0.6492105354932775,0.00390625,16871,11071,5800
20261007T091602594841Z_798ff2c6_s1,nca,nca / recipe 4aad7661ef / IDs32,liberties,4,1,19,1.0,4,1,160,0.7494193976480997,0.706969672562623,0.03515625,13595,9988,3607
20261007T091602594841Z_798ff2c6_s1,nca,nca / recipe 4aad7661ef / IDs32,liberties,4,1,19,2.0,4,2,320,0.7819884248166034,0.7502942828539941,0.26953125,11828,8580,3248
20261007T091602594841Z_798ff2c6_s1,nca,nca / recipe 4aad7661ef / IDs32,liberties,4,1,19,4.0,4,4,640,0.7879603347218638,0.7587982635241179,0.52734375,11504,8312,3192
20261007T091602594841Z_798ff2c6_s1,nca,nca / recipe 4aad7661ef / IDs32,liberties,4,1,19,0.5,5,1,80,0.6909167987613817,0.6523524060560084,0.0078125,16769,11066,5703
20261007T091602594841Z_798ff2c6_s1,nca,nca / recipe 4aad7661ef / IDs32,liberties,4,1,19,1.0,5,1,160,0.7570686032366277,0.7159180327585258,0.04296875,13180,9747,3433
20261007T091602594841Z_798ff2c6_s1,nca,nca / recipe 4aad7661ef / IDs32,liberties,4,1,19,2.0,5,2,320,0.7916651306816087,0.7609106936583305,0.265625,11303,8344,2959
20261007T091602594841Z_798ff2c6_s1,nca,nca / recipe 4aad7661ef / IDs32,liberties,4,1,19,4.0,5,4,640,0.7890478121428834,0.7601883579924861,0.52734375,11445,8417,3028
20261007T091602594841Z_798ff2c6_s1,nca,nca / recipe 4aad7661ef / IDs32,liberties,4,1,19,0.5,6,1,80,0.68262247944852,0.6414272028809914,0.00390625,17219,11461,5758
20261007T091602594841Z_798ff2c6_s1,nca,nca / recipe 4aad7661ef / IDs32,liberties,4,1,19,1.0,6,1,160,0.7483872156891658,0.7055805233247341,0.03125,13651,10149,3502
20261007T091602594841Z_798ff2c6_s1,nca,nca / recipe 4aad7661ef / IDs32,liberties,4,1,19,2.0,6,2,320,0.7834261068308328,0.7520317518902585,0.25390625,11750,8717,3033
20261007T091602594841Z_798ff2c6_s1,nca,nca / recipe 4aad7661ef / IDs32,liberties,4,1,19,4.0,6,4,640,0.786338334500682,0.7567335640372882,0.51953125,11592,8604,2988
20261007T091602594841Z_798ff2c6_s1,nca,nca / recipe 4aad7661ef / IDs32,liberties,4,1,19,0.5,7,1,80,0.6895344122092381,0.6488382947446029,0.00390625,16844,11012,5832
20261007T091602594841Z_798ff2c6_s1,nca,nca / recipe 4aad7661ef / IDs32,liberties,4,1,19,1.0,7,1,160,0.7496958749585284,0.7077297244590254,0.0390625,13580,9892,3688
20261007T091602594841Z_798ff2c6_s1,nca,nca / recipe 4aad7661ef / IDs32,liberties,4,1,19,2.0,7,2,320,0.7839053341689092,0.752657303627896,0.26171875,11724,8652,3072
20261007T091602594841Z_798ff2c6_s1,nca,nca / recipe 4aad7661ef / IDs32,liberties,4,1,19,4.0,7,4,640,0.7901352895639031,0.7615209510349448,0.51171875,11386,8317,3069
20261007T091602594841Z_798ff2c6_s1,nca,nca / recipe 4aad7661ef / IDs32,liberties,4,1,25,0.5,0,1,143,0.6447644669515219,0.5916743509578378,0.00390625,33671,25209,8462
20261007T091602594841Z_798ff2c6_s1,nca,nca / recipe 4aad7661ef / IDs32,liberties,4,1,25,1.0,0,1,286,0.6846652951416363,0.6373819638896756,0.01171875,29889,23480,6409
20261007T091602594841Z_798ff2c6_s1,nca,nca / recipe 4aad7661ef / IDs32,liberties,4,1,25,2.0,0,2,572,0.7083926781663765,0.6686408874381603,0.19921875,27640,21541,6099
20261007T091602594841Z_798ff2c6_s1,nca,nca / recipe 4aad7661ef / IDs32,liberties,4,1,25,4.0,0,4,1144,0.7128237590336024,0.6741594101524117,0.40234375,27220,21087,6133
20261007T091602594841Z_798ff2c6_s1,nca,nca / recipe 4aad7661ef / IDs32,liberties,4,1,25,0.5,1,1,143,0.647929524713826,0.5946650640740258,0.00390625,33371,24550,8821
20261007T091602594841Z_798ff2c6_s1,nca,nca / recipe 4aad7661ef / IDs32,liberties,4,1,25,1.0,1,1,286,0.6866170807617239,0.639242692471466,0.01171875,29704,22848,6856
20261007T091602594841Z_798ff2c6_s1,nca,nca / recipe 4aad7661ef / IDs32,liberties,4,1,25,2.0,1,2,572,0.7060716358073534,0.6661632739588785,0.19921875,27860,21328,6532
20261007T091602594841Z_798ff2c6_s1,nca,nca / recipe 4aad7661ef / IDs32,liberties,4,1,25,4.0,1,4,1144,0.7089307379859683,0.669937656282806,0.390625,27589,21026,6563
20261007T091602594841Z_798ff2c6_s1,nca,nca / recipe 4aad7661ef / IDs32,liberties,4,1,25,0.5,2,1,143,0.6471066096956269,0.5945987589357115,0.00390625,33449,24637,8812
20261007T091602594841Z_798ff2c6_s1,nca,nca / recipe 4aad7661ef / IDs32,liberties,4,1,25,1.0,2,1,286,0.6847813472595875,0.6373399840160274,0.0078125,29878,23336,6542
20261007T091602594841Z_798ff2c6_s1,nca,nca / recipe 4aad7661ef / IDs32,liberties,4,1,25,2.0,2,2,572,0.7103022630163001,0.6704310640764779,0.1875,27459,21617,5842
20261007T091602594841Z_798ff2c6_s1,nca,nca / recipe 4aad7661ef / IDs32,liberties,4,1,25,4.0,2,4,1144,0.7113889328480245,0.6723784763913709,0.39453125,27356,21414,5942
20261007T091602594841Z_798ff2c6_s1,nca,nca / recipe 4aad7661ef / IDs32,liberties,4,1,25,0.5,3,1,143,0.6459144379384923,0.5923394382017859,0.00390625,33562,24860,8702
20261007T091602594841Z_798ff2c6_s1,nca,nca / recipe 4aad7661ef / IDs32,liberties,4,1,25,1.0,3,1,286,0.6800865115788363,0.6329643949261617,0.0078125,30323,23920,6403
20261007T091602594841Z_798ff2c6_s1,nca,nca / recipe 4aad7661ef / IDs32,liberties,4,1,25,2.0,3,2,572,0.7050377169383342,0.6651132831152096,0.1875,27958,21895,6063
20261007T091602594841Z_798ff2c6_s1,nca,nca / recipe 4aad7661ef / IDs32,liberties,4,1,25,4.0,3,4,1144,0.7063881415835839,0.6673105829124552,0.3984375,27830,21854,5976
20261007T091602594841Z_798ff2c6_s1,nca,nca / recipe 4aad7661ef / IDs32,liberties,4,1,25,0.5,4,1,143,0.6405232895500342,0.5877457752840105,0.00390625,34073,24839,9234
20261007T091602594841Z_798ff2c6_s1,nca,nca / recipe 4aad7661ef / IDs32,liberties,4,1,25,1.0,4,1,286,0.6787360869335866,0.6315125860219035,0.00390625,30451,23588,6863
20261007T091602594841Z_798ff2c6_s1,nca,nca / recipe 4aad7661ef / IDs32,liberties,4,1,25,2.0,4,2,572,0.7016827557102917,0.661993585062216,0.1796875,28276,22037,6239
20261007T091602594841Z_798ff2c6_s1,nca,nca / recipe 4aad7661ef / IDs32,liberties,4,1,25,4.0,4,4,1144,0.7054491744474337,0.6668409820946818,0.41015625,27919,21616,6303
20261007T091602594841Z_798ff2c6_s1,nca,nca / recipe 4aad7661ef / IDs32,liberties,4,1,25,0.5,5,1,143,0.6512000844015403,0.5991177774868911,0.00390625,33061,24188,8873
20261007T091602594841Z_798ff2c6_s1,nca,nca / recipe 4aad7661ef / IDs32,liberties,4,1,25,1.0,5,1,286,0.6915018199082134,0.644376567819366,0.0078125,29241,22740,6501
20261007T091602594841Z_798ff2c6_s1,nca,nca / recipe 4aad7661ef / IDs32,liberties,4,1,25,2.0,5,2,572,0.7089834889486734,0.6693500801005058,0.19921875,27584,21437,6147
20261007T091602594841Z_798ff2c6_s1,nca,nca / recipe 4aad7661ef / IDs32,liberties,4,1,25,4.0,5,4,1144,0.7123912011394208,0.6736132456743964,0.39453125,27261,21040,6221
20261007T091602594841Z_798ff2c6_s1,nca,nca / recipe 4aad7661ef / IDs32,liberties,4,1,25,0.5,6,1,143,0.6470433085403808,0.5949061008946829,0.00390625,33455,24061,9394
20261007T091602594841Z_798ff2c6_s1,nca,nca / recipe 4aad7661ef / IDs32,liberties,4,1,25,1.0,6,1,286,0.6874188953948409,0.6400319431091455,0.01171875,29628,22720,6908
20261007T091602594841Z_798ff2c6_s1,nca,nca / recipe 4aad7661ef / IDs32,liberties,4,1,25,2.0,6,2,572,0.7155562589017249,0.675699503455342,0.18359375,26961,20652,6309
20261007T091602594841Z_798ff2c6_s1,nca,nca / recipe 4aad7661ef / IDs32,liberties,4,1,25,4.0,6,4,1144,0.7173392414411564,0.678501863178848,0.39453125,26792,20815,5977
20261007T091602594841Z_798ff2c6_s1,nca,nca / recipe 4aad7661ef / IDs32,liberties,4,1,25,0.5,7,1,143,0.650218916495226,0.5977029755484575,0.00390625,33154,24668,8486
20261007T091602594841Z_798ff2c6_s1,nca,nca / recipe 4aad7661ef / IDs32,liberties,4,1,25,1.0,7,1,286,0.6875454977053331,0.6401418802558048,0.0078125,29616,23122,6494
20261007T091602594841Z_798ff2c6_s1,nca,nca / recipe 4aad7661ef / IDs32,liberties,4,1,25,2.0,7,2,572,0.7153452550509046,0.6756639756452409,0.1953125,26981,20861,6120
20261007T091602594841Z_798ff2c6_s1,nca,nca / recipe 4aad7661ef / IDs32,liberties,4,1,25,4.0,7,4,1144,0.717149337975418,0.678289063783463,0.3984375,26810,20704,6106
20261007T091602594841Z_798ff2c6_s1,nca,nca / recipe 4aad7661ef / IDs32,liberties,4,1,37,0.5,0,2,323,0.6406891462925455,0.5722984845294024,0.015625,72556,55620,16936
20261007T091602594841Z_798ff2c6_s1,nca,nca / recipe 4aad7661ef / IDs32,liberties,4,1,37,1.0,0,3,646,0.6778107373310686,0.6225392528066411,0.04296875,65060,51344,13716
20261007T091602594841Z_798ff2c6_s1,nca,nca / recipe 4aad7661ef / IDs32,liberties,4,1,37,2.0,0,6,1292,0.6967280902882668,0.648657414263123,0.2890625,61240,48053,13187
20261007T091602594841Z_798ff2c6_s1,nca,nca / recipe 4aad7661ef / IDs32,liberties,4,1,37,4.0,0,12,2584,0.7025716705211186,0.6550738378357004,0.390625,60060,47170,12890
20261007T091602594841Z_798ff2c6_s1,nca,nca / recipe 4aad7661ef / IDs32,liberties,4,1,37,0.5,1,2,323,0.6368462494614497,0.5680022495172705,0.015625,73332,57456,15876
20261007T091602594841Z_798ff2c6_s1,nca,nca / recipe 4aad7661ef / IDs32,liberties,4,1,37,1.0,1,3,646,0.6764885034987198,0.6212282550573647,0.046875,65327,52449,12878
20261007T091602594841Z_798ff2c6_s1,nca,nca / recipe 4aad7661ef / IDs32,liberties,4,1,37,2.0,1,6,1292,0.6980057544408733,0.6499109038919416,0.27734375,60982,48740,12242
20261007T091602594841Z_798ff2c6_s1,nca,nca / recipe 4aad7661ef / IDs32,liberties,4,1,37,4.0,1,12,2584,0.7014722850874804,0.6539054237853614,0.41015625,60282,48167,12115
20261007T091602594841Z_798ff2c6_s1,nca,nca / recipe 4aad7661ef / IDs32,liberties,4,1,37,0.5,2,2,323,0.6349446097924538,0.5656666600932032,0.015625,73716,58145,15571
20261007T091602594841Z_798ff2c6_s1,nca,nca / recipe 4aad7661ef / IDs32,liberties,4,1,37,1.0,2,3,646,0.6763547944594935,0.6207408622184684,0.04296875,65354,52594,12760
20261007T091602594841Z_798ff2c6_s1,nca,nca / recipe 4aad7661ef / IDs32,liberties,4,1,37,2.0,2,6,1292,0.6942470447826238,0.6459413436975078,0.2890625,61741,49342,12399
20261007T091602594841Z_798ff2c6_s1,nca,nca / recipe 4aad7661ef / IDs32,liberties,4,1,37,4.0,2,12,2584,0.6980206110007874,0.6501965981871067,0.3984375,60979,48829,12150
20261007T091602594841Z_798ff2c6_s1,nca,nca / recipe 4aad7661ef / IDs32,liberties,4,1,37,0.5,3,2,323,0.6326715561256072,0.5631128966879737,0.015625,74175,58238,15937
20261007T091602594841Z_798ff2c6_s1,nca,nca / recipe 4aad7661ef / IDs32,liberties,4,1,37,1.0,3,3,646,0.6750077996939549,0.6191997810120875,0.046875,65626,52739,12887
20261007T091602594841Z_798ff2c6_s1,nca,nca / recipe 4aad7661ef / IDs32,liberties,4,1,37,2.0,3,6,1292,0.6942817100890898,0.6457557536284304,0.2890625,61734,49422,12312
20261007T091602594841Z_798ff2c6_s1,nca,nca / recipe 4aad7661ef / IDs32,liberties,4,1,37,4.0,3,12,2584,0.6989961917684754,0.651230664453726,0.40234375,60782,48692,12090
20261007T091602594841Z_798ff2c6_s1,nca,nca / recipe 4aad7661ef / IDs32,liberties,4,1,37,0.5,4,2,323,0.6372721375123186,0.5684353398662059,0.015625,73246,57105,16141
20261007T091602594841Z_798ff2c6_s1,nca,nca / recipe 4aad7661ef / IDs32,liberties,4,1,37,1.0,4,3,646,0.67651326443191,0.6212227522659138,0.046875,65322,51780,13542
20261007T091602594841Z_798ff2c6_s1,nca,nca / recipe 4aad7661ef / IDs32,liberties,4,1,37,2.0,4,6,1292,0.6969707474335293,0.6485919801261768,0.30078125,61191,48288,12903
20261007T091602594841Z_798ff2c6_s1,nca,nca / recipe 4aad7661ef / IDs32,liberties,4,1,37,4.0,4,12,2584,0.7011751538891998,0.6533401356636469,0.39453125,60342,47657,12685
20261007T091602594841Z_798ff2c6_s1,nca,nca / recipe 4aad7661ef / IDs32,liberties,4,1,37,0.5,5,2,323,0.637935730521812,0.568787045118342,0.015625,73112,57507,15605
20261007T091602594841Z_798ff2c6_s1,nca,nca / recipe 4aad7661ef / IDs32,liberties,4,1,37,1.0,5,3,646,0.6758100539293125,0.6203826006038637,0.0546875,65464,52217,13247
20261007T091602594841Z_798ff2c6_s1,nca,nca / recipe 4aad7661ef / IDs32,liberties,4,1,37,2.0,5,6,1292,0.6974956792171584,0.6491044941883755,0.29296875,61085,48500,12585
20261007T091602594841Z_798ff2c6_s1,nca,nca / recipe 4aad7661ef / IDs32,liberties,4,1,37,4.0,5,12,2584,0.7014920938340324,0.6535596885633532,0.3984375,60278,47811,12467
20261007T091602594841Z_798ff2c6_s1,nca,nca / recipe 4aad7661ef / IDs32,liberties,4,1,37,0.5,6,2,323,0.6361777042653184,0.5677973003998719,0.015625,73467,56479,16988
20261007T091602594841Z_798ff2c6_s1,nca,nca / recipe 4aad7661ef / IDs32,liberties,4,1,37,1.0,6,3,646,0.6710856678766509,0.6156670308721273,0.046875,66418,52375,14043
20261007T091602594841Z_798ff2c6_s1,nca,nca / recipe 4aad7661ef / IDs32,liberties,4,1,37,2.0,6,6,1292,0.6888343047872788,0.6405521356691191,0.2890625,62834,49172,13662
20261007T091602594841Z_798ff2c6_s1,nca,nca / recipe 4aad7661ef / IDs32,liberties,4,1,37,4.0,6,12,2584,0.6969113211938731,0.6491382425203269,0.40234375,61203,48047,13156
20261007T091602594841Z_798ff2c6_s1,nca,nca / recipe 4aad7661ef / IDs32,liberties,4,1,37,0.5,7,2,323,0.6364500745304089,0.5679542187372625,0.015625,73412,57090,16322
20261007T091602594841Z_798ff2c6_s1,nca,nca / recipe 4aad7661ef / IDs32,liberties,4,1,37,1.0,7,3,646,0.6765033600586339,0.6216775095733351,0.04296875,65324,52021,13303
20261007T091602594841Z_798ff2c6_s1,nca,nca / recipe 4aad7661ef / IDs32,liberties,4,1,37,2.0,7,6,1292,0.6976343404430226,0.6500388193375839,0.28125,61057,48328,12729
20261007T091602594841Z_798ff2c6_s1,nca,nca / recipe 4aad7661ef / IDs32,liberties,4,1,37,4.0,7,12,2584,0.701294006368512,0.654051565650276,0.39453125,60318,47875,12443
20261007T091605529490Z_3131c78a_s0,resnet,resnet / recipe 4aad7661ef / IDs32,liberties,4,0,9,0.5,0,1,15,0.9894813866276411,0.989014213403703,0.83203125,115,49,66
20261007T091605529490Z_3131c78a_s0,resnet,resnet / recipe 4aad7661ef / IDs32,liberties,4,0,9,1.0,0,1,30,0.9894813866276411,0.989014213403703,0.83203125,115,49,66
20261007T091605529490Z_3131c78a_s0,resnet,resnet / recipe 4aad7661ef / IDs32,liberties,4,0,9,2.0,0,2,60,0.9894813866276411,0.989014213403703,0.83203125,115,49,66
20261007T091605529490Z_3131c78a_s0,resnet,resnet / recipe 4aad7661ef / IDs32,liberties,4,0,9,4.0,0,4,120,0.9894813866276411,0.989014213403703,0.83203125,115,49,66
20261007T091605529490Z_3131c78a_s0,resnet,resnet / recipe 4aad7661ef / IDs32,liberties,4,0,9,0.5,1,1,15,0.9898472514405927,0.9889464345751877,0.83984375,111,49,62
20261007T091605529490Z_3131c78a_s0,resnet,resnet / recipe 4aad7661ef / IDs32,liberties,4,0,9,1.0,1,1,30,0.9898472514405927,0.9889464345751877,0.83984375,111,49,62
20261007T091605529490Z_3131c78a_s0,resnet,resnet / recipe 4aad7661ef / IDs32,liberties,4,0,9,2.0,1,2,60,0.9898472514405927,0.9889464345751877,0.83984375,111,49,62
20261007T091605529490Z_3131c78a_s0,resnet,resnet / recipe 4aad7661ef / IDs32,liberties,4,0,9,4.0,1,4,120,0.9898472514405927,0.9889464345751877,0.83984375,111,49,62
20261007T091605529490Z_3131c78a_s0,resnet,resnet / recipe 4aad7661ef / IDs32,liberties,4,0,9,0.5,2,1,15,0.9900301838470685,0.989684890918323,0.83203125,109,45,64
20261007T091605529490Z_3131c78a_s0,resnet,resnet / recipe 4aad7661ef / IDs32,liberties,4,0,9,1.0,2,1,30,0.9900301838470685,0.989684890918323,0.83203125,109,45,64
20261007T091605529490Z_3131c78a_s0,resnet,resnet / recipe 4aad7661ef / IDs32,liberties,4,0,9,2.0,2,2,60,0.9900301838470685,0.989684890918323,0.83203125,109,45,64
20261007T091605529490Z_3131c78a_s0,resnet,resnet / recipe 4aad7661ef / IDs32,liberties,4,0,9,4.0,2,4,120,0.9900301838470685,0.989684890918323,0.83203125,109,45,64
20261007T091605529490Z_3131c78a_s0,resnet,resnet / recipe 4aad7661ef / IDs32,liberties,4,0,9,0.5,3,1,15,0.9902131162535444,0.9894268041479493,0.83984375,107,47,60
20261007T091605529490Z_3131c78a_s0,resnet,resnet / recipe 4aad7661ef / IDs32,liberties,4,0,9,1.0,3,1,30,0.9902131162535444,0.9894268041479493,0.83984375,107,47,60
20261007T091605529490Z_3131c78a_s0,resnet,resnet / recipe 4aad7661ef / IDs32,liberties,4,0,9,2.0,3,2,60,0.9902131162535444,0.9894268041479493,0.83984375,107,47,60
20261007T091605529490Z_3131c78a_s0,resnet,resnet / recipe 4aad7661ef / IDs32,liberties,4,0,9,4.0,3,4,120,0.9902131162535444,0.9894268041479493,0.83984375,107,47,60
20261007T091605529490Z_3131c78a_s0,resnet,resnet / recipe 4aad7661ef / IDs32,liberties,4,0,9,0.5,4,1,15,0.9894813866276411,0.9885640577774362,0.82421875,115,52,63
20261007T091605529490Z_3131c78a_s0,resnet,resnet / recipe 4aad7661ef / IDs32,liberties,4,0,9,1.0,4,1,30,0.9894813866276411,0.9885640577774362,0.82421875,115,52,63
20261007T091605529490Z_3131c78a_s0,resnet,resnet / recipe 4aad7661ef / IDs32,liberties,4,0,9,2.0,4,2,60,0.9894813866276411,0.9885640577774362,0.82421875,115,52,63
20261007T091605529490Z_3131c78a_s0,resnet,resnet / recipe 4aad7661ef / IDs32,liberties,4,0,9,4.0,4,4,120,0.9894813866276411,0.9885640577774362,0.82421875,115,52,63
20261007T091605529490Z_3131c78a_s0,resnet,resnet / recipe 4aad7661ef / IDs32,liberties,4,0,9,0.5,5,1,15,0.9899387176438306,0.9892093607696003,0.84375,110,50,60
20261007T091605529490Z_3131c78a_s0,resnet,resnet / recipe 4aad7661ef / IDs32,liberties,4,0,9,1.0,5,1,30,0.9899387176438306,0.9892093607696003,0.84375,110,50,60
20261007T091605529490Z_3131c78a_s0,resnet,resnet / recipe 4aad7661ef / IDs32,liberties,4,0,9,2.0,5,2,60,0.9899387176438306,0.9892093607696003,0.84375,110,50,60
20261007T091605529490Z_3131c78a_s0,resnet,resnet / recipe 4aad7661ef / IDs32,liberties,4,0,9,4.0,5,4,120,0.9899387176438306,0.9892093607696003,0.84375,110,50,60
20261007T091605529490Z_3131c78a_s0,resnet,resnet / recipe 4aad7661ef / IDs32,liberties,4,0,9,0.5,6,1,15,0.9899387176438306,0.989550187958671,0.83203125,110,46,64
20261007T091605529490Z_3131c78a_s0,resnet,resnet / recipe 4aad7661ef / IDs32,liberties,4,0,9,1.0,6,1,30,0.9899387176438306,0.989550187958671,0.83203125,110,46,64
20261007T091605529490Z_3131c78a_s0,resnet,resnet / recipe 4aad7661ef / IDs32,liberties,4,0,9,2.0,6,2,60,0.9899387176438306,0.989550187958671,0.83203125,110,46,64
20261007T091605529490Z_3131c78a_s0,resnet,resnet / recipe 4aad7661ef / IDs32,liberties,4,0,9,4.0,6,4,120,0.9899387176438306,0.989550187958671,0.83203125,110,46,64
20261007T091605529490Z_3131c78a_s0,resnet,resnet / recipe 4aad7661ef / IDs32,liberties,4,0,9,0.5,7,1,15,0.9892984542211652,0.9885639371642542,0.828125,117,53,64
20261007T091605529490Z_3131c78a_s0,resnet,resnet / recipe 4aad7661ef / IDs32,liberties,4,0,9,1.0,7,1,30,0.9892984542211652,0.9885639371642542,0.828125,117,53,64
20261007T091605529490Z_3131c78a_s0,resnet,resnet / recipe 4aad7661ef / IDs32,liberties,4,0,9,2.0,7,2,60,0.9892984542211652,0.9885639371642542,0.828125,117,53,64
20261007T091605529490Z_3131c78a_s0,resnet,resnet / recipe 4aad7661ef / IDs32,liberties,4,0,9,4.0,7,4,120,0.9892984542211652,0.9885639371642542,0.828125,117,53,64
20261007T091605529490Z_3131c78a_s0,resnet,resnet / recipe 4aad7661ef / IDs32,liberties,4,0,13,0.5,0,1,35,0.9125596184419714,0.9175978562054242,0.51171875,2090,370,1720
20261007T091605529490Z_3131c78a_s0,resnet,resnet / recipe 4aad7661ef / IDs32,liberties,4,0,13,1.0,0,1,70,0.9125596184419714,0.9175978562054242,0.51171875,2090,370,1720
20261007T091605529490Z_3131c78a_s0,resnet,resnet / recipe 4aad7661ef / IDs32,liberties,4,0,13,2.0,0,2,140,0.9125596184419714,0.9175978562054242,0.51171875,2090,370,1720
20261007T091605529490Z_3131c78a_s0,resnet,resnet / recipe 4aad7661ef / IDs32,liberties,4,0,13,4.0,0,4,280,0.9125596184419714,0.9175978562054242,0.51171875,2090,370,1720
20261007T091605529490Z_3131c78a_s0,resnet,resnet / recipe 4aad7661ef / IDs32,liberties,4,0,13,0.5,1,1,35,0.9114300058572504,0.9165564191597864,0.51171875,2117,370,1747
20261007T091605529490Z_3131c78a_s0,resnet,resnet / recipe 4aad7661ef / IDs32,liberties,4,0,13,1.0,1,1,70,0.9114300058572504,0.9165564191597864,0.51171875,2117,370,1747
20261007T091605529490Z_3131c78a_s0,resnet,resnet / recipe 4aad7661ef / IDs32,liberties,4,0,13,2.0,1,2,140,0.9114300058572504,0.9165564191597864,0.51171875,2117,370,1747
20261007T091605529490Z_3131c78a_s0,resnet,resnet / recipe 4aad7661ef / IDs32,liberties,4,0,13,4.0,1,4,280,0.9114300058572504,0.9165564191597864,0.51171875,2117,370,1747
20261007T091605529490Z_3131c78a_s0,resnet,resnet / recipe 4aad7661ef / IDs32,liberties,4,0,13,0.5,2,1,35,0.9150698686302402,0.920190793797975,0.515625,2030,368,1662
20261007T091605529490Z_3131c78a_s0,resnet,resnet / recipe 4aad7661ef / IDs32,liberties,4,0,13,1.0,2,1,70,0.9150698686302402,0.920190793797975,0.515625,2030,368,1662
20261007T091605529490Z_3131c78a_s0,resnet,resnet / recipe 4aad7661ef / IDs32,liberties,4,0,13,2.0,2,2,140,0.9150698686302402,0.920190793797975,0.515625,2030,368,1662
20261007T091605529490Z_3131c78a_s0,resnet,resnet / recipe 4aad7661ef / IDs32,liberties,4,0,13,4.0,2,4,280,0.9150698686302402,0.920190793797975,0.515625,2030,368,1662
20261007T091605529490Z_3131c78a_s0,resnet,resnet / recipe 4aad7661ef / IDs32,liberties,4,0,13,0.5,3,1,35,0.912643293448247,0.9181350244309635,0.50390625,2088,354,1734
20261007T091605529490Z_3131c78a_s0,resnet,resnet / recipe 4aad7661ef / IDs32,liberties,4,0,13,1.0,3,1,70,0.912643293448247,0.9181350244309635,0.50390625,2088,354,1734
20261007T091605529490Z_3131c78a_s0,resnet,resnet / recipe 4aad7661ef / IDs32,liberties,4,0,13,2.0,3,2,140,0.912643293448247,0.9181350244309635,0.50390625,2088,354,1734
20261007T091605529490Z_3131c78a_s0,resnet,resnet / recipe 4aad7661ef / IDs32,liberties,4,0,13,4.0,3,4,280,0.912643293448247,0.9181350244309635,0.50390625,2088,354,1734
20261007T091605529490Z_3131c78a_s0,resnet,resnet / recipe 4aad7661ef / IDs32,liberties,4,0,13,0.5,4,1,35,0.913312693498452,0.9182152324253802,0.51953125,2072,371,1701
20261007T091605529490Z_3131c78a_s0,resnet,resnet / recipe 4aad7661ef / IDs32,liberties,4,0,13,1.0,4,1,70,0.913312693498452,0.9182152324253802,0.51953125,2072,371,1701
20261007T091605529490Z_3131c78a_s0,resnet,resnet / recipe 4aad7661ef / IDs32,liberties,4,0,13,2.0,4,2,140,0.913312693498452,0.9182152324253802,0.51953125,2072,371,1701
20261007T091605529490Z_3131c78a_s0,resnet,resnet / recipe 4aad7661ef / IDs32,liberties,4,0,13,4.0,4,4,280,0.913312693498452,0.9182152324253802,0.51953125,2072,371,1701
20261007T091605529490Z_3131c78a_s0,resnet,resnet / recipe 4aad7661ef / IDs32,liberties,4,0,13,0.5,5,1,35,0.9135637185172789,0.9185496494576857,0.51171875,2066,350,1716
20261007T091605529490Z_3131c78a_s0,resnet,resnet / recipe 4aad7661ef / IDs32,liberties,4,0,13,1.0,5,1,70,0.9135637185172789,0.9185496494576857,0.51171875,2066,350,1716
20261007T091605529490Z_3131c78a_s0,resnet,resnet / recipe 4aad7661ef / IDs32,liberties,4,0,13,2.0,5,2,140,0.9135637185172789,0.9185496494576857,0.51171875,2066,350,1716
20261007T091605529490Z_3131c78a_s0,resnet,resnet / recipe 4aad7661ef / IDs32,liberties,4,0,13,4.0,5,4,280,0.9135637185172789,0.9185496494576857,0.51171875,2066,350,1716
20261007T091605529490Z_3131c78a_s0,resnet,resnet / recipe 4aad7661ef / IDs32,liberties,4,0,13,0.5,6,1,35,0.914651493598862,0.9195421522238729,0.515625,2040,340,1700
20261007T091605529490Z_3131c78a_s0,resnet,resnet / recipe 4aad7661ef / IDs32,liberties,4,0,13,1.0,6,1,70,0.914651493598862,0.9195421522238729,0.515625,2040,340,1700
20261007T091605529490Z_3131c78a_s0,resnet,resnet / recipe 4aad7661ef / IDs32,liberties,4,0,13,2.0,6,2,140,0.914651493598862,0.9195421522238729,0.515625,2040,340,1700
20261007T091605529490Z_3131c78a_s0,resnet,resnet / recipe 4aad7661ef / IDs32,liberties,4,0,13,4.0,6,4,280,0.914651493598862,0.9195421522238729,0.515625,2040,340,1700
20261007T091605529490Z_3131c78a_s0,resnet,resnet / recipe 4aad7661ef / IDs32,liberties,4,0,13,0.5,7,1,35,0.9141912810643461,0.9189124116450118,0.5078125,2051,378,1673
20261007T091605529490Z_3131c78a_s0,resnet,resnet / recipe 4aad7661ef / IDs32,liberties,4,0,13,1.0,7,1,70,0.9141912810643461,0.9189124116450118,0.5078125,2051,378,1673
20261007T091605529490Z_3131c78a_s0,resnet,resnet / recipe 4aad7661ef / IDs32,liberties,4,0,13,2.0,7,2,140,0.9141912810643461,0.9189124116450118,0.5078125,2051,378,1673
20261007T091605529490Z_3131c78a_s0,resnet,resnet / recipe 4aad7661ef / IDs32,liberties,4,0,13,4.0,7,4,280,0.9141912810643461,0.9189124116450118,0.5078125,2051,378,1673
20261007T091605529490Z_3131c78a_s0,resnet,resnet / recipe 4aad7661ef / IDs32,liberties,4,0,19,0.5,0,1,80,0.7973421314557452,0.7892208640031919,0.30078125,10995,2229,8766
20261007T091605529490Z_3131c78a_s0,resnet,resnet / recipe 4aad7661ef / IDs32,liberties,4,0,19,1.0,0,1,160,0.7973421314557452,0.7892208640031919,0.30078125,10995,2229,8766
20261007T091605529490Z_3131c78a_s0,resnet,resnet / recipe 4aad7661ef / IDs32,liberties,4,0,19,2.0,0,2,320,0.7973421314557452,0.7892208640031919,0.30078125,10995,2229,8766
20261007T091605529490Z_3131c78a_s0,resnet,resnet / recipe 4aad7661ef / IDs32,liberties,4,0,19,4.0,0,4,640,0.7973421314557452,0.7892208640031919,0.30078125,10995,2229,8766
20261007T091605529490Z_3131c78a_s0,resnet,resnet / recipe 4aad7661ef / IDs32,liberties,4,0,19,0.5,1,1,80,0.796365244958897,0.7882573606969847,0.296875,11048,2221,8827
20261007T091605529490Z_3131c78a_s0,resnet,resnet / recipe 4aad7661ef / IDs32,liberties,4,0,19,1.0,1,1,160,0.796365244958897,0.7882573606969847,0.296875,11048,2221,8827
20261007T091605529490Z_3131c78a_s0,resnet,resnet / recipe 4aad7661ef / IDs32,liberties,4,0,19,2.0,1,2,320,0.796365244958897,0.7882573606969847,0.296875,11048,2221,8827
20261007T091605529490Z_3131c78a_s0,resnet,resnet / recipe 4aad7661ef / IDs32,liberties,4,0,19,4.0,1,4,640,0.796365244958897,0.7882573606969847,0.296875,11048,2221,8827
20261007T091605529490Z_3131c78a_s0,resnet,resnet / recipe 4aad7661ef / IDs32,liberties,4,0,19,0.5,2,1,80,0.7981531315663362,0.790545581570774,0.296875,10951,2172,8779
20261007T091605529490Z_3131c78a_s0,resnet,resnet / recipe 4aad7661ef / IDs32,liberties,4,0,19,1.0,2,1,160,0.7981531315663362,0.790545581570774,0.296875,10951,2172,8779
20261007T091605529490Z_3131c78a_s0,resnet,resnet / recipe 4aad7661ef / IDs32,liberties,4,0,19,2.0,2,2,320,0.7981531315663362,0.790545581570774,0.296875,10951,2172,8779
20261007T091605529490Z_3131c78a_s0,resnet,resnet / recipe 4aad7661ef / IDs32,liberties,4,0,19,4.0,2,4,640,0.7981531315663362,0.790545581570774,0.296875,10951,2172,8779
20261007T091605529490Z_3131c78a_s0,resnet,resnet / recipe 4aad7661ef / IDs32,liberties,4,0,19,0.5,3,1,80,0.7980425406421646,0.7899330236286385,0.296875,10957,2217,8740
20261007T091605529490Z_3131c78a_s0,resnet,resnet / recipe 4aad7661ef / IDs32,liberties,4,0,19,1.0,3,1,160,0.7980425406421646,0.7899330236286385,0.296875,10957,2217,8740
20261007T091605529490Z_3131c78a_s0,resnet,resnet / recipe 4aad7661ef / IDs32,liberties,4,0,19,2.0,3,2,320,0.7980425406421646,0.7899330236286385,0.296875,10957,2217,8740
20261007T091605529490Z_3131c78a_s0,resnet,resnet / recipe 4aad7661ef / IDs32,liberties,4,0,19,4.0,3,4,640,0.7980425406421646,0.7899330236286385,0.296875,10957,2217,8740
20261007T091605529490Z_3131c78a_s0,resnet,resnet / recipe 4aad7661ef / IDs32,liberties,4,0,19,0.5,4,1,80,0.7980425406421646,0.790124823313028,0.2890625,10957,2203,8754
20261007T091605529490Z_3131c78a_s0,resnet,resnet / recipe 4aad7661ef / IDs32,liberties,4,0,19,1.0,4,1,160,0.7980425406421646,0.790124823313028,0.2890625,10957,2203,8754
20261007T091605529490Z_3131c78a_s0,resnet,resnet / recipe 4aad7661ef / IDs32,liberties,4,0,19,2.0,4,2,320,0.7980425406421646,0.790124823313028,0.2890625,10957,2203,8754
20261007T091605529490Z_3131c78a_s0,resnet,resnet / recipe 4aad7661ef / IDs32,liberties,4,0,19,4.0,4,4,640,0.7980425406421646,0.790124823313028,0.2890625,10957,2203,8754
20261007T091605529490Z_3131c78a_s0,resnet,resnet / recipe 4aad7661ef / IDs32,liberties,4,0,19,0.5,5,1,80,0.7966785859107163,0.7889833062968362,0.296875,11031,2236,8795
20261007T091605529490Z_3131c78a_s0,resnet,resnet / recipe 4aad7661ef / IDs32,liberties,4,0,19,1.0,5,1,160,0.7966785859107163,0.7889833062968362,0.296875,11031,2236,8795
20261007T091605529490Z_3131c78a_s0,resnet,resnet / recipe 4aad7661ef / IDs32,liberties,4,0,19,2.0,5,2,320,0.7966785859107163,0.7889833062968362,0.296875,11031,2236,8795
20261007T091605529490Z_3131c78a_s0,resnet,resnet / recipe 4aad7661ef / IDs32,liberties,4,0,19,4.0,5,4,640,0.7966785859107163,0.7889833062968362,0.296875,11031,2236,8795
20261007T091605529490Z_3131c78a_s0,resnet,resnet / recipe 4aad7661ef / IDs32,liberties,4,0,19,0.5,6,1,80,0.7973236996350499,0.7893687013547197,0.296875,10996,2215,8781
20261007T091605529490Z_3131c78a_s0,resnet,resnet / recipe 4aad7661ef / IDs32,liberties,4,0,19,1.0,6,1,160,0.7973236996350499,0.7893687013547197,0.296875,10996,2215,8781
20261007T091605529490Z_3131c78a_s0,resnet,resnet / recipe 4aad7661ef / IDs32,liberties,4,0,19,2.0,6,2,320,0.7973236996350499,0.7893687013547197,0.296875,10996,2215,8781
20261007T091605529490Z_3131c78a_s0,resnet,resnet / recipe 4aad7661ef / IDs32,liberties,4,0,19,4.0,6,4,640,0.7973236996350499,0.7893687013547197,0.296875,10996,2215,8781
20261007T091605529490Z_3131c78a_s0,resnet,resnet / recipe 4aad7661ef / IDs32,liberties,4,0,19,0.5,7,1,80,0.7972868359936595,0.7890649007639517,0.296875,10998,2222,8776
20261007T091605529490Z_3131c78a_s0,resnet,resnet / recipe 4aad7661ef / IDs32,liberties,4,0,19,1.0,7,1,160,0.7972868359936595,0.7890649007639517,0.296875,10998,2222,8776
20261007T091605529490Z_3131c78a_s0,resnet,resnet / recipe 4aad7661ef / IDs32,liberties,4,0,19,2.0,7,2,320,0.7972868359936595,0.7890649007639517,0.296875,10998,2222,8776
20261007T091605529490Z_3131c78a_s0,resnet,resnet / recipe 4aad7661ef / IDs32,liberties,4,0,19,4.0,7,4,640,0.7972868359936595,0.7890649007639517,0.296875,10998,2222,8776
20261007T091605529490Z_3131c78a_s0,resnet,resnet / recipe 4aad7661ef / IDs32,liberties,4,0,25,0.5,0,1,143,0.7430817112412301,0.7235563891959078,0.2421875,24352,4454,19898
20261007T091605529490Z_3131c78a_s0,resnet,resnet / recipe 4aad7661ef / IDs32,liberties,4,0,25,1.0,0,1,286,0.7430817112412301,0.7235563891959078,0.2421875,24352,4454,19898
20261007T091605529490Z_3131c78a_s0,resnet,resnet / recipe 4aad7661ef / IDs32,liberties,4,0,25,2.0,0,2,572,0.7430817112412301,0.7235563891959078,0.2421875,24352,4454,19898
20261007T091605529490Z_3131c78a_s0,resnet,resnet / recipe 4aad7661ef / IDs32,liberties,4,0,25,4.0,0,4,1144,0.7430817112412301,0.7235563891959078,0.2421875,24352,4454,19898
20261007T091605529490Z_3131c78a_s0,resnet,resnet / recipe 4aad7661ef / IDs32,liberties,4,0,25,0.5,1,1,143,0.7434826185577886,0.7241398413985123,0.24609375,24314,4427,19887
20261007T091605529490Z_3131c78a_s0,resnet,resnet / recipe 4aad7661ef / IDs32,liberties,4,0,25,1.0,1,1,286,0.7434826185577886,0.7241398413985123,0.24609375,24314,4427,19887
20261007T091605529490Z_3131c78a_s0,resnet,resnet / recipe 4aad7661ef / IDs32,liberties,4,0,25,2.0,1,2,572,0.7434826185577886,0.7241398413985123,0.24609375,24314,4427,19887
20261007T091605529490Z_3131c78a_s0,resnet,resnet / recipe 4aad7661ef / IDs32,liberties,4,0,25,4.0,1,4,1144,0.7434826185577886,0.7241398413985123,0.24609375,24314,4427,19887
20261007T091605529490Z_3131c78a_s0,resnet,resnet / recipe 4aad7661ef / IDs32,liberties,4,0,25,0.5,2,1,143,0.7432610645144274,0.7235938757792257,0.25,24335,4452,19883
20261007T091605529490Z_3131c78a_s0,resnet,resnet / recipe 4aad7661ef / IDs32,liberties,4,0,25,1.0,2,1,286,0.7432610645144274,0.7235938757792257,0.25,24335,4452,19883
20261007T091605529490Z_3131c78a_s0,resnet,resnet / recipe 4aad7661ef / IDs32,liberties,4,0,25,2.0,2,2,572,0.7432610645144274,0.7235938757792257,0.25,24335,4452,19883
20261007T091605529490Z_3131c78a_s0,resnet,resnet / recipe 4aad7661ef / IDs32,liberties,4,0,25,4.0,2,4,1144,0.7432610645144274,0.7235938757792257,0.25,24335,4452,19883
20261007T091605529490Z_3131c78a_s0,resnet,resnet / recipe 4aad7661ef / IDs32,liberties,4,0,25,0.5,3,1,143,0.7438518752967241,0.7243678086716182,0.25,24279,4434,19845
20261007T091605529490Z_3131c78a_s0,resnet,resnet / recipe 4aad7661ef / IDs32,liberties,4,0,25,1.0,3,1,286,0.7438518752967241,0.7243678086716182,0.25,24279,4434,19845
20261007T091605529490Z_3131c78a_s0,resnet,resnet / recipe 4aad7661ef / IDs32,liberties,4,0,25,2.0,3,2,572,0.7438518752967241,0.7243678086716182,0.25,24279,4434,19845
20261007T091605529490Z_3131c78a_s0,resnet,resnet / recipe 4aad7661ef / IDs32,liberties,4,0,25,4.0,3,4,1144,0.7438518752967241,0.7243678086716182,0.25,24279,4434,19845
20261007T091605529490Z_3131c78a_s0,resnet,resnet / recipe 4aad7661ef / IDs32,liberties,4,0,25,0.5,4,1,143,0.7436408714459039,0.7244224311164661,0.2421875,24299,4441,19858
20261007T091605529490Z_3131c78a_s0,resnet,resnet / recipe 4aad7661ef / IDs32,liberties,4,0,25,1.0,4,1,286,0.7436408714459039,0.7244224311164661,0.2421875,24299,4441,19858
20261007T091605529490Z_3131c78a_s0,resnet,resnet / recipe 4aad7661ef / IDs32,liberties,4,0,25,2.0,4,2,572,0.7436408714459039,0.7244224311164661,0.2421875,24299,4441,19858
20261007T091605529490Z_3131c78a_s0,resnet,resnet / recipe 4aad7661ef / IDs32,liberties,4,0,25,4.0,4,4,1144,0.7436408714459039,0.7244224311164661,0.2421875,24299,4441,19858
20261007T091605529490Z_3131c78a_s0,resnet,resnet / recipe 4aad7661ef / IDs32,liberties,4,0,25,0.5,5,1,143,0.7424698000738513,0.7227905949782798,0.23828125,24410,4503,19907
20261007T091605529490Z_3131c78a_s0,resnet,resnet / recipe 4aad7661ef / IDs32,liberties,4,0,25,1.0,5,1,286,0.7424698000738513,0.7227905949782798,0.23828125,24410,4503,19907
20261007T091605529490Z_3131c78a_s0,resnet,resnet / recipe 4aad7661ef / IDs32,liberties,4,0,25,2.0,5,2,572,0.7424698000738513,0.7227905949782798,0.23828125,24410,4503,19907
20261007T091605529490Z_3131c78a_s0,resnet,resnet / recipe 4aad7661ef / IDs32,liberties,4,0,25,4.0,5,4,1144,0.7424698000738513,0.7227905949782798,0.23828125,24410,4503,19907
20261007T091605529490Z_3131c78a_s0,resnet,resnet / recipe 4aad7661ef / IDs32,liberties,4,0,25,0.5,6,1,143,0.7433771166323785,0.7239520453435684,0.24609375,24324,4457,19867
20261007T091605529490Z_3131c78a_s0,resnet,resnet / recipe 4aad7661ef / IDs32,liberties,4,0,25,1.0,6,1,286,0.7433771166323785,0.7239520453435684,0.24609375,24324,4457,19867
20261007T091605529490Z_3131c78a_s0,resnet,resnet / recipe 4aad7661ef / IDs32,liberties,4,0,25,2.0,6,2,572,0.7433771166323785,0.7239520453435684,0.24609375,24324,4457,19867
20261007T091605529490Z_3131c78a_s0,resnet,resnet / recipe 4aad7661ef / IDs32,liberties,4,0,25,4.0,6,4,1144,0.7433771166323785,0.7239520453435684,0.24609375,24324,4457,19867
20261007T091605529490Z_3131c78a_s0,resnet,resnet / recipe 4aad7661ef / IDs32,liberties,4,0,25,0.5,7,1,143,0.742955108930738,0.7234864463258726,0.25,24364,4463,19901
20261007T091605529490Z_3131c78a_s0,resnet,resnet / recipe 4aad7661ef / IDs32,liberties,4,0,25,1.0,7,1,286,0.742955108930738,0.7234864463258726,0.25,24364,4463,19901
20261007T091605529490Z_3131c78a_s0,resnet,resnet / recipe 4aad7661ef / IDs32,liberties,4,0,25,2.0,7,2,572,0.742955108930738,0.7234864463258726,0.25,24364,4463,19901
20261007T091605529490Z_3131c78a_s0,resnet,resnet / recipe 4aad7661ef / IDs32,liberties,4,0,25,4.0,7,4,1144,0.742955108930738,0.7234864463258726,0.25,24364,4463,19901
20261007T091605529490Z_3131c78a_s0,resnet,resnet / recipe 4aad7661ef / IDs32,liberties,4,0,37,0.5,0,2,323,0.7139072257355236,0.696295356571862,0.2109375,57771,8148,49623
20261007T091605529490Z_3131c78a_s0,resnet,resnet / recipe 4aad7661ef / IDs32,liberties,4,0,37,1.0,0,3,646,0.7139072257355236,0.696295356571862,0.2109375,57771,8148,49623
20261007T091605529490Z_3131c78a_s0,resnet,resnet / recipe 4aad7661ef / IDs32,liberties,4,0,37,2.0,0,6,1292,0.7139072257355236,0.696295356571862,0.2109375,57771,8148,49623
20261007T091605529490Z_3131c78a_s0,resnet,resnet / recipe 4aad7661ef / IDs32,liberties,4,0,37,4.0,0,12,2584,0.7139072257355236,0.696295356571862,0.2109375,57771,8148,49623
20261007T091605529490Z_3131c78a_s0,resnet,resnet / recipe 4aad7661ef / IDs32,liberties,4,0,37,0.5,1,2,323,0.7138279907493154,0.6962023062369234,0.203125,57787,8175,49612
20261007T091605529490Z_3131c78a_s0,resnet,resnet / recipe 4aad7661ef / IDs32,liberties,4,0,37,1.0,1,3,646,0.7138279907493154,0.6962023062369234,0.203125,57787,8175,49612
20261007T091605529490Z_3131c78a_s0,resnet,resnet / recipe 4aad7661ef / IDs32,liberties,4,0,37,2.0,1,6,1292,0.7138279907493154,0.6962023062369234,0.203125,57787,8175,49612
20261007T091605529490Z_3131c78a_s0,resnet,resnet / recipe 4aad7661ef / IDs32,liberties,4,0,37,4.0,1,12,2584,0.7138279907493154,0.6962023062369234,0.203125,57787,8175,49612
20261007T091605529490Z_3131c78a_s0,resnet,resnet / recipe 4aad7661ef / IDs32,liberties,4,0,37,0.5,2,2,323,0.7132188717928402,0.6955757804310475,0.2109375,57910,8280,49630
20261007T091605529490Z_3131c78a_s0,resnet,resnet / recipe 4aad7661ef / IDs32,liberties,4,0,37,1.0,2,3,646,0.7132188717928402,0.6955757804310475,0.2109375,57910,8280,49630
20261007T091605529490Z_3131c78a_s0,resnet,resnet / recipe 4aad7661ef / IDs32,liberties,4,0,37,2.0,2,6,1292,0.7132188717928402,0.6955757804310475,0.2109375,57910,8280,49630
20261007T091605529490Z_3131c78a_s0,resnet,resnet / recipe 4aad7661ef / IDs32,liberties,4,0,37,4.0,2,12,2584,0.7132188717928402,0.6955757804310475,0.2109375,57910,8280,49630
20261007T091605529490Z_3131c78a_s0,resnet,resnet / recipe 4aad7661ef / IDs32,liberties,4,0,37,0.5,3,2,323,0.7135704770441388,0.6958798738833243,0.1953125,57839,8249,49590
20261007T091605529490Z_3131c78a_s0,resnet,resnet / recipe 4aad7661ef / IDs32,liberties,4,0,37,1.0,3,3,646,0.7135704770441388,0.6958798738833243,0.1953125,57839,8249,49590
20261007T091605529490Z_3131c78a_s0,resnet,resnet / recipe 4aad7661ef / IDs32,liberties,4,0,37,2.0,3,6,1292,0.7135704770441388,0.6958798738833243,0.1953125,57839,8249,49590
20261007T091605529490Z_3131c78a_s0,resnet,resnet / recipe 4aad7661ef / IDs32,liberties,4,0,37,4.0,3,12,2584,0.7135704770441388,0.6958798738833243,0.1953125,57839,8249,49590
20261007T091605529490Z_3131c78a_s0,resnet,resnet / recipe 4aad7661ef / IDs32,liberties,4,0,37,0.5,4,2,323,0.7139914129083696,0.6965410232061884,0.1953125,57754,8181,49573
20261007T091605529490Z_3131c78a_s0,resnet,resnet / recipe 4aad7661ef / IDs32,liberties,4,0,37,1.0,4,3,646,0.7139914129083696,0.6965410232061884,0.1953125,57754,8181,49573
20261007T091605529490Z_3131c78a_s0,resnet,resnet / recipe 4aad7661ef / IDs32,liberties,4,0,37,2.0,4,6,1292,0.7139914129083696,0.6965410232061884,0.1953125,57754,8181,49573
20261007T091605529490Z_3131c78a_s0,resnet,resnet / recipe 4aad7661ef / IDs32,liberties,4,0,37,4.0,4,12,2584,0.7139914129083696,0.6965410232061884,0.1953125,57754,8181,49573
20261007T091605529490Z_3131c78a_s0,resnet,resnet / recipe 4aad7661ef / IDs32,liberties,4,0,37,0.5,5,2,323,0.7128226968617993,0.6950321526736275,0.19921875,57990,8307,49683
20261007T091605529490Z_3131c78a_s0,resnet,resnet / recipe 4aad7661ef / IDs32,liberties,4,0,37,1.0,5,3,646,0.7128226968617993,0.6950321526736275,0.19921875,57990,8307,49683
20261007T091605529490Z_3131c78a_s0,resnet,resnet / recipe 4aad7661ef / IDs32,liberties,4,0,37,2.0,5,6,1292,0.7128226968617993,0.6950321526736275,0.19921875,57990,8307,49683
20261007T091605529490Z_3131c78a_s0,resnet,resnet / recipe 4aad7661ef / IDs32,liberties,4,0,37,4.0,5,12,2584,0.7128226968617993,0.6950321526736275,0.19921875,57990,8307,49683
20261007T091605529490Z_3131c78a_s0,resnet,resnet / recipe 4aad7661ef / IDs32,liberties,4,0,37,0.5,6,2,323,0.7134862898712927,0.6958351437094942,0.203125,57856,8257,49599
20261007T091605529490Z_3131c78a_s0,resnet,resnet / recipe 4aad7661ef / IDs32,liberties,4,0,37,1.0,6,3,646,0.7134862898712927,0.6958351437094942,0.203125,57856,8257,49599
20261007T091605529490Z_3131c78a_s0,resnet,resnet / recipe 4aad7661ef / IDs32,liberties,4,0,37,2.0,6,6,1292,0.7134862898712927,0.6958351437094942,0.203125,57856,8257,49599
20261007T091605529490Z_3131c78a_s0,resnet,resnet / recipe 4aad7661ef / IDs32,liberties,4,0,37,4.0,6,12,2584,0.7134862898712927,0.6958351437094942,0.203125,57856,8257,49599
20261007T091605529490Z_3131c78a_s0,resnet,resnet / recipe 4aad7661ef / IDs32,liberties,4,0,37,0.5,7,2,323,0.7138923691756095,0.6961607194727387,0.20703125,57774,8184,49590
20261007T091605529490Z_3131c78a_s0,resnet,resnet / recipe 4aad7661ef / IDs32,liberties,4,0,37,1.0,7,3,646,0.7138923691756095,0.6961607194727387,0.20703125,57774,8184,49590
20261007T091605529490Z_3131c78a_s0,resnet,resnet / recipe 4aad7661ef / IDs32,liberties,4,0,37,2.0,7,6,1292,0.7138923691756095,0.6961607194727387,0.20703125,57774,8184,49590
20261007T091605529490Z_3131c78a_s0,resnet,resnet / recipe 4aad7661ef / IDs32,liberties,4,0,37,4.0,7,12,2584,0.7138923691756095,0.6961607194727387,0.20703125,57774,8184,49590
20261007T091606902769Z_ae72945d_s0,rcnn,rcnn / recipe 4aad7661ef / IDs32,liberties,4,0,9,0.5,0,1,15,0.6235251074727888,0.5584037452551945,0.02734375,4116,3503,613
20261007T091606902769Z_ae72945d_s0,rcnn,rcnn / recipe 4aad7661ef / IDs32,liberties,4,0,9,1.0,0,1,30,0.7886216043172047,0.7566870747803317,0.19921875,2311,2182,129
20261007T091606902769Z_ae72945d_s0,rcnn,rcnn / recipe 4aad7661ef / IDs32,liberties,4,0,9,2.0,0,2,60,0.9191438763376932,0.9078084344046158,0.44921875,884,844,40
20261007T091606902769Z_ae72945d_s0,rcnn,rcnn / recipe 4aad7661ef / IDs32,liberties,4,0,9,4.0,0,4,120,0.9821640903686087,0.9815212832941707,0.8125,195,170,25
20261007T091606902769Z_ae72945d_s0,rcnn,rcnn / recipe 4aad7661ef / IDs32,liberties,4,0,9,0.5,1,1,15,0.6245312357084057,0.5586025185490872,0.01953125,4105,3501,604
20261007T091606902769Z_ae72945d_s0,rcnn,rcnn / recipe 4aad7661ef / IDs32,liberties,4,0,9,1.0,1,1,30,0.7874325436751121,0.7568058242995964,0.1953125,2324,2184,140
20261007T091606902769Z_ae72945d_s0,rcnn,rcnn / recipe 4aad7661ef / IDs32,liberties,4,0,9,2.0,1,2,60,0.9200585383700722,0.9082397828199884,0.46484375,874,845,29
20261007T091606902769Z_ae72945d_s0,rcnn,rcnn / recipe 4aad7661ef / IDs32,liberties,4,0,9,4.0,1,4,120,0.9835360834171774,0.9828657168334151,0.828125,180,166,14
20261007T091606902769Z_ae72945d_s0,rcnn,rcnn / recipe 4aad7661ef / IDs32,liberties,4,0,9,0.5,2,1,15,0.6243483033019299,0.5599657097330685,0.015625,4107,3500,607
20261007T091606902769Z_ae72945d_s0,rcnn,rcnn / recipe 4aad7661ef / IDs32,liberties,4,0,9,1.0,2,1,30,0.7879813408945394,0.7559305618237546,0.1953125,2318,2192,126
20261007T091606902769Z_ae72945d_s0,rcnn,rcnn / recipe 4aad7661ef / IDs32,liberties,4,0,9,2.0,2,2,60,0.9198756059635964,0.9083943393745095,0.47265625,876,853,23
20261007T091606902769Z_ae72945d_s0,rcnn,rcnn / recipe 4aad7661ef / IDs32,liberties,4,0,9,4.0,2,4,120,0.9837190158236532,0.9829600506539179,0.83203125,178,168,10
20261007T091606902769Z_ae72945d_s0,rcnn,rcnn / recipe 4aad7661ef / IDs32,liberties,4,0,9,0.5,3,1,15,0.6239824384889783,0.5585812493400841,0.0234375,4111,3505,606
20261007T091606902769Z_ae72945d_s0,rcnn,rcnn / recipe 4aad7661ef / IDs32,liberties,4,0,9,1.0,3,1,30,0.7875240098783499,0.7547365979919547,0.1953125,2323,2200,123
20261007T091606902769Z_ae72945d_s0,rcnn,rcnn / recipe 4aad7661ef / IDs32,liberties,4,0,9,2.0,3,2,60,0.9204244031830239,0.9087619762543068,0.46875,870,843,27
20261007T091606902769Z_ae72945d_s0,rcnn,rcnn / recipe 4aad7661ef / IDs32,liberties,4,0,9,4.0,3,4,120,0.9836275496204152,0.9828893304418362,0.81640625,179,163,16
20261007T091606902769Z_ae72945d_s0,rcnn,rcnn / recipe 4aad7661ef / IDs32,liberties,4,0,9,0.5,4,1,15,0.6243483033019299,0.5586361532646057,0.01953125,4107,3500,607
20261007T091606902769Z_ae72945d_s0,rcnn,rcnn / recipe 4aad7661ef / IDs32,liberties,4,0,9,1.0,4,1,30,0.7864264154394951,0.7553676734781342,0.1953125,2335,2196,139
20261007T091606902769Z_ae72945d_s0,rcnn,rcnn / recipe 4aad7661ef / IDs32,liberties,4,0,9,2.0,4,2,60,0.9206988017927376,0.9086572295015295,0.46484375,867,844,23
20261007T091606902769Z_ae72945d_s0,rcnn,rcnn / recipe 4aad7661ef / IDs32,liberties,4,0,9,4.0,4,4,120,0.9823470227750846,0.9814873938799129,0.82421875,193,177,16
20261007T091606902769Z_ae72945d_s0,rcnn,rcnn / recipe 4aad7661ef / IDs32,liberties,4,0,9,0.5,5,1,15,0.6264520259764017,0.5604193737414188,0.015625,4084,3489,595
20261007T091606902769Z_ae72945d_s0,rcnn,rcnn / recipe 4aad7661ef / IDs32,liberties,4,0,9,1.0,5,1,30,0.7894448001463459,0.7571512362403563,0.1953125,2302,2182,120
20261007T091606902769Z_ae72945d_s0,rcnn,rcnn / recipe 4aad7661ef / IDs32,liberties,4,0,9,2.0,5,2,60,0.9194182749474069,0.9073064368505757,0.46875,881,856,25
20261007T091606902769Z_ae72945d_s0,rcnn,rcnn / recipe 4aad7661ef / IDs32,liberties,4,0,9,4.0,5,4,120,0.9840848806366048,0.983512216808367,0.8359375,174,160,14
20261007T091606902769Z_ae72945d_s0,rcnn,rcnn / recipe 4aad7661ef / IDs32,liberties,4,0,9,0.5,6,1,15,0.6244397695051679,0.5591454326602674,0.0234375,4106,3491,615
20261007T091606902769Z_ae72945d_s0,rcnn,rcnn / recipe 4aad7661ef / IDs32,liberties,4,0,9,1.0,6,1,30,0.7898106649592975,0.7578318833691856,0.19921875,2298,2185,113
20261007T091606902769Z_ae72945d_s0,rcnn,rcnn / recipe 4aad7661ef / IDs32,liberties,4,0,9,2.0,6,2,60,0.9201500045733102,0.9083974148436329,0.4609375,873,843,30
20261007T091606902769Z_ae72945d_s0,rcnn,rcnn / recipe 4aad7661ef / IDs32,liberties,4,0,9,4.0,6,4,120,0.9835360834171774,0.9825417657882543,0.81640625,180,165,15
20261007T091606902769Z_ae72945d_s0,rcnn,rcnn / recipe 4aad7661ef / IDs32,liberties,4,0,9,0.5,7,1,15,0.6238909722857404,0.5563315445374746,0.01953125,4112,3508,604
20261007T091606902769Z_ae72945d_s0,rcnn,rcnn / recipe 4aad7661ef / IDs32,liberties,4,0,9,1.0,7,1,30,0.7877069422848257,0.7557765887546173,0.19921875,2321,2196,125
20261007T091606902769Z_ae72945d_s0,rcnn,rcnn / recipe 4aad7661ef / IDs32,liberties,4,0,9,2.0,7,2,60,0.9215219976218787,0.9098398411578873,0.46484375,858,833,25
20261007T091606902769Z_ae72945d_s0,rcnn,rcnn / recipe 4aad7661ef / IDs32,liberties,4,0,9,4.0,7,4,120,0.9830787524009879,0.9825388244046878,0.8203125,185,164,21
20261007T091606902769Z_ae72945d_s0,rcnn,rcnn / recipe 4aad7661ef / IDs32,liberties,4,0,13,0.5,0,1,35,0.691448414358631,0.629471833842083,0.0390625,7375,5988,1387
20261007T091606902769Z_ae72945d_s0,rcnn,rcnn / recipe 4aad7661ef / IDs32,liberties,4,0,13,1.0,0,1,70,0.7919002593925194,0.7472558181515954,0.1484375,4974,4473,501
20261007T091606902769Z_ae72945d_s0,rcnn,rcnn / recipe 4aad7661ef / IDs32,liberties,4,0,13,2.0,0,2,140,0.871098652832399,0.84512637260792,0.41015625,3081,2619,462
20261007T091606902769Z_ae72945d_s0,rcnn,rcnn / recipe 4aad7661ef / IDs32,liberties,4,0,13,4.0,0,4,280,0.8937327420299557,0.8733540604545988,0.703125,2540,2108,432
20261007T091606902769Z_ae72945d_s0,rcnn,rcnn / recipe 4aad7661ef / IDs32,liberties,4,0,13,0.5,1,1,35,0.6901514517613588,0.628126561946128,0.04296875,7406,5970,1436
20261007T091606902769Z_ae72945d_s0,rcnn,rcnn / recipe 4aad7661ef / IDs32,liberties,4,0,13,1.0,1,1,70,0.792234959417622,0.749214165981812,0.14453125,4966,4483,483
20261007T091606902769Z_ae72945d_s0,rcnn,rcnn / recipe 4aad7661ef / IDs32,liberties,4,0,13,2.0,1,2,140,0.8675006275625471,0.8412405072797919,0.40625,3167,2746,421
20261007T091606902769Z_ae72945d_s0,rcnn,rcnn / recipe 4aad7661ef / IDs32,liberties,4,0,13,4.0,1,4,280,0.8929378294703372,0.8719652677462532,0.68359375,2559,2146,413
20261007T091606902769Z_ae72945d_s0,rcnn,rcnn / recipe 4aad7661ef / IDs32,liberties,4,0,13,0.5,2,1,35,0.6916157643711823,0.6283259607904176,0.03515625,7371,5897,1474
20261007T091606902769Z_ae72945d_s0,rcnn,rcnn / recipe 4aad7661ef / IDs32,liberties,4,0,13,1.0,2,1,70,0.7870889465316709,0.7454470232184185,0.12109375,5089,4397,692
20261007T091606902769Z_ae72945d_s0,rcnn,rcnn / recipe 4aad7661ef / IDs32,liberties,4,0,13,2.0,2,2,140,0.871768052882604,0.8460509501674608,0.4296875,3065,2512,553
20261007T091606902769Z_ae72945d_s0,rcnn,rcnn / recipe 4aad7661ef / IDs32,liberties,4,0,13,4.0,2,4,280,0.8933143669985776,0.8720265094212316,0.6953125,2550,1988,562
20261007T091606902769Z_ae72945d_s0,rcnn,rcnn / recipe 4aad7661ef / IDs32,liberties,4,0,13,0.5,3,1,35,0.6877667140825036,0.6253045459239563,0.0390625,7463,6006,1457
20261007T091606902769Z_ae72945d_s0,rcnn,rcnn / recipe 4aad7661ef / IDs32,liberties,4,0,13,1.0,3,1,70,0.7803112710233453,0.7354810742641538,0.140625,5251,4648,603
20261007T091606902769Z_ae72945d_s0,rcnn,rcnn / recipe 4aad7661ef / IDs32,liberties,4,0,13,2.0,3,2,140,0.8623546146765961,0.8344828428662867,0.421875,3290,2802,488
20261007T091606902769Z_ae72945d_s0,rcnn,rcnn / recipe 4aad7661ef / IDs32,liberties,4,0,13,4.0,3,4,280,0.8849468663710149,0.8616315777312896,0.68359375,2750,2279,471
20261007T091606902769Z_ae72945d_s0,rcnn,rcnn / recipe 4aad7661ef / IDs32,liberties,4,0,13,0.5,4,1,35,0.6889381641703624,0.6256386969241867,0.03125,7435,5991,1444
20261007T091606902769Z_ae72945d_s0,rcnn,rcnn / recipe 4aad7661ef / IDs32,liberties,4,0,13,1.0,4,1,70,0.7878420215881516,0.7461289706909839,0.140625,5071,4471,600
20261007T091606902769Z_ae72945d_s0,rcnn,rcnn / recipe 4aad7661ef / IDs32,liberties,4,0,13,2.0,4,2,140,0.8694251527068865,0.8447568745014905,0.43359375,3121,2653,468
20261007T091606902769Z_ae72945d_s0,rcnn,rcnn / recipe 4aad7661ef / IDs32,liberties,4,0,13,4.0,4,4,280,0.8947368421052632,0.8754277671509526,0.7109375,2516,2081,435
20261007T091606902769Z_ae72945d_s0,rcnn,rcnn / recipe 4aad7661ef / IDs32,liberties,4,0,13,0.5,5,1,35,0.6928708894653167,0.6304531607428383,0.03125,7341,5895,1446
20261007T091606902769Z_ae72945d_s0,rcnn,rcnn / recipe 4aad7661ef / IDs32,liberties,4,0,13,1.0,5,1,70,0.7924859844364488,0.7500163678125751,0.15234375,4960,4417,543
20261007T091606902769Z_ae72945d_s0,rcnn,rcnn / recipe 4aad7661ef / IDs32,liberties,4,0,13,2.0,5,2,140,0.8733578780018408,0.8481497747964001,0.41015625,3027,2585,442
20261007T091606902769Z_ae72945d_s0,rcnn,rcnn / recipe 4aad7661ef / IDs32,liberties,4,0,13,4.0,5,4,280,0.896117479708811,0.8757894460729331,0.69921875,2483,2040,443
20261007T091606902769Z_ae72945d_s0,rcnn,rcnn / recipe 4aad7661ef / IDs32,liberties,4,0,13,0.5,6,1,35,0.6942933645720023,0.6332314918686756,0.0390625,7307,5912,1395
20261007T091606902769Z_ae72945d_s0,rcnn,rcnn / recipe 4aad7661ef / IDs32,liberties,4,0,13,1.0,6,1,70,0.7856246339218476,0.7434217823053062,0.15625,5124,4486,638
20261007T091606902769Z_ae72945d_s0,rcnn,rcnn / recipe 4aad7661ef / IDs32,liberties,4,0,13,2.0,6,2,140,0.8670404150280311,0.843170461206445,0.4140625,3178,2657,521
20261007T091606902769Z_ae72945d_s0,rcnn,rcnn / recipe 4aad7661ef / IDs32,liberties,4,0,13,4.0,6,4,280,0.8884612166345912,0.8683756425776734,0.71875,2666,2168,498
20261007T091606902769Z_ae72945d_s0,rcnn,rcnn / recipe 4aad7661ef / IDs32,liberties,4,0,13,0.5,7,1,35,0.6869299640197473,0.6239855501998772,0.03125,7483,6016,1467
20261007T091606902769Z_ae72945d_s0,rcnn,rcnn / recipe 4aad7661ef / IDs32,liberties,4,0,13,1.0,7,1,70,0.7921094469082085,0.7474941857110179,0.15234375,4969,4494,475
20261007T091606902769Z_ae72945d_s0,rcnn,rcnn / recipe 4aad7661ef / IDs32,liberties,4,0,13,2.0,7,2,140,0.8749477031210777,0.8511721161737738,0.40625,2989,2535,454
20261007T091606902769Z_ae72945d_s0,rcnn,rcnn / recipe 4aad7661ef / IDs32,liberties,4,0,13,4.0,7,4,280,0.895197054639779,0.8746798949199498,0.6875,2505,2061,444
20261007T091606902769Z_ae72945d_s0,rcnn,rcnn / recipe 4aad7661ef / IDs32,liberties,4,0,19,0.5,0,1,80,0.6515464297563314,0.5880178079504325,0.00390625,18905,14482,4423
20261007T091606902769Z_ae72945d_s0,rcnn,rcnn / recipe 4aad7661ef / IDs32,liberties,4,0,19,1.0,0,1,160,0.7310613042356324,0.688952665043068,0.078125,14591,11127,3464
20261007T091606902769Z_ae72945d_s0,rcnn,rcnn / recipe 4aad7661ef / IDs32,liberties,4,0,19,2.0,0,2,320,0.7650495815976702,0.7324271553957098,0.37109375,12747,9453,3294
20261007T091606902769Z_ae72945d_s0,rcnn,rcnn / recipe 4aad7661ef / IDs32,liberties,4,0,19,4.0,0,4,640,0.7713164006340546,0.7405529942671651,0.55078125,12407,9169,3238
20261007T091606902769Z_ae72945d_s0,rcnn,rcnn / recipe 4aad7661ef / IDs32,liberties,4,0,19,0.5,1,1,80,0.6495004976591587,0.5839570726866931,0.01171875,19016,14719,4297
20261007T091606902769Z_ae72945d_s0,rcnn,rcnn / recipe 4aad7661ef / IDs32,liberties,4,0,19,1.0,1,1,160,0.7357061230508349,0.692561787796844,0.08984375,14339,11045,3294
20261007T091606902769Z_ae72945d_s0,rcnn,rcnn / recipe 4aad7661ef / IDs32,liberties,4,0,19,2.0,1,2,320,0.7655472407564419,0.7319346674423068,0.3515625,12720,9476,3244
20261007T091606902769Z_ae72945d_s0,rcnn,rcnn / recipe 4aad7661ef / IDs32,liberties,4,0,19,4.0,1,4,640,0.7690492866885391,0.7372555584098455,0.546875,12530,9243,3287
20261007T091606902769Z_ae72945d_s0,rcnn,rcnn / recipe 4aad7661ef / IDs32,liberties,4,0,19,0.5,2,1,80,0.6461643381133189,0.5810377127542317,0.0078125,19197,14785,4412
20261007T091606902769Z_ae72945d_s0,rcnn,rcnn / recipe 4aad7661ef / IDs32,liberties,4,0,19,1.0,2,1,160,0.734305304677996,0.6895445310431672,0.09765625,14415,11135,3280
20261007T091606902769Z_ae72945d_s0,rcnn,rcnn / recipe 4aad7661ef / IDs32,liberties,4,0,19,2.0,2,2,320,0.7652891952667085,0.7311626858647665,0.375,12734,9537,3197
20261007T091606902769Z_ae72945d_s0,rcnn,rcnn / recipe 4aad7661ef / IDs32,liberties,4,0,19,4.0,2,4,640,0.7704132414199875,0.7384512473180154,0.5546875,12456,9275,3181
20261007T091606902769Z_ae72945d_s0,rcnn,rcnn / recipe 4aad7661ef / IDs32,liberties,4,0,19,0.5,3,1,80,0.6461459062926236,0.5798776818752187,0.01171875,19198,14773,4425
20261007T091606902769Z_ae72945d_s0,rcnn,rcnn / recipe 4aad7661ef / IDs32,liberties,4,0,19,1.0,3,1,160,0.7345817819884248,0.6895035697176879,0.07421875,14400,11173,3227
20261007T091606902769Z_ae72945d_s0,rcnn,rcnn / recipe 4aad7661ef / IDs32,liberties,4,0,19,2.0,3,2,320,0.7658421498875659,0.7321132036575049,0.35546875,12704,9514,3190
20261007T091606902769Z_ae72945d_s0,rcnn,rcnn / recipe 4aad7661ef / IDs32,liberties,4,0,19,4.0,3,4,640,0.7703395141372065,0.7383897453778099,0.55078125,12460,9290,3170
20261007T091606902769Z_ae72945d_s0,rcnn,rcnn / recipe 4aad7661ef / IDs32,liberties,4,0,19,0.5,4,1,80,0.6511040660596453,0.5861578556646183,0.00390625,18929,14631,4298
20261007T091606902769Z_ae72945d_s0,rcnn,rcnn / recipe 4aad7661ef / IDs32,liberties,4,0,19,1.0,4,1,160,0.7317617134220519,0.6886101481781308,0.10546875,14553,11193,3360
20261007T091606902769Z_ae72945d_s0,rcnn,rcnn / recipe 4aad7661ef / IDs32,liberties,4,0,19,2.0,4,2,320,0.7659343089910421,0.7333629727379329,0.375,12699,9475,3224
20261007T091606902769Z_ae72945d_s0,rcnn,rcnn / recipe 4aad7661ef / IDs32,liberties,4,0,19,4.0,4,4,640,0.7712795369926642,0.7409380030668454,0.5625,12409,9197,3212
20261007T091606902769Z_ae72945d_s0,rcnn,rcnn / recipe 4aad7661ef / IDs32,liberties,4,0,19,0.5,5,1,80,0.6477679065138054,0.5825944434571743,0.00390625,19110,14800,4310
20261007T091606902769Z_ae72945d_s0,rcnn,rcnn / recipe 4aad7661ef / IDs32,liberties,4,0,19,1.0,5,1,160,0.7323883953256902,0.6896867775499286,0.08984375,14519,11197,3322
20261007T091606902769Z_ae72945d_s0,rcnn,rcnn / recipe 4aad7661ef / IDs32,liberties,4,0,19,2.0,5,2,320,0.7675194455708335,0.7349420843123101,0.375,12613,9457,3156
20261007T091606902769Z_ae72945d_s0,rcnn,rcnn / recipe 4aad7661ef / IDs32,liberties,4,0,19,4.0,5,4,640,0.7724038780550743,0.7412387673541905,0.55859375,12348,9242,3106
20261007T091606902769Z_ae72945d_s0,rcnn,rcnn / recipe 4aad7661ef / IDs32,liberties,4,0,19,0.5,6,1,80,0.6491134294245585,0.5838169597954042,0.0078125,19037,14663,4374
20261007T091606902769Z_ae72945d_s0,rcnn,rcnn / recipe 4aad7661ef / IDs32,liberties,4,0,19,1.0,6,1,160,0.7335864636708814,0.6902462742957891,0.08203125,14454,11175,3279
20261007T091606902769Z_ae72945d_s0,rcnn,rcnn / recipe 4aad7661ef / IDs32,liberties,4,0,19,2.0,6,2,320,0.7658052862461754,0.7325989275905516,0.34375,12706,9515,3191
20261007T091606902769Z_ae72945d_s0,rcnn,rcnn / recipe 4aad7661ef / IDs32,liberties,4,0,19,4.0,6,4,640,0.7717403325100454,0.7404247119917357,0.54296875,12384,9225,3159
20261007T091606902769Z_ae72945d_s0,rcnn,rcnn / recipe 4aad7661ef / IDs32,liberties,4,0,19,0.5,7,1,80,0.6469384745825193,0.5825404795577758,0.0078125,19155,14729,4426
20261007T091606902769Z_ae72945d_s0,rcnn,rcnn / recipe 4aad7661ef / IDs32,liberties,4,0,19,1.0,7,1,160,0.730360895049213,0.6847474764026189,0.07421875,14629,11285,3344
20261007T091606902769Z_ae72945d_s0,rcnn,rcnn / recipe 4aad7661ef / IDs32,liberties,4,0,19,2.0,7,2,320,0.7644228996940318,0.730911393357822,0.3515625,12781,9499,3282
20261007T091606902769Z_ae72945d_s0,rcnn,rcnn / recipe 4aad7661ef / IDs32,liberties,4,0,19,4.0,7,4,640,0.7691230139713201,0.7370302805844529,0.55078125,12526,9278,3248
20261007T091606902769Z_ae72945d_s0,rcnn,rcnn / recipe 4aad7661ef / IDs32,liberties,4,0,25,0.5,0,1,143,0.6203724217966978,0.5614427792902769,0.0078125,35983,28100,7883
20261007T091606902769Z_ae72945d_s0,rcnn,rcnn / recipe 4aad7661ef / IDs32,liberties,4,0,25,1.0,0,1,286,0.6842327372474548,0.6421986158216549,0.05859375,29930,22975,6955
20261007T091606902769Z_ae72945d_s0,rcnn,rcnn / recipe 4aad7661ef / IDs32,liberties,4,0,25,2.0,0,2,572,0.7089940391412143,0.6716650386662057,0.30859375,27583,20946,6637
20261007T091606902769Z_ae72945d_s0,rcnn,rcnn / recipe 4aad7661ef / IDs32,liberties,4,0,25,4.0,0,4,1144,0.7111462784195811,0.6740332073119197,0.44921875,27379,20768,6611
20261007T091606902769Z_ae72945d_s0,rcnn,rcnn / recipe 4aad7661ef / IDs32,liberties,4,0,25,0.5,1,1,143,0.6242126918816269,0.5650771554804579,0.0078125,35619,28088,7531
20261007T091606902769Z_ae72945d_s0,rcnn,rcnn / recipe 4aad7661ef / IDs32,liberties,4,0,25,1.0,1,1,286,0.6842327372474548,0.6405607021382577,0.07421875,29930,23322,6608
20261007T091606902769Z_ae72945d_s0,rcnn,rcnn / recipe 4aad7661ef / IDs32,liberties,4,0,25,2.0,1,2,572,0.7083926781663765,0.6718847658838819,0.30078125,27640,21120,6520
20261007T091606902769Z_ae72945d_s0,rcnn,rcnn / recipe 4aad7661ef / IDs32,liberties,4,0,25,4.0,1,4,1144,0.7126655061454872,0.6757574750087852,0.4453125,27235,20908,6327
20261007T091606902769Z_ae72945d_s0,rcnn,rcnn / recipe 4aad7661ef / IDs32,liberties,4,0,25,0.5,2,1,143,0.6216806456717835,0.5626844688711542,0.0078125,35859,27909,7950
20261007T091606902769Z_ae72945d_s0,rcnn,rcnn / recipe 4aad7661ef / IDs32,liberties,4,0,25,1.0,2,1,286,0.6808355752492483,0.6374193238756758,0.07421875,30252,23515,6737
20261007T091606902769Z_ae72945d_s0,rcnn,rcnn / recipe 4aad7661ef / IDs32,liberties,4,0,25,2.0,2,2,572,0.7095742997309701,0.6730532843577055,0.296875,27528,20960,6568
20261007T091606902769Z_ae72945d_s0,rcnn,rcnn / recipe 4aad7661ef / IDs32,liberties,4,0,25,4.0,2,4,1144,0.7112939811151554,0.6752783250236019,0.4375,27365,20837,6528
20261007T091606902769Z_ae72945d_s0,rcnn,rcnn / recipe 4aad7661ef / IDs32,liberties,4,0,25,0.5,3,1,143,0.6178931265495595,0.5580376764513867,0.0078125,36218,28378,7840
20261007T091606902769Z_ae72945d_s0,rcnn,rcnn / recipe 4aad7661ef / IDs32,liberties,4,0,25,1.0,3,1,286,0.6804979690879358,0.6362835664426756,0.0703125,30284,23589,6695
20261007T091606902769Z_ae72945d_s0,rcnn,rcnn / recipe 4aad7661ef / IDs32,liberties,4,0,25,2.0,3,2,572,0.7099224560848235,0.6711335629282776,0.29296875,27495,21151,6344
20261007T091606902769Z_ae72945d_s0,rcnn,rcnn / recipe 4aad7661ef / IDs32,liberties,4,0,25,4.0,3,4,1144,0.7131824655799969,0.6776530641092334,0.44140625,27186,20615,6571
20261007T091606902769Z_ae72945d_s0,rcnn,rcnn / recipe 4aad7661ef / IDs32,liberties,4,0,25,0.5,4,1,143,0.6234952787888379,0.5634450021041305,0.0078125,35687,28116,7571
20261007T091606902769Z_ae72945d_s0,rcnn,rcnn / recipe 4aad7661ef / IDs32,liberties,4,0,25,1.0,4,1,286,0.6819855462362188,0.6388807493775179,0.0703125,30143,23387,6756
20261007T091606902769Z_ae72945d_s0,rcnn,rcnn / recipe 4aad7661ef / IDs32,liberties,4,0,25,2.0,4,2,572,0.7091100912591655,0.6727465728720411,0.30859375,27572,20855,6717
20261007T091606902769Z_ae72945d_s0,rcnn,rcnn / recipe 4aad7661ef / IDs32,liberties,4,0,25,4.0,4,4,1144,0.7108403228358917,0.6746524004445473,0.4375,27408,20853,6555
20261007T091606902769Z_ae72945d_s0,rcnn,rcnn / recipe 4aad7661ef / IDs32,liberties,4,0,25,0.5,5,1,143,0.6172706651896397,0.5567003267432599,0.0078125,36277,28436,7841
20261007T091606902769Z_ae72945d_s0,rcnn,rcnn / recipe 4aad7661ef / IDs32,liberties,4,0,25,1.0,5,1,286,0.6809832779448225,0.6378487242710117,0.0703125,30238,23423,6815
20261007T091606902769Z_ae72945d_s0,rcnn,rcnn / recipe 4aad7661ef / IDs32,liberties,4,0,25,2.0,5,2,572,0.706493643508994,0.6697740139729694,0.296875,27820,21168,6652
20261007T091606902769Z_ae72945d_s0,rcnn,rcnn / recipe 4aad7661ef / IDs32,liberties,4,0,25,4.0,5,4,1144,0.7098697051221184,0.6747330671612837,0.4375,27500,20793,6707
20261007T091606902769Z_ae72945d_s0,rcnn,rcnn / recipe 4aad7661ef / IDs32,liberties,4,0,25,0.5,6,1,143,0.6238328849501503,0.5638128656126219,0.0078125,35655,28061,7594
20261007T091606902769Z_ae72945d_s0,rcnn,rcnn / recipe 4aad7661ef / IDs32,liberties,4,0,25,1.0,6,1,286,0.6796539536846548,0.6361558479060745,0.0703125,30364,23380,6984
20261007T091606902769Z_ae72945d_s0,rcnn,rcnn / recipe 4aad7661ef / IDs32,liberties,4,0,25,2.0,6,2,572,0.7080656221976052,0.6717094458879606,0.2734375,27671,20910,6761
20261007T091606902769Z_ae72945d_s0,rcnn,rcnn / recipe 4aad7661ef / IDs32,liberties,4,0,25,4.0,6,4,1144,0.7103972147491692,0.6739353095849885,0.43359375,27450,20861,6589
20261007T091606902769Z_ae72945d_s0,rcnn,rcnn / recipe 4aad7661ef / IDs32,liberties,4,0,25,0.5,7,1,143,0.6219021997151448,0.5623669893909319,0.0078125,35838,28076,7762
20261007T091606902769Z_ae72945d_s0,rcnn,rcnn / recipe 4aad7661ef / IDs32,liberties,4,0,25,1.0,7,1,286,0.681384185261381,0.6380819132381688,0.0703125,30200,23408,6792
20261007T091606902769Z_ae72945d_s0,rcnn,rcnn / recipe 4aad7661ef / IDs32,liberties,4,0,25,2.0,7,2,572,0.7098486047370365,0.6719266632987698,0.30859375,27502,21085,6417
20261007T091606902769Z_ae72945d_s0,rcnn,rcnn / recipe 4aad7661ef / IDs32,liberties,4,0,25,4.0,7,4,1144,0.7127077069156512,0.6756857916276943,0.4453125,27231,20842,6389
20261007T091606902769Z_ae72945d_s0,rcnn,rcnn / recipe 4aad7661ef / IDs32,liberties,4,0,37,0.5,0,2,323,0.626624936240597,0.5573254799313517,0.0234375,75396,57098,18298
20261007T091606902769Z_ae72945d_s0,rcnn,rcnn / recipe 4aad7661ef / IDs32,liberties,4,0,37,1.0,0,3,646,0.6846051373984182,0.6387394015546788,0.0703125,63688,45550,18138
20261007T091606902769Z_ae72945d_s0,rcnn,rcnn / recipe 4aad7661ef / IDs32,liberties,4,0,37,2.0,0,6,1292,0.7055330781306486,0.6657646377380428,0.296875,59462,42135,17327
20261007T091606902769Z_ae72945d_s0,rcnn,rcnn / recipe 4aad7661ef / IDs32,liberties,4,0,37,4.0,0,12,2584,0.7063204758060921,0.6659326109592809,0.39453125,59303,41982,17321
20261007T091606902769Z_ae72945d_s0,rcnn,rcnn / recipe 4aad7661ef / IDs32,liberties,4,0,37,0.5,1,2,323,0.6288880855341676,0.5575503322971045,0.01953125,74939,56755,18184
20261007T091606902769Z_ae72945d_s0,rcnn,rcnn / recipe 4aad7661ef / IDs32,liberties,4,0,37,1.0,1,3,646,0.68937904531746,0.6409215869211805,0.07421875,62724,44826,17898
20261007T091606902769Z_ae72945d_s0,rcnn,rcnn / recipe 4aad7661ef / IDs32,liberties,4,0,37,2.0,1,6,1292,0.706256097379798,0.6638131272707071,0.30078125,59316,42234,17082
20261007T091606902769Z_ae72945d_s0,rcnn,rcnn / recipe 4aad7661ef / IDs32,liberties,4,0,37,4.0,1,12,2584,0.7111141924716858,0.6692776829072387,0.40625,58335,41494,16841
20261007T091606902769Z_ae72945d_s0,rcnn,rcnn / recipe 4aad7661ef / IDs32,liberties,4,0,37,0.5,2,2,323,0.6259662954177417,0.5552448448937156,0.01953125,75529,57106,18423
20261007T091606902769Z_ae72945d_s0,rcnn,rcnn / recipe 4aad7661ef / IDs32,liberties,4,0,37,1.0,2,3,646,0.6868088604523327,0.6394668011216227,0.07421875,63243,45404,17839
20261007T091606902769Z_ae72945d_s0,rcnn,rcnn / recipe 4aad7661ef / IDs32,liberties,4,0,37,2.0,2,6,1292,0.7035670600353586,0.6630271267634202,0.30859375,59859,42283,17576
20261007T091606902769Z_ae72945d_s0,rcnn,rcnn / recipe 4aad7661ef / IDs32,liberties,4,0,37,4.0,2,12,2584,0.7054439387711644,0.6631952251299063,0.40234375,59480,42276,17204
20261007T091606902769Z_ae72945d_s0,rcnn,rcnn / recipe 4aad7661ef / IDs32,liberties,4,0,37,0.5,3,2,323,0.6274668079690587,0.5571562829513108,0.0234375,75226,56643,18583
20261007T091606902769Z_ae72945d_s0,rcnn,rcnn / recipe 4aad7661ef / IDs32,liberties,4,0,37,1.0,3,3,646,0.6894236149972021,0.6413249411037378,0.0703125,62715,45538,17177
20261007T091606902769Z_ae72945d_s0,rcnn,rcnn / recipe 4aad7661ef / IDs32,liberties,4,0,37,2.0,3,6,1292,0.7056271696767707,0.6642949037899896,0.3203125,59443,42209,17234
20261007T091606902769Z_ae72945d_s0,rcnn,rcnn / recipe 4aad7661ef / IDs32,liberties,4,0,37,4.0,3,12,2584,0.7054488909578024,0.6626483136446394,0.4140625,59479,42359,17120
20261007T091606902769Z_ae72945d_s0,rcnn,rcnn / recipe 4aad7661ef / IDs32,liberties,4,0,37,0.5,4,2,323,0.6264119922151626,0.556187107609396,0.01953125,75439,56787,18652
20261007T091606902769Z_ae72945d_s0,rcnn,rcnn / recipe 4aad7661ef / IDs32,liberties,4,0,37,1.0,4,3,646,0.6824212230910559,0.6346574180007274,0.0625,64129,45546,18583
20261007T091606902769Z_ae72945d_s0,rcnn,rcnn / recipe 4aad7661ef / IDs32,liberties,4,0,37,2.0,4,6,1292,0.7048150110681372,0.6632019041104817,0.29296875,59607,41974,17633
20261007T091606902769Z_ae72945d_s0,rcnn,rcnn / recipe 4aad7661ef / IDs32,liberties,4,0,37,4.0,4,12,2584,0.7062610495664361,0.6641499354110145,0.40234375,59315,41747,17568
20261007T091606902769Z_ae72945d_s0,rcnn,rcnn / recipe 4aad7661ef / IDs32,liberties,4,0,37,0.5,5,2,323,0.6276896563677692,0.5571503603093797,0.0234375,75181,56623,18558
20261007T091606902769Z_ae72945d_s0,rcnn,rcnn / recipe 4aad7661ef / IDs32,liberties,4,0,37,1.0,5,3,646,0.6871505613303555,0.6402843904971169,0.0625,63174,45090,18084
20261007T091606902769Z_ae72945d_s0,rcnn,rcnn / recipe 4aad7661ef / IDs32,liberties,4,0,37,2.0,5,6,1292,0.7042108442982999,0.6619570206934748,0.30859375,59729,42187,17542
20261007T091606902769Z_ae72945d_s0,rcnn,rcnn / recipe 4aad7661ef / IDs32,liberties,4,0,37,4.0,5,12,2584,0.709692914906577,0.666834806835457,0.40625,58622,41595,17027
20261007T091606902769Z_ae72945d_s0,rcnn,rcnn / recipe 4aad7661ef / IDs32,liberties,4,0,37,0.5,6,2,323,0.626619984053959,0.5555622183719628,0.0234375,75397,56870,18527
20261007T091606902769Z_ae72945d_s0,rcnn,rcnn / recipe 4aad7661ef / IDs32,liberties,4,0,37,1.0,6,3,646,0.6872248441299256,0.6409528972561285,0.078125,63159,45368,17791
20261007T091606902769Z_ae72945d_s0,rcnn,rcnn / recipe 4aad7661ef / IDs32,liberties,4,0,37,2.0,6,6,1292,0.7027053795603448,0.6609440759107104,0.32421875,60033,42685,17348
20261007T091606902769Z_ae72945d_s0,rcnn,rcnn / recipe 4aad7661ef / IDs32,liberties,4,0,37,4.0,6,12,2584,0.703720577821137,0.6629111528142654,0.41015625,59828,42056,17772
20261007T091606902769Z_ae72945d_s0,rcnn,rcnn / recipe 4aad7661ef / IDs32,liberties,4,0,37,0.5,7,2,323,0.6218906458146595,0.5517819095158679,0.0234375,76352,57295,19057
20261007T091606902769Z_ae72945d_s0,rcnn,rcnn / recipe 4aad7661ef / IDs32,liberties,4,0,37,1.0,7,3,646,0.684461523985916,0.6381050799808576,0.078125,63717,45683,18034
20261007T091606902769Z_ae72945d_s0,rcnn,rcnn / recipe 4aad7661ef / IDs32,liberties,4,0,37,2.0,7,6,1292,0.7046813020289109,0.6626933101777279,0.30859375,59634,42287,17347
20261007T091606902769Z_ae72945d_s0,rcnn,rcnn / recipe 4aad7661ef / IDs32,liberties,4,0,37,4.0,7,12,2584,0.7045822582961506,0.6629415477144858,0.4140625,59654,42224,17430
20261007T091607081198Z_16dbaecc_s1,rcnn,rcnn / recipe 4aad7661ef / IDs32,liberties,4,1,9,0.5,0,1,15,0.6415439495106559,0.5932870105054684,0.01953125,3919,3435,484
20261007T091607081198Z_16dbaecc_s1,rcnn,rcnn / recipe 4aad7661ef / IDs32,liberties,4,1,9,1.0,0,1,30,0.7642915942559224,0.7418878962220922,0.19140625,2577,2326,251
20261007T091607081198Z_16dbaecc_s1,rcnn,rcnn / recipe 4aad7661ef / IDs32,liberties,4,1,9,2.0,0,2,60,0.8949967986828866,0.8854491246385991,0.40625,1148,1052,96
20261007T091607081198Z_16dbaecc_s1,rcnn,rcnn / recipe 4aad7661ef / IDs32,liberties,4,1,9,4.0,0,4,120,0.9730174700448184,0.970860945479956,0.80078125,295,279,16
20261007T091607081198Z_16dbaecc_s1,rcnn,rcnn / recipe 4aad7661ef / IDs32,liberties,4,1,9,0.5,1,1,15,0.6410866184944662,0.5924913223516491,0.0234375,3924,3438,486
20261007T091607081198Z_16dbaecc_s1,rcnn,rcnn / recipe 4aad7661ef / IDs32,liberties,4,1,9,1.0,1,1,30,0.7627366688008781,0.7403717917989339,0.18359375,2594,2341,253
20261007T091607081198Z_16dbaecc_s1,rcnn,rcnn / recipe 4aad7661ef / IDs32,liberties,4,1,9,2.0,1,2,60,0.8944480014634593,0.8850701490557349,0.40625,1154,1046,108
20261007T091607081198Z_16dbaecc_s1,rcnn,rcnn / recipe 4aad7661ef / IDs32,liberties,4,1,9,4.0,1,4,120,0.9734748010610079,0.9716531087648254,0.79296875,290,276,14
20261007T091607081198Z_16dbaecc_s1,rcnn,rcnn / recipe 4aad7661ef / IDs32,liberties,4,1,9,0.5,2,1,15,0.6420927467300832,0.5923820269673541,0.01953125,3913,3435,478
20261007T091607081198Z_16dbaecc_s1,rcnn,rcnn / recipe 4aad7661ef / IDs32,liberties,4,1,9,1.0,2,1,30,0.7637427970364951,0.7411811900263781,0.18359375,2583,2330,253
20261007T091607081198Z_16dbaecc_s1,rcnn,rcnn / recipe 4aad7661ef / IDs32,liberties,4,1,9,2.0,2,2,60,0.8966431903411689,0.8872750041202109,0.41015625,1130,1028,102
20261007T091607081198Z_16dbaecc_s1,rcnn,rcnn / recipe 4aad7661ef / IDs32,liberties,4,1,9,4.0,2,4,120,0.9733833348577701,0.9716108580984596,0.80859375,291,273,18
20261007T091607081198Z_16dbaecc_s1,rcnn,rcnn / recipe 4aad7661ef / IDs32,liberties,4,1,9,0.5,3,1,15,0.6418183481203695,0.5927331299622611,0.015625,3916,3432,484
20261007T091607081198Z_16dbaecc_s1,rcnn,rcnn / recipe 4aad7661ef / IDs32,liberties,4,1,9,1.0,3,1,30,0.7649318576785877,0.7426280424322373,0.17578125,2570,2310,260
20261007T091607081198Z_16dbaecc_s1,rcnn,rcnn / recipe 4aad7661ef / IDs32,liberties,4,1,9,2.0,3,2,60,0.8952711972926004,0.8859645806084062,0.3984375,1145,1037,108
20261007T091607081198Z_16dbaecc_s1,rcnn,rcnn / recipe 4aad7661ef / IDs32,liberties,4,1,9,4.0,3,4,120,0.9739321320771974,0.9721026839465894,0.8046875,285,269,16
20261007T091607081198Z_16dbaecc_s1,rcnn,rcnn / recipe 4aad7661ef / IDs32,liberties,4,1,9,0.5,4,1,15,0.6418183481203695,0.5920567552853429,0.02734375,3916,3428,488
20261007T091607081198Z_16dbaecc_s1,rcnn,rcnn / recipe 4aad7661ef / IDs32,liberties,4,1,9,1.0,4,1,30,0.7642001280526846,0.741896786425815,0.1796875,2578,2319,259
20261007T091607081198Z_16dbaecc_s1,rcnn,rcnn / recipe 4aad7661ef / IDs32,liberties,4,1,9,2.0,4,2,60,0.8949967986828866,0.8855377973641965,0.40625,1148,1041,107
20261007T091607081198Z_16dbaecc_s1,rcnn,rcnn / recipe 4aad7661ef / IDs32,liberties,4,1,9,4.0,4,4,120,0.9726516052318668,0.9706536407810057,0.80078125,299,279,20
20261007T091607081198Z_16dbaecc_s1,rcnn,rcnn / recipe 4aad7661ef / IDs32,liberties,4,1,9,0.5,5,1,15,0.6417268819171317,0.5947713586730543,0.01171875,3917,3418,499
20261007T091607081198Z_16dbaecc_s1,rcnn,rcnn / recipe 4aad7661ef / IDs32,liberties,4,1,9,1.0,5,1,30,0.765663587304491,0.7429821909106368,0.1875,2562,2314,248
20261007T091607081198Z_16dbaecc_s1,rcnn,rcnn / recipe 4aad7661ef / IDs32,liberties,4,1,9,2.0,5,2,60,0.8943565352602213,0.884415767240522,0.40234375,1155,1054,101
20261007T091607081198Z_16dbaecc_s1,rcnn,rcnn / recipe 4aad7661ef / IDs32,liberties,4,1,9,4.0,5,4,120,0.9732004024512942,0.9713414521791555,0.8125,293,278,15
20261007T091607081198Z_16dbaecc_s1,rcnn,rcnn / recipe 4aad7661ef / IDs32,liberties,4,1,9,0.5,6,1,15,0.6438306045916034,0.5942234515245307,0.03125,3894,3429,465
20261007T091607081198Z_16dbaecc_s1,rcnn,rcnn / recipe 4aad7661ef / IDs32,liberties,4,1,9,1.0,6,1,30,0.7672185127595353,0.7439287210429405,0.18359375,2545,2312,233
20261007T091607081198Z_16dbaecc_s1,rcnn,rcnn / recipe 4aad7661ef / IDs32,liberties,4,1,9,2.0,6,2,60,0.8960943931217416,0.8868418782775476,0.41015625,1136,1029,107
20261007T091607081198Z_16dbaecc_s1,rcnn,rcnn / recipe 4aad7661ef / IDs32,liberties,4,1,9,4.0,6,4,120,0.9737491996707217,0.9719274912346062,0.80078125,287,273,14
20261007T091607081198Z_16dbaecc_s1,rcnn,rcnn / recipe 4aad7661ef / IDs32,liberties,4,1,9,0.5,7,1,15,0.6409951522912284,0.5934287356140018,0.0234375,3925,3420,505
20261007T091607081198Z_16dbaecc_s1,rcnn,rcnn / recipe 4aad7661ef / IDs32,liberties,4,1,9,1.0,7,1,30,0.7641086618494466,0.7414643255734439,0.1875,2579,2319,260
20261007T091607081198Z_16dbaecc_s1,rcnn,rcnn / recipe 4aad7661ef / IDs32,liberties,4,1,9,2.0,7,2,60,0.8957285283087899,0.8862385682121292,0.3984375,1140,1035,105
20261007T091607081198Z_16dbaecc_s1,rcnn,rcnn / recipe 4aad7661ef / IDs32,liberties,4,1,9,4.0,7,4,120,0.9730174700448184,0.9710851428360722,0.796875,295,279,16
20261007T091607081198Z_16dbaecc_s1,rcnn,rcnn / recipe 4aad7661ef / IDs32,liberties,4,1,13,0.5,0,1,35,0.6893983767048782,0.6296897336885396,0.05078125,7424,6336,1088
20261007T091607081198Z_16dbaecc_s1,rcnn,rcnn / recipe 4aad7661ef / IDs32,liberties,4,1,13,1.0,0,1,70,0.7988871224165341,0.7635101241986909,0.15234375,4807,4113,694
20261007T091607081198Z_16dbaecc_s1,rcnn,rcnn / recipe 4aad7661ef / IDs32,liberties,4,1,13,2.0,0,2,140,0.8959501296962598,0.8802497088952366,0.4296875,2487,2008,479
20261007T091607081198Z_16dbaecc_s1,rcnn,rcnn / recipe 4aad7661ef / IDs32,liberties,4,1,13,4.0,0,4,280,0.9365743452430759,0.9310572360246716,0.78515625,1516,1128,388
20261007T091607081198Z_16dbaecc_s1,rcnn,rcnn / recipe 4aad7661ef / IDs32,liberties,4,1,13,0.5,1,1,35,0.6884361141327086,0.6299597552693674,0.046875,7447,6328,1119
20261007T091607081198Z_16dbaecc_s1,rcnn,rcnn / recipe 4aad7661ef / IDs32,liberties,4,1,13,1.0,1,1,70,0.8046188603464145,0.7729072418688652,0.1484375,4670,3949,721
20261007T091607081198Z_16dbaecc_s1,rcnn,rcnn / recipe 4aad7661ef / IDs32,liberties,4,1,13,2.0,1,2,140,0.9022257551669316,0.8902795000319872,0.43359375,2337,1897,440
20261007T091607081198Z_16dbaecc_s1,rcnn,rcnn / recipe 4aad7661ef / IDs32,liberties,4,1,13,4.0,1,4,280,0.942598945694921,0.9408676553239378,0.78125,1372,1003,369
20261007T091607081198Z_16dbaecc_s1,rcnn,rcnn / recipe 4aad7661ef / IDs32,liberties,4,1,13,0.5,2,1,35,0.6843360388252029,0.6227018438058781,0.04296875,7545,6447,1098
20261007T091607081198Z_16dbaecc_s1,rcnn,rcnn / recipe 4aad7661ef / IDs32,liberties,4,1,13,1.0,2,1,70,0.7983013973726047,0.7631819562542645,0.14453125,4821,4120,701
20261007T091607081198Z_16dbaecc_s1,rcnn,rcnn / recipe 4aad7661ef / IDs32,liberties,4,1,13,2.0,2,2,140,0.8962429922182245,0.8802887625162302,0.42578125,2480,2012,468
20261007T091607081198Z_16dbaecc_s1,rcnn,rcnn / recipe 4aad7661ef / IDs32,liberties,4,1,13,4.0,2,4,280,0.9402560455192034,0.9342743088097634,0.765625,1428,1036,392
20261007T091607081198Z_16dbaecc_s1,rcnn,rcnn / recipe 4aad7661ef / IDs32,liberties,4,1,13,0.5,3,1,35,0.6863024014726801,0.6253580531891084,0.0546875,7498,6378,1120
20261007T091607081198Z_16dbaecc_s1,rcnn,rcnn / recipe 4aad7661ef / IDs32,liberties,4,1,13,1.0,3,1,70,0.7950799096309932,0.7598854015263184,0.14453125,4898,4181,717
20261007T091607081198Z_16dbaecc_s1,rcnn,rcnn / recipe 4aad7661ef / IDs32,liberties,4,1,13,2.0,3,2,140,0.8971215797841184,0.880804848685625,0.4296875,2459,2035,424
20261007T091607081198Z_16dbaecc_s1,rcnn,rcnn / recipe 4aad7661ef / IDs32,liberties,4,1,13,4.0,3,4,280,0.9388754079156556,0.9342320344609824,0.77734375,1461,1113,348
20261007T091607081198Z_16dbaecc_s1,rcnn,rcnn / recipe 4aad7661ef / IDs32,liberties,4,1,13,0.5,4,1,35,0.6851309513848214,0.6245921360929502,0.05078125,7526,6411,1115
20261007T091607081198Z_16dbaecc_s1,rcnn,rcnn / recipe 4aad7661ef / IDs32,liberties,4,1,13,1.0,4,1,70,0.8005187850389088,0.7692014769167326,0.1328125,4768,4046,722
20261007T091607081198Z_16dbaecc_s1,rcnn,rcnn / recipe 4aad7661ef / IDs32,liberties,4,1,13,2.0,4,2,140,0.8990461049284578,0.8867910990891587,0.4140625,2413,1950,463
20261007T091607081198Z_16dbaecc_s1,rcnn,rcnn / recipe 4aad7661ef / IDs32,liberties,4,1,13,4.0,4,4,280,0.9374110953058321,0.9347694688379593,0.7421875,1496,1097,399
20261007T091607081198Z_16dbaecc_s1,rcnn,rcnn / recipe 4aad7661ef / IDs32,liberties,4,1,13,0.5,5,1,35,0.6867207765040583,0.625317251585797,0.04296875,7488,6405,1083
20261007T091607081198Z_16dbaecc_s1,rcnn,rcnn / recipe 4aad7661ef / IDs32,liberties,4,1,13,1.0,5,1,70,0.8045351853401389,0.7716177843006757,0.140625,4672,4011,661
20261007T091607081198Z_16dbaecc_s1,rcnn,rcnn / recipe 4aad7661ef / IDs32,liberties,4,1,13,2.0,5,2,140,0.9033972052547904,0.8901205299208919,0.43359375,2309,1911,398
20261007T091607081198Z_16dbaecc_s1,rcnn,rcnn / recipe 4aad7661ef / IDs32,liberties,4,1,13,4.0,5,4,280,0.9447326583549494,0.941950277232802,0.79296875,1321,986,335
20261007T091607081198Z_16dbaecc_s1,rcnn,rcnn / recipe 4aad7661ef / IDs32,liberties,4,1,13,0.5,6,1,35,0.6828717262153795,0.6233242873927874,0.05078125,7580,6437,1143
20261007T091607081198Z_16dbaecc_s1,rcnn,rcnn / recipe 4aad7661ef / IDs32,liberties,4,1,13,1.0,6,1,70,0.7981340473600536,0.7643199880484919,0.14453125,4825,4075,750
20261007T091607081198Z_16dbaecc_s1,rcnn,rcnn / recipe 4aad7661ef / IDs32,liberties,4,1,13,2.0,6,2,140,0.8978328173374613,0.8842431087846989,0.4375,2442,1923,519
20261007T091607081198Z_16dbaecc_s1,rcnn,rcnn / recipe 4aad7661ef / IDs32,liberties,4,1,13,4.0,6,4,280,0.9414693331102,0.9373395748209518,0.77734375,1399,950,449
20261007T091607081198Z_16dbaecc_s1,rcnn,rcnn / recipe 4aad7661ef / IDs32,liberties,4,1,13,0.5,7,1,35,0.6859677014475776,0.6266231571867548,0.05078125,7506,6400,1106
20261007T091607081198Z_16dbaecc_s1,rcnn,rcnn / recipe 4aad7661ef / IDs32,liberties,4,1,13,1.0,7,1,70,0.7966697347502301,0.7622286096396244,0.14453125,4860,4151,709
20261007T091607081198Z_16dbaecc_s1,rcnn,rcnn / recipe 4aad7661ef / IDs32,liberties,4,1,13,2.0,7,2,140,0.8972889297966697,0.8839536570338757,0.4140625,2455,2036,419
20261007T091607081198Z_16dbaecc_s1,rcnn,rcnn / recipe 4aad7661ef / IDs32,liberties,4,1,13,4.0,7,4,280,0.9376202828215212,0.9338375553633849,0.7578125,1491,1159,332
20261007T091607081198Z_16dbaecc_s1,rcnn,rcnn / recipe 4aad7661ef / IDs32,liberties,4,1,19,0.5,0,1,80,0.6430862240572124,0.5746152402026891,0.00390625,19364,15246,4118
20261007T091607081198Z_16dbaecc_s1,rcnn,rcnn / recipe 4aad7661ef / IDs32,liberties,4,1,19,1.0,0,1,160,0.7190990526044163,0.6676112298145876,0.09375,15240,11471,3769
20261007T091607081198Z_16dbaecc_s1,rcnn,rcnn / recipe 4aad7661ef / IDs32,liberties,4,1,19,2.0,0,2,320,0.7690308548678438,0.7350865746539101,0.36328125,12531,9170,3361
20261007T091607081198Z_16dbaecc_s1,rcnn,rcnn / recipe 4aad7661ef / IDs32,liberties,4,1,19,4.0,0,4,640,0.7874626755630921,0.7572072804646399,0.5546875,11531,8462,3069
20261007T091607081198Z_16dbaecc_s1,rcnn,rcnn / recipe 4aad7661ef / IDs32,liberties,4,1,19,0.5,1,1,80,0.6408375419323921,0.5731537075538147,0.00390625,19486,15355,4131
20261007T091607081198Z_16dbaecc_s1,rcnn,rcnn / recipe 4aad7661ef / IDs32,liberties,4,1,19,1.0,1,1,160,0.7182327570317396,0.6669731100635299,0.08984375,15287,11632,3655
20261007T091607081198Z_16dbaecc_s1,rcnn,rcnn / recipe 4aad7661ef / IDs32,liberties,4,1,19,2.0,1,2,320,0.7690308548678438,0.7356658329021584,0.37890625,12531,9235,3296
20261007T091607081198Z_16dbaecc_s1,rcnn,rcnn / recipe 4aad7661ef / IDs32,liberties,4,1,19,4.0,1,4,640,0.7813617429129649,0.7519856616220515,0.54296875,11862,8616,3246
20261007T091607081198Z_16dbaecc_s1,rcnn,rcnn / recipe 4aad7661ef / IDs32,liberties,4,1,19,0.5,2,1,80,0.6414642238360305,0.5734107616202596,0.00390625,19452,15233,4219
20261007T091607081198Z_16dbaecc_s1,rcnn,rcnn / recipe 4aad7661ef / IDs32,liberties,4,1,19,1.0,2,1,160,0.7200943709219597,0.668087035023926,0.0859375,15186,11483,3703
20261007T091607081198Z_16dbaecc_s1,rcnn,rcnn / recipe 4aad7661ef / IDs32,liberties,4,1,19,2.0,2,2,320,0.7741364692004277,0.7393662833265142,0.375,12254,9134,3120
20261007T091607081198Z_16dbaecc_s1,rcnn,rcnn / recipe 4aad7661ef / IDs32,liberties,4,1,19,4.0,2,4,640,0.7856932207763483,0.7547088698075028,0.5625,11627,8615,3012
20261007T091607081198Z_16dbaecc_s1,rcnn,rcnn / recipe 4aad7661ef / IDs32,liberties,4,1,19,0.5,3,1,80,0.6393261326353817,0.5708771157986148,0.00390625,19568,15368,4200
20261007T091607081198Z_16dbaecc_s1,rcnn,rcnn / recipe 4aad7661ef / IDs32,liberties,4,1,19,1.0,3,1,160,0.7221034393777417,0.6707816901683756,0.0703125,15077,11431,3646
20261007T091607081198Z_16dbaecc_s1,rcnn,rcnn / recipe 4aad7661ef / IDs32,liberties,4,1,19,2.0,3,2,320,0.7739337191727799,0.7393870657342303,0.375,12265,9108,3157
20261007T091607081198Z_16dbaecc_s1,rcnn,rcnn / recipe 4aad7661ef / IDs32,liberties,4,1,19,4.0,3,4,640,0.7867254027352822,0.7560164332577258,0.5703125,11571,8555,3016
20261007T091607081198Z_16dbaecc_s1,rcnn,rcnn / recipe 4aad7661ef / IDs32,liberties,4,1,19,0.5,4,1,80,0.6400818372838869,0.5716292217809622,0.00390625,19527,15342,4185
20261007T091607081198Z_16dbaecc_s1,rcnn,rcnn / recipe 4aad7661ef / IDs32,liberties,4,1,19,1.0,4,1,160,0.7212924392671508,0.6698583734546769,0.0703125,15121,11401,3720
20261007T091607081198Z_16dbaecc_s1,rcnn,rcnn / recipe 4aad7661ef / IDs32,liberties,4,1,19,2.0,4,2,320,0.7713532642754451,0.737382647292855,0.3828125,12405,9054,3351
20261007T091607081198Z_16dbaecc_s1,rcnn,rcnn / recipe 4aad7661ef / IDs32,liberties,4,1,19,4.0,4,4,640,0.7859328344453865,0.7555562410576029,0.5703125,11614,8453,3161
20261007T091607081198Z_16dbaecc_s1,rcnn,rcnn / recipe 4aad7661ef / IDs32,liberties,4,1,19,0.5,5,1,80,0.6428466103881741,0.5744403305431998,0.015625,19377,15320,4057
20261007T091607081198Z_16dbaecc_s1,rcnn,rcnn / recipe 4aad7661ef / IDs32,liberties,4,1,19,1.0,5,1,160,0.7207026210049029,0.6686683181623672,0.1015625,15153,11546,3607
20261007T091607081198Z_16dbaecc_s1,rcnn,rcnn / recipe 4aad7661ef / IDs32,liberties,4,1,19,2.0,5,2,320,0.769934014081911,0.7352675109429542,0.3984375,12482,9183,3299
20261007T091607081198Z_16dbaecc_s1,rcnn,rcnn / recipe 4aad7661ef / IDs32,liberties,4,1,19,4.0,5,4,640,0.7849006524864526,0.7542119751986708,0.56640625,11670,8538,3132
20261007T091607081198Z_16dbaecc_s1,rcnn,rcnn / recipe 4aad7661ef / IDs32,liberties,4,1,19,0.5,6,1,80,0.6422567921259262,0.5746776130184339,0.0,19409,15230,4179
20261007T091607081198Z_16dbaecc_s1,rcnn,rcnn / recipe 4aad7661ef / IDs32,liberties,4,1,19,1.0,6,1,160,0.7191727798871973,0.6675021233406156,0.0859375,15236,11565,3671
20261007T091607081198Z_16dbaecc_s1,rcnn,rcnn / recipe 4aad7661ef / IDs32,liberties,4,1,19,2.0,6,2,320,0.7717771961514358,0.7378739793642939,0.36328125,12382,9149,3233
20261007T091607081198Z_16dbaecc_s1,rcnn,rcnn / recipe 4aad7661ef / IDs32,liberties,4,1,19,4.0,6,4,640,0.7861724481144248,0.7557986260606421,0.5546875,11601,8499,3102
20261007T091607081198Z_16dbaecc_s1,rcnn,rcnn / recipe 4aad7661ef / IDs32,liberties,4,1,19,0.5,7,1,80,0.6365982231724849,0.5686150905949475,0.00390625,19716,15386,4330
20261007T091607081198Z_16dbaecc_s1,rcnn,rcnn / recipe 4aad7661ef / IDs32,liberties,4,1,19,1.0,7,1,160,0.7191727798871973,0.6675697538252421,0.078125,15236,11583,3653
20261007T091607081198Z_16dbaecc_s1,rcnn,rcnn / recipe 4aad7661ef / IDs32,liberties,4,1,19,2.0,7,2,320,0.7701551959302539,0.7360785425164681,0.3828125,12470,9248,3222
20261007T091607081198Z_16dbaecc_s1,rcnn,rcnn / recipe 4aad7661ef / IDs32,liberties,4,1,19,4.0,7,4,640,0.786338334500682,0.7562493195785596,0.546875,11592,8623,2969
20261007T091607081198Z_16dbaecc_s1,rcnn,rcnn / recipe 4aad7661ef / IDs32,liberties,4,1,25,0.5,0,1,143,0.6176715725061982,0.5523006779781895,0.0,36239,27818,8421
20261007T091607081198Z_16dbaecc_s1,rcnn,rcnn / recipe 4aad7661ef / IDs32,liberties,4,1,25,1.0,0,1,286,0.6733343883525874,0.6227950139830664,0.03125,30963,23637,7326
20261007T091607081198Z_16dbaecc_s1,rcnn,rcnn / recipe 4aad7661ef / IDs32,liberties,4,1,25,2.0,0,2,572,0.703402437094477,0.6655025204141408,0.29296875,28113,21132,6981
20261007T091607081198Z_16dbaecc_s1,rcnn,rcnn / recipe 4aad7661ef / IDs32,liberties,4,1,25,4.0,0,4,1144,0.7108192224508098,0.6755389959454065,0.45703125,27410,20485,6925
20261007T091607081198Z_16dbaecc_s1,rcnn,rcnn / recipe 4aad7661ef / IDs32,liberties,4,1,25,0.5,1,1,143,0.6158991401593079,0.5504754173366604,0.0,36407,27878,8529
20261007T091607081198Z_16dbaecc_s1,rcnn,rcnn / recipe 4aad7661ef / IDs32,liberties,4,1,25,1.0,1,1,286,0.6711399483040565,0.6206800509215666,0.03515625,31171,23619,7552
20261007T091607081198Z_16dbaecc_s1,rcnn,rcnn / recipe 4aad7661ef / IDs32,liberties,4,1,25,2.0,1,2,572,0.7039932478767738,0.6659579967005926,0.3203125,28057,20983,7074
20261007T091607081198Z_16dbaecc_s1,rcnn,rcnn / recipe 4aad7661ef / IDs32,liberties,4,1,25,4.0,1,4,1144,0.7151237010075434,0.679134359508428,0.4453125,27002,20106,6896
20261007T091607081198Z_16dbaecc_s1,rcnn,rcnn / recipe 4aad7661ef / IDs32,liberties,4,1,25,0.5,2,1,143,0.6194123542754655,0.5540439440647994,0.0,36074,27548,8526
20261007T091607081198Z_16dbaecc_s1,rcnn,rcnn / recipe 4aad7661ef / IDs32,liberties,4,1,25,1.0,2,1,286,0.6725642242970934,0.6223006392366306,0.0390625,31036,23446,7590
20261007T091607081198Z_16dbaecc_s1,rcnn,rcnn / recipe 4aad7661ef / IDs32,liberties,4,1,25,2.0,2,2,572,0.7033074853616078,0.6653230506374481,0.296875,28122,20905,7217
20261007T091607081198Z_16dbaecc_s1,rcnn,rcnn / recipe 4aad7661ef / IDs32,liberties,4,1,25,4.0,2,4,1144,0.7145539906103286,0.6791821011605368,0.44140625,27056,20081,6975
20261007T091607081198Z_16dbaecc_s1,rcnn,rcnn / recipe 4aad7661ef / IDs32,liberties,4,1,25,0.5,3,1,143,0.6191063986917761,0.5539884872241064,0.0,36103,27801,8302
20261007T091607081198Z_16dbaecc_s1,rcnn,rcnn / recipe 4aad7661ef / IDs32,liberties,4,1,25,1.0,3,1,286,0.6742311547185736,0.6245482307099132,0.02734375,30878,23569,7309
20261007T091607081198Z_16dbaecc_s1,rcnn,rcnn / recipe 4aad7661ef / IDs32,liberties,4,1,25,2.0,3,2,572,0.7051643192488263,0.6677203506315672,0.29296875,27946,20907,7039
20261007T091607081198Z_16dbaecc_s1,rcnn,rcnn / recipe 4aad7661ef / IDs32,liberties,4,1,25,4.0,3,4,1144,0.7099119058922825,0.6742250091572,0.44140625,27496,20595,6901
20261007T091607081198Z_16dbaecc_s1,rcnn,rcnn / recipe 4aad7661ef / IDs32,liberties,4,1,25,0.5,4,1,143,0.6145909162842221,0.5489899531703953,0.0,36531,27802,8729
20261007T091607081198Z_16dbaecc_s1,rcnn,rcnn / recipe 4aad7661ef / IDs32,liberties,4,1,25,1.0,4,1,286,0.6682491955478187,0.6178819093039474,0.0390625,31445,23667,7778
20261007T091607081198Z_16dbaecc_s1,rcnn,rcnn / recipe 4aad7661ef / IDs32,liberties,4,1,25,2.0,4,2,572,0.700374531835206,0.6632663819333887,0.2890625,28400,20976,7424
20261007T091607081198Z_16dbaecc_s1,rcnn,rcnn / recipe 4aad7661ef / IDs32,liberties,4,1,25,4.0,4,4,1144,0.7123384501767157,0.6771696739163638,0.4453125,27266,20285,6981
20261007T091607081198Z_16dbaecc_s1,rcnn,rcnn / recipe 4aad7661ef / IDs32,liberties,4,1,25,0.5,5,1,143,0.6164477501714406,0.5506171591970349,0.0,36355,27965,8390
20261007T091607081198Z_16dbaecc_s1,rcnn,rcnn / recipe 4aad7661ef / IDs32,liberties,4,1,25,1.0,5,1,286,0.6713509521548768,0.6204516947082888,0.03515625,31151,23823,7328
20261007T091607081198Z_16dbaecc_s1,rcnn,rcnn / recipe 4aad7661ef / IDs32,liberties,4,1,25,2.0,5,2,572,0.70416205095743,0.6658257030126259,0.3046875,28041,21063,6978
20261007T091607081198Z_16dbaecc_s1,rcnn,rcnn / recipe 4aad7661ef / IDs32,liberties,4,1,25,4.0,5,4,1144,0.7147016933059028,0.6787757689197598,0.44921875,27042,20233,6809
20261007T091607081198Z_16dbaecc_s1,rcnn,rcnn / recipe 4aad7661ef / IDs32,liberties,4,1,25,0.5,6,1,143,0.6195495067784987,0.5548286174366694,0.0,36061,27574,8487
20261007T091607081198Z_16dbaecc_s1,rcnn,rcnn / recipe 4aad7661ef / IDs32,liberties,4,1,25,1.0,6,1,286,0.6702326317455294,0.6197757049215369,0.0234375,31257,23726,7531
20261007T091607081198Z_16dbaecc_s1,rcnn,rcnn / recipe 4aad7661ef / IDs32,liberties,4,1,25,2.0,6,2,572,0.7008070897293875,0.6631380672446173,0.296875,28359,20965,7394
20261007T091607081198Z_16dbaecc_s1,rcnn,rcnn / recipe 4aad7661ef / IDs32,liberties,4,1,25,4.0,6,4,1144,0.7116526876615499,0.6766030915387679,0.4453125,27331,20187,7144
20261007T091607081198Z_16dbaecc_s1,rcnn,rcnn / recipe 4aad7661ef / IDs32,liberties,4,1,25,0.5,7,1,143,0.6158358390040618,0.5503220322752715,0.0,36413,27961,8452
20261007T091607081198Z_16dbaecc_s1,rcnn,rcnn / recipe 4aad7661ef / IDs32,liberties,4,1,25,1.0,7,1,286,0.6746426122276732,0.6243105454053293,0.03125,30839,23331,7508
20261007T091607081198Z_16dbaecc_s1,rcnn,rcnn / recipe 4aad7661ef / IDs32,liberties,4,1,25,2.0,7,2,572,0.7053964234847286,0.6675583152634038,0.2890625,27924,20934,6990
20261007T091607081198Z_16dbaecc_s1,rcnn,rcnn / recipe 4aad7661ef / IDs32,liberties,4,1,25,4.0,7,4,1144,0.7156301102495121,0.6802294514442893,0.43359375,26954,20254,6700
20261007T091607081198Z_16dbaecc_s1,rcnn,rcnn / recipe 4aad7661ef / IDs32,liberties,4,1,37,0.5,0,2,323,0.5927123621435044,0.51349089059152,0.015625,82244,61846,20398
20261007T091607081198Z_16dbaecc_s1,rcnn,rcnn / recipe 4aad7661ef / IDs32,liberties,4,1,37,1.0,0,3,646,0.6480926653163704,0.5922145456183513,0.0703125,71061,52954,18107
20261007T091607081198Z_16dbaecc_s1,rcnn,rcnn / recipe 4aad7661ef / IDs32,liberties,4,1,37,2.0,0,6,1292,0.6745373419633439,0.6317950186199963,0.3515625,65721,48229,17492
20261007T091607081198Z_16dbaecc_s1,rcnn,rcnn / recipe 4aad7661ef / IDs32,liberties,4,1,37,4.0,0,12,2584,0.6759635717150908,0.6343573140706291,0.4296875,65433,48214,17219
20261007T091607081198Z_16dbaecc_s1,rcnn,rcnn / recipe 4aad7661ef / IDs32,liberties,4,1,37,0.5,1,2,323,0.5960352793776091,0.5165389113332713,0.015625,81573,61729,19844
20261007T091607081198Z_16dbaecc_s1,rcnn,rcnn / recipe 4aad7661ef / IDs32,liberties,4,1,37,1.0,1,3,646,0.6546493604250957,0.6001703226966684,0.07421875,69737,52215,17522
20261007T091607081198Z_16dbaecc_s1,rcnn,rcnn / recipe 4aad7661ef / IDs32,liberties,4,1,37,2.0,1,6,1292,0.6783010038082316,0.6366415814671494,0.359375,64961,48192,16769
20261007T091607081198Z_16dbaecc_s1,rcnn,rcnn / recipe 4aad7661ef / IDs32,liberties,4,1,37,4.0,1,12,2584,0.6774838930129599,0.636771050111616,0.43359375,65126,48136,16990
20261007T091607081198Z_16dbaecc_s1,rcnn,rcnn / recipe 4aad7661ef / IDs32,liberties,4,1,37,0.5,2,2,323,0.5949160851974189,0.515478345288604,0.015625,81799,61920,19879
20261007T091607081198Z_16dbaecc_s1,rcnn,rcnn / recipe 4aad7661ef / IDs32,liberties,4,1,37,1.0,2,3,646,0.6496278431741536,0.5951087118815893,0.07421875,70751,52656,18095
20261007T091607081198Z_16dbaecc_s1,rcnn,rcnn / recipe 4aad7661ef / IDs32,liberties,4,1,37,2.0,2,6,1292,0.6787813659121185,0.636461842310311,0.34375,64864,48293,16571
20261007T091607081198Z_16dbaecc_s1,rcnn,rcnn / recipe 4aad7661ef / IDs32,liberties,4,1,37,4.0,2,12,2584,0.6818616260009607,0.640587813546736,0.4375,64242,47753,16489
20261007T091607081198Z_16dbaecc_s1,rcnn,rcnn / recipe 4aad7661ef / IDs32,liberties,4,1,37,0.5,3,2,323,0.5957133872461385,0.5167235079519219,0.015625,81638,61446,20192
20261007T091607081198Z_16dbaecc_s1,rcnn,rcnn / recipe 4aad7661ef / IDs32,liberties,4,1,37,1.0,3,3,646,0.6537133971505118,0.5994210322665694,0.08203125,69926,52448,17478
20261007T091607081198Z_16dbaecc_s1,rcnn,rcnn / recipe 4aad7661ef / IDs32,liberties,4,1,37,2.0,3,6,1292,0.6798411338526527,0.6374763689253806,0.3671875,64650,48155,16495
20261007T091607081198Z_16dbaecc_s1,rcnn,rcnn / recipe 4aad7661ef / IDs32,liberties,4,1,37,4.0,3,12,2584,0.6799500819586889,0.6391929275480346,0.4609375,64628,48104,16524
20261007T091607081198Z_16dbaecc_s1,rcnn,rcnn / recipe 4aad7661ef / IDs32,liberties,4,1,37,0.5,4,2,323,0.596446310868564,0.5180769437025806,0.015625,81490,61555,19935
20261007T091607081198Z_16dbaecc_s1,rcnn,rcnn / recipe 4aad7661ef / IDs32,liberties,4,1,37,1.0,4,3,646,0.6521386017996246,0.5975708842832012,0.08203125,70244,52544,17700
20261007T091607081198Z_16dbaecc_s1,rcnn,rcnn / recipe 4aad7661ef / IDs32,liberties,4,1,37,2.0,4,6,1292,0.6766123081646701,0.6347560375496661,0.38671875,65302,48166,17136
20261007T091607081198Z_16dbaecc_s1,rcnn,rcnn / recipe 4aad7661ef / IDs32,liberties,4,1,37,4.0,4,12,2584,0.6781276772759012,0.637422340240577,0.453125,64996,48151,16845
20261007T091607081198Z_16dbaecc_s1,rcnn,rcnn / recipe 4aad7661ef / IDs32,liberties,4,1,37,0.5,5,2,323,0.5940147872293011,0.5145544867652744,0.015625,81981,62100,19881
20261007T091607081198Z_16dbaecc_s1,rcnn,rcnn / recipe 4aad7661ef / IDs32,liberties,4,1,37,1.0,5,3,646,0.6520692711866924,0.5978405250936726,0.08984375,70258,52564,17694
20261007T091607081198Z_16dbaecc_s1,rcnn,rcnn / recipe 4aad7661ef / IDs32,liberties,4,1,37,2.0,5,6,1292,0.6762805116599234,0.634253437586354,0.38671875,65369,48456,16913
20261007T091607081198Z_16dbaecc_s1,rcnn,rcnn / recipe 4aad7661ef / IDs32,liberties,4,1,37,4.0,5,12,2584,0.678518900020304,0.6377076090898418,0.46875,64917,48093,16824
20261007T091607081198Z_16dbaecc_s1,rcnn,rcnn / recipe 4aad7661ef / IDs32,liberties,4,1,37,0.5,6,2,323,0.5912068974055494,0.5121396759696364,0.015625,82548,62321,20227
20261007T091607081198Z_16dbaecc_s1,rcnn,rcnn / recipe 4aad7661ef / IDs32,liberties,4,1,37,1.0,6,3,646,0.6491425288836286,0.5949522476980074,0.08203125,70849,52752,18097
20261007T091607081198Z_16dbaecc_s1,rcnn,rcnn / recipe 4aad7661ef / IDs32,liberties,4,1,37,2.0,6,6,1292,0.6742154498318733,0.6312226837351002,0.359375,65786,48889,16897
20261007T091607081198Z_16dbaecc_s1,rcnn,rcnn / recipe 4aad7661ef / IDs32,liberties,4,1,37,4.0,6,12,2584,0.6751761740396472,0.6340032950269691,0.44921875,65592,48735,16857
20261007T091607081198Z_16dbaecc_s1,rcnn,rcnn / recipe 4aad7661ef / IDs32,liberties,4,1,37,0.5,7,2,323,0.594435723093532,0.5155511194584129,0.015625,81896,61945,19951
20261007T091607081198Z_16dbaecc_s1,rcnn,rcnn / recipe 4aad7661ef / IDs32,liberties,4,1,37,1.0,7,3,646,0.651816709668154,0.5970502091736394,0.07421875,70309,52805,17504
20261007T091607081198Z_16dbaecc_s1,rcnn,rcnn / recipe 4aad7661ef / IDs32,liberties,4,1,37,2.0,7,6,1292,0.6768351565633806,0.6346997482751324,0.3671875,65257,48172,17085
20261007T091607081198Z_16dbaecc_s1,rcnn,rcnn / recipe 4aad7661ef / IDs32,liberties,4,1,37,4.0,7,12,2584,0.6768153478168285,0.6353458777594478,0.4375,65261,48206,17055
20261007T091610832893Z_6ab37465_s0,nca,nca / recipe 4aad7661ef / IDs0,liberties,4,0,9,0.5,0,1,15,0.5703832433915668,0.6451378954147732,0.0,4697,1030,3667
20261007T091610832893Z_6ab37465_s0,nca,nca / recipe 4aad7661ef / IDs0,liberties,4,0,9,1.0,0,1,30,0.7657550535077289,0.8055249550300008,0.0703125,2561,658,1903
20261007T091610832893Z_6ab37465_s0,nca,nca / recipe 4aad7661ef / IDs0,liberties,4,0,9,2.0,0,2,60,0.9137473703466569,0.9259435024578442,0.328125,943,295,648
20261007T091610832893Z_6ab37465_s0,nca,nca / recipe 4aad7661ef / IDs0,liberties,4,0,9,4.0,0,4,120,0.979145705661758,0.9799555920239582,0.703125,228,86,142
20261007T091610832893Z_6ab37465_s0,nca,nca / recipe 4aad7661ef / IDs0,liberties,4,0,9,0.5,1,1,15,0.5670904600750023,0.641548581884044,0.00390625,4733,1054,3679
20261007T091610832893Z_6ab37465_s0,nca,nca / recipe 4aad7661ef / IDs0,liberties,4,0,9,1.0,1,1,30,0.7629196012073539,0.8011501372412753,0.0625,2592,709,1883
20261007T091610832893Z_6ab37465_s0,nca,nca / recipe 4aad7661ef / IDs0,liberties,4,0,9,2.0,1,2,60,0.9121009786883747,0.9232316628573571,0.328125,961,315,646
20261007T091610832893Z_6ab37465_s0,nca,nca / recipe 4aad7661ef / IDs0,liberties,4,0,9,4.0,1,4,120,0.9755785237354797,0.9763324912257768,0.69140625,267,102,165
20261007T091610832893Z_6ab37465_s0,nca,nca / recipe 4aad7661ef / IDs0,liberties,4,0,9,0.5,2,1,15,0.5736760267081313,0.6495302634603433,0.0,4661,1027,3634
20261007T091610832893Z_6ab37465_s0,nca,nca / recipe 4aad7661ef / IDs0,liberties,4,0,9,1.0,2,1,30,0.7669441141498217,0.8063082807181852,0.078125,2548,666,1882
20261007T091610832893Z_6ab37465_s0,nca,nca / recipe 4aad7661ef / IDs0,liberties,4,0,9,2.0,2,2,60,0.9107289856398061,0.9233908610675592,0.296875,976,329,647
20261007T091610832893Z_6ab37465_s0,nca,nca / recipe 4aad7661ef / IDs0,liberties,4,0,9,4.0,2,4,120,0.9759443885484314,0.9767723195533193,0.6875,263,126,137
20261007T091610832893Z_6ab37465_s0,nca,nca / recipe 4aad7661ef / IDs0,liberties,4,0,13,0.5,0,1,35,0.639193372939503,0.6752886117833066,0.015625,8624,2134,6490
20261007T091610832893Z_6ab37465_s0,nca,nca / recipe 4aad7661ef / IDs0,liberties,4,0,13,1.0,0,1,70,0.753116893983767,0.7518961611479873,0.0390625,5901,2887,3014
20261007T091610832893Z_6ab37465_s0,nca,nca / recipe 4aad7661ef / IDs0,liberties,4,0,13,2.0,0,2,140,0.8257049619278721,0.8066172277467705,0.2109375,4166,2874,1292
20261007T091610832893Z_6ab37465_s0,nca,nca / recipe 4aad7661ef / IDs0,liberties,4,0,13,4.0,0,4,280,0.8464563634842273,0.8232832174253182,0.51953125,3670,2807,863
20261007T091610832893Z_6ab37465_s0,nca,nca / recipe 4aad7661ef / IDs0,liberties,4,0,13,0.5,1,1,35,0.6405740105430507,0.6778493664670441,0.01171875,8591,2083,6508
20261007T091610832893Z_6ab37465_s0,nca,nca / recipe 4aad7661ef / IDs0,liberties,4,0,13,1.0,1,1,70,0.7518617688896326,0.752144973705448,0.0390625,5931,2849,3082
20261007T091610832893Z_6ab37465_s0,nca,nca / recipe 4aad7661ef / IDs0,liberties,4,0,13,2.0,1,2,140,0.8242406493180487,0.8065577650277059,0.203125,4201,2796,1405
20261007T091610832893Z_6ab37465_s0,nca,nca / recipe 4aad7661ef / IDs0,liberties,4,0,13,4.0,1,4,280,0.8477533260814994,0.826076587168026,0.52734375,3639,2687,952
20261007T091610832893Z_6ab37465_s0,nca,nca / recipe 4aad7661ef / IDs0,liberties,4,0,13,0.5,2,1,35,0.6413270855995314,0.6818029033926292,0.01171875,8573,2021,6552
20261007T091610832893Z_6ab37465_s0,nca,nca / recipe 4aad7661ef / IDs0,liberties,4,0,13,1.0,2,1,70,0.7534934315120073,0.75685309670815,0.04296875,5892,2800,3092
20261007T091610832893Z_6ab37465_s0,nca,nca / recipe 4aad7661ef / IDs0,liberties,4,0,13,2.0,2,2,140,0.8271692745376956,0.8127519127967971,0.2109375,4131,2677,1454
20261007T091610832893Z_6ab37465_s0,nca,nca / recipe 4aad7661ef / IDs0,liberties,4,0,13,4.0,2,4,280,0.8480880261066019,0.828242355742392,0.51953125,3631,2631,1000
20261007T091610832893Z_6ab37465_s0,nca,nca / recipe 4aad7661ef / IDs0,liberties,4,0,19,0.5,0,1,80,0.6613521583662034,0.6592778309070197,0.01953125,18373,5733,12640
20261007T091610832893Z_6ab37465_s0,nca,nca / recipe 4aad7661ef / IDs0,liberties,4,0,19,1.0,0,1,160,0.74053526007299,0.7174403896497009,0.03515625,14077,7472,6605
20261007T091610832893Z_6ab37465_s0,nca,nca / recipe 4aad7661ef / IDs0,liberties,4,0,19,2.0,0,2,320,0.7651048770597559,0.7342953923038267,0.15625,12744,8597,4147
20261007T091610832893Z_6ab37465_s0,nca,nca / recipe 4aad7661ef / IDs0,liberties,4,0,19,4.0,0,4,640,0.7700999004681682,0.7378902650085694,0.3984375,12473,8778,3695
20261007T091610832893Z_6ab37465_s0,nca,nca / recipe 4aad7661ef / IDs0,liberties,4,0,19,0.5,1,1,80,0.6701994322999226,0.6702462333077842,0.02734375,17893,5295,12598
20261007T091610832893Z_6ab37465_s0,nca,nca / recipe 4aad7661ef / IDs0,liberties,4,0,19,1.0,1,1,160,0.7476130792199653,0.7252412585517374,0.01953125,13693,7534,6159
20261007T091610832893Z_6ab37465_s0,nca,nca / recipe 4aad7661ef / IDs0,liberties,4,0,19,2.0,1,2,320,0.7629299222177167,0.7313392933891993,0.16796875,12862,9103,3759
20261007T091610832893Z_6ab37465_s0,nca,nca / recipe 4aad7661ef / IDs0,liberties,4,0,19,4.0,1,4,640,0.7685147638883769,0.7362721591544826,0.3828125,12559,9252,3307
20261007T091610832893Z_6ab37465_s0,nca,nca / recipe 4aad7661ef / IDs0,liberties,4,0,19,0.5,2,1,80,0.665480886201939,0.6647315612162882,0.01953125,18149,5645,12504
20261007T091610832893Z_6ab37465_s0,nca,nca / recipe 4aad7661ef / IDs0,liberties,4,0,19,1.0,2,1,160,0.74313414679102,0.7182993145264766,0.01953125,13936,7752,6184
20261007T091610832893Z_6ab37465_s0,nca,nca / recipe 4aad7661ef / IDs0,liberties,4,0,19,2.0,2,2,320,0.754561875622074,0.7213612629227463,0.16796875,13316,9464,3852
20261007T091610832893Z_6ab37465_s0,nca,nca / recipe 4aad7661ef / IDs0,liberties,4,0,19,4.0,2,4,640,0.7580086260920854,0.7235922043378661,0.35546875,13129,9618,3511
20261007T091610832893Z_6ab37465_s0,nca,nca / recipe 4aad7661ef / IDs0,liberties,4,0,25,0.5,0,1,143,0.6397003745318353,0.6180400695966407,0.0,34151,13816,20335
20261007T091610832893Z_6ab37465_s0,nca,nca / recipe 4aad7661ef / IDs0,liberties,4,0,25,1.0,0,1,286,0.6814369362240861,0.6468721043390562,0.00390625,30195,20605,9590
20261007T091610832893Z_6ab37465_s0,nca,nca / recipe 4aad7661ef / IDs0,liberties,4,0,25,2.0,0,2,572,0.6914385187529672,0.6527248069997998,0.109375,29247,22709,6538
20261007T091610832893Z_6ab37465_s0,nca,nca / recipe 4aad7661ef / IDs0,liberties,4,0,25,4.0,0,4,1144,0.698053489476183,0.6583971981381855,0.3046875,28620,22805,5815
20261007T091610832893Z_6ab37465_s0,nca,nca / recipe 4aad7661ef / IDs0,liberties,4,0,25,0.5,1,1,143,0.6352903940496915,0.6137655112625894,0.0,34569,13982,20587
20261007T091610832893Z_6ab37465_s0,nca,nca / recipe 4aad7661ef / IDs0,liberties,4,0,25,1.0,1,1,286,0.6713826027324998,0.6371851315827237,0.0078125,31148,21580,9568
20261007T091610832893Z_6ab37465_s0,nca,nca / recipe 4aad7661ef / IDs0,liberties,4,0,25,2.0,1,2,572,0.6925673893548557,0.6542550495981443,0.109375,29140,22524,6616
20261007T091610832893Z_6ab37465_s0,nca,nca / recipe 4aad7661ef / IDs0,liberties,4,0,25,4.0,1,4,1144,0.6985387983330695,0.6590400393321454,0.3125,28574,22721,5853
20261007T091610832893Z_6ab37465_s0,nca,nca / recipe 4aad7661ef / IDs0,liberties,4,0,25,0.5,2,1,143,0.6333808091997679,0.6115049876384464,0.0,34750,14116,20634
20261007T091610832893Z_6ab37465_s0,nca,nca / recipe 4aad7661ef / IDs0,liberties,4,0,25,1.0,2,1,286,0.6675212322624888,0.6336795034613005,0.00390625,31514,21556,9958
20261007T091610832893Z_6ab37465_s0,nca,nca / recipe 4aad7661ef / IDs0,liberties,4,0,25,2.0,2,2,572,0.6886216173445165,0.6500422416224374,0.12890625,29514,22836,6678
20261007T091610832893Z_6ab37465_s0,nca,nca / recipe 4aad7661ef / IDs0,liberties,4,0,25,4.0,2,4,1144,0.6949200822915018,0.6553742556970386,0.29296875,28917,23011,5906
20261007T091610832893Z_6ab37465_s0,nca,nca / recipe 4aad7661ef / IDs0,liberties,4,0,37,0.5,0,2,323,0.629616056969955,0.597190235268959,0.0,74792,43188,31604
20261007T091610832893Z_6ab37465_s0,nca,nca / recipe 4aad7661ef / IDs0,liberties,4,0,37,1.0,0,3,646,0.665197517964057,0.618268335841847,0.0,67607,50434,17173
20261007T091610832893Z_6ab37465_s0,nca,nca / recipe 4aad7661ef / IDs0,liberties,4,0,37,2.0,0,6,1292,0.6961239235184296,0.6472327616043929,0.1484375,61362,48833,12529
20261007T091610832893Z_6ab37465_s0,nca,nca / recipe 4aad7661ef / IDs0,liberties,4,0,37,4.0,0,12,2584,0.7010166839167834,0.6511346137054936,0.30859375,60374,49282,11092
20261007T091610832893Z_6ab37465_s0,nca,nca / recipe 4aad7661ef / IDs0,liberties,4,0,37,0.5,1,2,323,0.6312304698139464,0.5977311307005055,0.0,74466,43084,31382
20261007T091610832893Z_6ab37465_s0,nca,nca / recipe 4aad7661ef / IDs0,liberties,4,0,37,1.0,1,3,646,0.6676141850434059,0.6214162524331699,0.0,67119,49856,17263
20261007T091610832893Z_6ab37465_s0,nca,nca / recipe 4aad7661ef / IDs0,liberties,4,0,37,2.0,1,6,1292,0.6975402488969005,0.6490883200089159,0.125,61076,48216,12860
20261007T091610832893Z_6ab37465_s0,nca,nca / recipe 4aad7661ef / IDs0,liberties,4,0,37,4.0,1,12,2584,0.7054786040776305,0.6559357293829119,0.3203125,59473,48341,11132
20261007T091610832893Z_6ab37465_s0,nca,nca / recipe 4aad7661ef / IDs0,liberties,4,0,37,0.5,2,2,323,0.629591296036765,0.5964485237168142,0.0,74797,43564,31233
20261007T091610832893Z_6ab37465_s0,nca,nca / recipe 4aad7661ef / IDs0,liberties,4,0,37,1.0,2,3,646,0.6687878532766143,0.6218930125623119,0.0,66882,49857,17025
20261007T091610832893Z_6ab37465_s0,nca,nca / recipe 4aad7661ef / IDs0,liberties,4,0,37,2.0,2,6,1292,0.6972579742585339,0.64864788268442,0.1484375,61133,48134,12999
20261007T091610832893Z_6ab37465_s0,nca,nca / recipe 4aad7661ef / IDs0,liberties,4,0,37,4.0,2,12,2584,0.7025370052146526,0.6533238651784615,0.30859375,60067,48418,11649
20261007T091611409250Z_1eb38ae4_s0,gnn_sum,gnn_sum / recipe 4aad7661ef / IDs32,liberties,4,0,9,0.5,0,1,15,0.4973017470044818,0.5027107130874182,0.0,5496,2657,2839
20261007T091611409250Z_1eb38ae4_s0,gnn_sum,gnn_sum / recipe 4aad7661ef / IDs32,liberties,4,0,9,1.0,0,1,30,0.6666971554010793,0.68912065812247,0.01171875,3644,1787,1857
20261007T091611409250Z_1eb38ae4_s0,gnn_sum,gnn_sum / recipe 4aad7661ef / IDs32,liberties,4,0,9,2.0,0,2,60,0.8240190249702735,0.8432898134962692,0.22265625,1924,850,1074
20261007T091611409250Z_1eb38ae4_s0,gnn_sum,gnn_sum / recipe 4aad7661ef / IDs32,liberties,4,0,9,4.0,0,4,120,0.9131071069239916,0.9246286666958987,0.6171875,950,294,656
20261007T091611409250Z_1eb38ae4_s0,gnn_sum,gnn_sum / recipe 4aad7661ef / IDs32,liberties,4,0,9,0.5,1,1,15,0.49794201042714714,0.5029520969341021,0.0,5489,2643,2846
20261007T091611409250Z_1eb38ae4_s0,gnn_sum,gnn_sum / recipe 4aad7661ef / IDs32,liberties,4,0,9,1.0,1,1,30,0.671727796579164,0.6933520444487857,0.01953125,3589,1768,1821
20261007T091611409250Z_1eb38ae4_s0,gnn_sum,gnn_sum / recipe 4aad7661ef / IDs32,liberties,4,0,9,2.0,1,2,60,0.8252080856123662,0.8440786766252963,0.2421875,1911,853,1058
20261007T091611409250Z_1eb38ae4_s0,gnn_sum,gnn_sum / recipe 4aad7661ef / IDs32,liberties,4,0,9,4.0,1,4,120,0.9134729717369432,0.9254788424009248,0.62109375,946,280,666
20261007T091611409250Z_1eb38ae4_s0,gnn_sum,gnn_sum / recipe 4aad7661ef / IDs32,liberties,4,0,9,0.5,2,1,15,0.49967986828866734,0.5053393934992815,0.0,5470,2642,2828
20261007T091611409250Z_1eb38ae4_s0,gnn_sum,gnn_sum / recipe 4aad7661ef / IDs32,liberties,4,0,9,1.0,2,1,30,0.6715448641726882,0.6937703458277054,0.01171875,3591,1774,1817
20261007T091611409250Z_1eb38ae4_s0,gnn_sum,gnn_sum / recipe 4aad7661ef / IDs32,liberties,4,0,9,2.0,2,2,60,0.8265800786609347,0.8457508407773904,0.23828125,1896,849,1047
20261007T091611409250Z_1eb38ae4_s0,gnn_sum,gnn_sum / recipe 4aad7661ef / IDs32,liberties,4,0,9,4.0,2,4,120,0.9162169578340803,0.9275986537086794,0.62109375,916,297,619
20261007T091611409250Z_1eb38ae4_s0,gnn_sum,gnn_sum / recipe 4aad7661ef / IDs32,liberties,4,0,9,0.5,3,1,15,0.4985822738498125,0.504862578781101,0.0,5482,2631,2851
20261007T091611409250Z_1eb38ae4_s0,gnn_sum,gnn_sum / recipe 4aad7661ef / IDs32,liberties,4,0,9,1.0,3,1,30,0.6694411414982164,0.6922516092534887,0.01953125,3614,1783,1831
20261007T091611409250Z_1eb38ae4_s0,gnn_sum,gnn_sum / recipe 4aad7661ef / IDs32,liberties,4,0,9,2.0,3,2,60,0.8267630110674106,0.8450108647465844,0.2421875,1894,850,1044
20261007T091611409250Z_1eb38ae4_s0,gnn_sum,gnn_sum / recipe 4aad7661ef / IDs32,liberties,4,0,9,4.0,3,4,120,0.9189609439312174,0.9292458897236529,0.6328125,886,283,603
20261007T091611409250Z_1eb38ae4_s0,gnn_sum,gnn_sum / recipe 4aad7661ef / IDs32,liberties,4,0,9,0.5,4,1,15,0.5006859965242842,0.5057966288754687,0.0,5459,2639,2820
20261007T091611409250Z_1eb38ae4_s0,gnn_sum,gnn_sum / recipe 4aad7661ef / IDs32,liberties,4,0,9,1.0,4,1,30,0.6704472697338334,0.6931990632034649,0.015625,3603,1770,1833
20261007T091611409250Z_1eb38ae4_s0,gnn_sum,gnn_sum / recipe 4aad7661ef / IDs32,liberties,4,0,9,2.0,4,2,60,0.8243848897832251,0.8431300948128263,0.24609375,1920,850,1070
20261007T091611409250Z_1eb38ae4_s0,gnn_sum,gnn_sum / recipe 4aad7661ef / IDs32,liberties,4,0,9,4.0,4,4,120,0.9096313912009513,0.921886415380559,0.61328125,988,309,679
20261007T091611409250Z_1eb38ae4_s0,gnn_sum,gnn_sum / recipe 4aad7661ef / IDs32,liberties,4,0,9,0.5,5,1,15,0.49647855117534073,0.5022657072054587,0.0,5505,2636,2869
20261007T091611409250Z_1eb38ae4_s0,gnn_sum,gnn_sum / recipe 4aad7661ef / IDs32,liberties,4,0,9,1.0,5,1,30,0.6709046007500229,0.6924828183533812,0.01171875,3598,1774,1824
20261007T091611409250Z_1eb38ae4_s0,gnn_sum,gnn_sum / recipe 4aad7661ef / IDs32,liberties,4,0,9,2.0,5,2,60,0.8277691393030275,0.846864679828296,0.25,1883,839,1044
20261007T091611409250Z_1eb38ae4_s0,gnn_sum,gnn_sum / recipe 4aad7661ef / IDs32,liberties,4,0,9,4.0,5,4,120,0.913655904143419,0.9254562916897342,0.62109375,944,298,646
20261007T091611409250Z_1eb38ae4_s0,gnn_sum,gnn_sum / recipe 4aad7661ef / IDs32,liberties,4,0,9,0.5,6,1,15,0.4973017470044818,0.5036402640636466,0.0,5496,2634,2862
20261007T091611409250Z_1eb38ae4_s0,gnn_sum,gnn_sum / recipe 4aad7661ef / IDs32,liberties,4,0,9,1.0,6,1,30,0.6698070063111681,0.6910028951632503,0.01171875,3610,1783,1827
20261007T091611409250Z_1eb38ae4_s0,gnn_sum,gnn_sum / recipe 4aad7661ef / IDs32,liberties,4,0,9,2.0,6,2,60,0.8210921064666605,0.8402259885880883,0.24609375,1956,850,1106
20261007T091611409250Z_1eb38ae4_s0,gnn_sum,gnn_sum / recipe 4aad7661ef / IDs32,liberties,4,0,9,4.0,6,4,120,0.9129241745175157,0.9243380926266367,0.6171875,952,307,645
20261007T091611409250Z_1eb38ae4_s0,gnn_sum,gnn_sum / recipe 4aad7661ef / IDs32,liberties,4,0,9,0.5,7,1,15,0.49913107106923993,0.5056849240737136,0.0,5476,2635,2841
20261007T091611409250Z_1eb38ae4_s0,gnn_sum,gnn_sum / recipe 4aad7661ef / IDs32,liberties,4,0,9,1.0,7,1,30,0.6693496752949785,0.692221206687668,0.0078125,3615,1786,1829
20261007T091611409250Z_1eb38ae4_s0,gnn_sum,gnn_sum / recipe 4aad7661ef / IDs32,liberties,4,0,9,2.0,7,2,60,0.8258483490350316,0.8447316593660206,0.24609375,1904,865,1039
20261007T091611409250Z_1eb38ae4_s0,gnn_sum,gnn_sum / recipe 4aad7661ef / IDs32,liberties,4,0,9,4.0,7,4,120,0.9124668435013262,0.9240867763472861,0.60546875,957,293,664
20261007T091611409250Z_1eb38ae4_s0,gnn_sum,gnn_sum / recipe 4aad7661ef / IDs32,liberties,4,0,13,0.5,0,1,35,0.559200066940005,0.5510254590515584,0.0,10536,3794,6742
20261007T091611409250Z_1eb38ae4_s0,gnn_sum,gnn_sum / recipe 4aad7661ef / IDs32,liberties,4,0,13,1.0,0,1,70,0.6964689147351686,0.6949862319522215,0.02734375,7255,2677,4578
20261007T091611409250Z_1eb38ae4_s0,gnn_sum,gnn_sum / recipe 4aad7661ef / IDs32,liberties,4,0,13,2.0,0,2,140,0.8075056480629236,0.808531558680582,0.25,4601,1618,2983
20261007T091611409250Z_1eb38ae4_s0,gnn_sum,gnn_sum / recipe 4aad7661ef / IDs32,liberties,4,0,13,4.0,0,4,280,0.8521881014141076,0.8543105138766749,0.578125,3533,1043,2490
20261007T091611409250Z_1eb38ae4_s0,gnn_sum,gnn_sum / recipe 4aad7661ef / IDs32,liberties,4,0,13,0.5,1,1,35,0.5608317295623797,0.5526751288876584,0.0,10497,3808,6689
20261007T091611409250Z_1eb38ae4_s0,gnn_sum,gnn_sum / recipe 4aad7661ef / IDs32,liberties,4,0,13,1.0,1,1,70,0.7009455275709146,0.6993329897606098,0.03125,7148,2654,4494
20261007T091611409250Z_1eb38ae4_s0,gnn_sum,gnn_sum / recipe 4aad7661ef / IDs32,liberties,4,0,13,2.0,1,2,140,0.8058321479374111,0.80822460565412,0.265625,4641,1599,3042
20261007T091611409250Z_1eb38ae4_s0,gnn_sum,gnn_sum / recipe 4aad7661ef / IDs32,liberties,4,0,13,4.0,1,4,280,0.8507237888042841,0.8529722853677508,0.5859375,3568,1106,2462
20261007T091611409250Z_1eb38ae4_s0,gnn_sum,gnn_sum / recipe 4aad7661ef / IDs32,liberties,4,0,13,0.5,2,1,35,0.5595766044682453,0.5513035809994534,0.0,10527,3807,6720
20261007T091611409250Z_1eb38ae4_s0,gnn_sum,gnn_sum / recipe 4aad7661ef / IDs32,liberties,4,0,13,1.0,2,1,70,0.6962597272194796,0.6949778527822279,0.02734375,7260,2675,4585
20261007T091611409250Z_1eb38ae4_s0,gnn_sum,gnn_sum / recipe 4aad7661ef / IDs32,liberties,4,0,13,2.0,2,2,140,0.8072546230440967,0.8108507563962425,0.265625,4607,1553,3054
20261007T091611409250Z_1eb38ae4_s0,gnn_sum,gnn_sum / recipe 4aad7661ef / IDs32,liberties,4,0,13,4.0,2,4,280,0.8498033637352522,0.8534050089051,0.56640625,3590,1069,2521
20261007T091611409250Z_1eb38ae4_s0,gnn_sum,gnn_sum / recipe 4aad7661ef / IDs32,liberties,4,0,13,0.5,3,1,35,0.5593255794494184,0.5502663164037841,0.0,10533,3827,6706
20261007T091611409250Z_1eb38ae4_s0,gnn_sum,gnn_sum / recipe 4aad7661ef / IDs32,liberties,4,0,13,1.0,3,1,70,0.6936239645217973,0.692089240473834,0.0390625,7323,2670,4653
20261007T091611409250Z_1eb38ae4_s0,gnn_sum,gnn_sum / recipe 4aad7661ef / IDs32,liberties,4,0,13,2.0,3,2,140,0.8030708727303154,0.8054575777284718,0.2578125,4707,1637,3070
20261007T091611409250Z_1eb38ae4_s0,gnn_sum,gnn_sum / recipe 4aad7661ef / IDs32,liberties,4,0,13,4.0,3,4,280,0.8526901514517614,0.8564538190796633,0.58203125,3521,1077,2444
20261007T091611409250Z_1eb38ae4_s0,gnn_sum,gnn_sum / recipe 4aad7661ef / IDs32,liberties,4,0,13,0.5,4,1,35,0.5594510919588319,0.5506860464879645,0.0,10530,3828,6702
20261007T091611409250Z_1eb38ae4_s0,gnn_sum,gnn_sum / recipe 4aad7661ef / IDs32,liberties,4,0,13,1.0,4,1,70,0.6987281399046105,0.6976934436175546,0.03515625,7201,2655,4546
20261007T091611409250Z_1eb38ae4_s0,gnn_sum,gnn_sum / recipe 4aad7661ef / IDs32,liberties,4,0,13,2.0,4,2,140,0.8111036733327756,0.8128960436105852,0.265625,4515,1626,2889
20261007T091611409250Z_1eb38ae4_s0,gnn_sum,gnn_sum / recipe 4aad7661ef / IDs32,liberties,4,0,13,4.0,4,4,280,0.8491758011881851,0.8517339303953311,0.57421875,3605,1144,2461
20261007T091611409250Z_1eb38ae4_s0,gnn_sum,gnn_sum / recipe 4aad7661ef / IDs32,liberties,4,0,13,0.5,5,1,35,0.5617103171282738,0.5536736865750425,0.0,10476,3805,6671
20261007T091611409250Z_1eb38ae4_s0,gnn_sum,gnn_sum / recipe 4aad7661ef / IDs32,liberties,4,0,13,1.0,5,1,70,0.6935821270186595,0.6931703069227959,0.02734375,7324,2698,4626
20261007T091611409250Z_1eb38ae4_s0,gnn_sum,gnn_sum / recipe 4aad7661ef / IDs32,liberties,4,0,13,2.0,5,2,140,0.8051209103840683,0.8088494136927452,0.26171875,4658,1585,3073
20261007T091611409250Z_1eb38ae4_s0,gnn_sum,gnn_sum / recipe 4aad7661ef / IDs32,liberties,4,0,13,4.0,5,4,280,0.8515605388670404,0.8553469841340184,0.56640625,3548,1028,2520
20261007T091611409250Z_1eb38ae4_s0,gnn_sum,gnn_sum / recipe 4aad7661ef / IDs32,liberties,4,0,13,0.5,6,1,35,0.557401054305079,0.5491336192544258,0.0,10579,3834,6745
20261007T091611409250Z_1eb38ae4_s0,gnn_sum,gnn_sum / recipe 4aad7661ef / IDs32,liberties,4,0,13,1.0,6,1,70,0.6945025520876914,0.6941749492720395,0.01953125,7302,2675,4627
20261007T091611409250Z_1eb38ae4_s0,gnn_sum,gnn_sum / recipe 4aad7661ef / IDs32,liberties,4,0,13,2.0,6,2,140,0.8072964605472346,0.8102137538449832,0.26171875,4606,1626,2980
20261007T091611409250Z_1eb38ae4_s0,gnn_sum,gnn_sum / recipe 4aad7661ef / IDs32,liberties,4,0,13,4.0,6,4,280,0.847627813572086,0.8512061807633192,0.58203125,3642,1104,2538
20261007T091611409250Z_1eb38ae4_s0,gnn_sum,gnn_sum / recipe 4aad7661ef / IDs32,liberties,4,0,13,0.5,7,1,35,0.5585725043929378,0.5502321831647768,0.0,10551,3843,6708
20261007T091611409250Z_1eb38ae4_s0,gnn_sum,gnn_sum / recipe 4aad7661ef / IDs32,liberties,4,0,13,1.0,7,1,70,0.6969709647728224,0.6960674573690422,0.02734375,7243,2658,4585
20261007T091611409250Z_1eb38ae4_s0,gnn_sum,gnn_sum / recipe 4aad7661ef / IDs32,liberties,4,0,13,2.0,7,2,140,0.8052045853903439,0.8098467708141289,0.27734375,4656,1556,3100
20261007T091611409250Z_1eb38ae4_s0,gnn_sum,gnn_sum / recipe 4aad7661ef / IDs32,liberties,4,0,13,4.0,7,4,280,0.8518952388921429,0.854861790752819,0.59375,3540,1026,2514
20261007T091611409250Z_1eb38ae4_s0,gnn_sum,gnn_sum / recipe 4aad7661ef / IDs32,liberties,4,0,19,0.5,0,1,80,0.5561064621963357,0.5136321716220111,0.0,24083,11555,12528
20261007T091611409250Z_1eb38ae4_s0,gnn_sum,gnn_sum / recipe 4aad7661ef / IDs32,liberties,4,0,19,1.0,0,1,160,0.641869723891326,0.618006420471006,0.02734375,19430,9262,10168
20261007T091611409250Z_1eb38ae4_s0,gnn_sum,gnn_sum / recipe 4aad7661ef / IDs32,liberties,4,0,19,2.0,0,2,320,0.6901795259335717,0.6787692849895577,0.2421875,16809,8263,8546
20261007T091611409250Z_1eb38ae4_s0,gnn_sum,gnn_sum / recipe 4aad7661ef / IDs32,liberties,4,0,19,4.0,0,4,640,0.7012570501714159,0.6854797706521654,0.43359375,16208,8265,7943
20261007T091611409250Z_1eb38ae4_s0,gnn_sum,gnn_sum / recipe 4aad7661ef / IDs32,liberties,4,0,19,0.5,1,1,80,0.5580418033693368,0.5148432602280187,0.0,23978,11520,12458
20261007T091611409250Z_1eb38ae4_s0,gnn_sum,gnn_sum / recipe 4aad7661ef / IDs32,liberties,4,0,19,1.0,1,1,160,0.6424411103328787,0.6175274125210951,0.02734375,19399,9317,10082
20261007T091611409250Z_1eb38ae4_s0,gnn_sum,gnn_sum / recipe 4aad7661ef / IDs32,liberties,4,0,19,2.0,1,2,320,0.6853135252700262,0.6721985032946578,0.2265625,17073,8654,8419
20261007T091611409250Z_1eb38ae4_s0,gnn_sum,gnn_sum / recipe 4aad7661ef / IDs32,liberties,4,0,19,4.0,1,4,640,0.6995244590260626,0.6820890323490393,0.43359375,16302,8612,7690
20261007T091611409250Z_1eb38ae4_s0,gnn_sum,gnn_sum / recipe 4aad7661ef / IDs32,liberties,4,0,19,0.5,2,1,80,0.5555166439340878,0.5128724125649662,0.0,24115,11583,12532
20261007T091611409250Z_1eb38ae4_s0,gnn_sum,gnn_sum / recipe 4aad7661ef / IDs32,liberties,4,0,19,1.0,2,1,160,0.6432336786227744,0.6200136225370803,0.02734375,19356,9243,10113
20261007T091611409250Z_1eb38ae4_s0,gnn_sum,gnn_sum / recipe 4aad7661ef / IDs32,liberties,4,0,19,2.0,2,2,320,0.6852397979872452,0.6737898255280673,0.23828125,17077,8528,8549
20261007T091611409250Z_1eb38ae4_s0,gnn_sum,gnn_sum / recipe 4aad7661ef / IDs32,liberties,4,0,19,4.0,2,4,640,0.6944188446934788,0.6762260214675058,0.44921875,16579,8812,7767
20261007T091611409250Z_1eb38ae4_s0,gnn_sum,gnn_sum / recipe 4aad7661ef / IDs32,liberties,4,0,19,0.5,3,1,80,0.5564013713274597,0.5140244119884418,0.0,24067,11566,12501
20261007T091611409250Z_1eb38ae4_s0,gnn_sum,gnn_sum / recipe 4aad7661ef / IDs32,liberties,4,0,19,1.0,3,1,160,0.643436428650422,0.6199196451150479,0.03125,19345,9220,10125
20261007T091611409250Z_1eb38ae4_s0,gnn_sum,gnn_sum / recipe 4aad7661ef / IDs32,liberties,4,0,19,2.0,3,2,320,0.6818483429793195,0.6697502824900221,0.2421875,17261,8655,8606
20261007T091611409250Z_1eb38ae4_s0,gnn_sum,gnn_sum / recipe 4aad7661ef / IDs32,liberties,4,0,19,4.0,3,4,640,0.7026947321856453,0.6863302494626914,0.44140625,16130,8350,7780
20261007T091611409250Z_1eb38ae4_s0,gnn_sum,gnn_sum / recipe 4aad7661ef / IDs32,liberties,4,0,19,0.5,4,1,80,0.5545581892579349,0.5117477502838998,0.0,24167,11574,12593
20261007T091611409250Z_1eb38ae4_s0,gnn_sum,gnn_sum / recipe 4aad7661ef / IDs32,liberties,4,0,19,1.0,4,1,160,0.6422014966638404,0.6179732950867386,0.0234375,19412,9270,10142
20261007T091611409250Z_1eb38ae4_s0,gnn_sum,gnn_sum / recipe 4aad7661ef / IDs32,liberties,4,0,19,2.0,4,2,320,0.6890367530504663,0.6767133646821222,0.234375,16871,8432,8439
20261007T091611409250Z_1eb38ae4_s0,gnn_sum,gnn_sum / recipe 4aad7661ef / IDs32,liberties,4,0,19,4.0,4,4,640,0.6999115272606629,0.6832554857488761,0.453125,16281,8413,7868
20261007T091611409250Z_1eb38ae4_s0,gnn_sum,gnn_sum / recipe 4aad7661ef / IDs32,liberties,4,0,19,0.5,5,1,80,0.5566778486378885,0.5142342571834397,0.0,24052,11558,12494
20261007T091611409250Z_1eb38ae4_s0,gnn_sum,gnn_sum / recipe 4aad7661ef / IDs32,liberties,4,0,19,1.0,5,1,160,0.6389574962214768,0.615011405455867,0.02734375,19588,9451,10137
20261007T091611409250Z_1eb38ae4_s0,gnn_sum,gnn_sum / recipe 4aad7661ef / IDs32,liberties,4,0,19,2.0,5,2,320,0.67742470601246,0.6656408333066537,0.23828125,17501,8722,8779
20261007T091611409250Z_1eb38ae4_s0,gnn_sum,gnn_sum / recipe 4aad7661ef / IDs32,liberties,4,0,19,4.0,5,4,640,0.6906034578095624,0.6741475211031658,0.453125,16786,8837,7949
20261007T091611409250Z_1eb38ae4_s0,gnn_sum,gnn_sum / recipe 4aad7661ef / IDs32,liberties,4,0,19,0.5,6,1,80,0.5557193939617355,0.5127196900152612,0.0,24104,11568,12536
20261007T091611409250Z_1eb38ae4_s0,gnn_sum,gnn_sum / recipe 4aad7661ef / IDs32,liberties,4,0,19,1.0,6,1,160,0.6391049507870388,0.6147365300949019,0.02734375,19580,9438,10142
20261007T091611409250Z_1eb38ae4_s0,gnn_sum,gnn_sum / recipe 4aad7661ef / IDs32,liberties,4,0,19,2.0,6,2,320,0.6828067976554724,0.6701263792628197,0.24609375,17209,8646,8563
20261007T091611409250Z_1eb38ae4_s0,gnn_sum,gnn_sum / recipe 4aad7661ef / IDs32,liberties,4,0,19,4.0,6,4,640,0.7005566409849965,0.683306107748858,0.44921875,16246,8476,7770
20261007T091611409250Z_1eb38ae4_s0,gnn_sum,gnn_sum / recipe 4aad7661ef / IDs32,liberties,4,0,19,0.5,7,1,80,0.5563092122239834,0.5137374947723161,0.0,24072,11501,12571
20261007T091611409250Z_1eb38ae4_s0,gnn_sum,gnn_sum / recipe 4aad7661ef / IDs32,liberties,4,0,19,1.0,7,1,160,0.6452058834371659,0.6216133456869887,0.02734375,19249,9147,10102
20261007T091611409250Z_1eb38ae4_s0,gnn_sum,gnn_sum / recipe 4aad7661ef / IDs32,liberties,4,0,19,2.0,7,2,320,0.6880414347329229,0.6760660383511211,0.234375,16925,8484,8441
20261007T091611409250Z_1eb38ae4_s0,gnn_sum,gnn_sum / recipe 4aad7661ef / IDs32,liberties,4,0,19,4.0,7,4,640,0.6988793453017289,0.6821700063201794,0.4453125,16337,8500,7837
20261007T091611409250Z_1eb38ae4_s0,gnn_sum,gnn_sum / recipe 4aad7661ef / IDs32,liberties,4,0,25,0.5,0,1,143,0.5514796645038772,0.5154559289026103,0.0078125,42513,22153,20360
20261007T091611409250Z_1eb38ae4_s0,gnn_sum,gnn_sum / recipe 4aad7661ef / IDs32,liberties,4,0,25,1.0,0,1,286,0.6162472965131613,0.5950983925966015,0.01171875,36374,19893,16481
20261007T091611409250Z_1eb38ae4_s0,gnn_sum,gnn_sum / recipe 4aad7661ef / IDs32,liberties,4,0,25,2.0,0,2,572,0.6469378066149707,0.6360612527222091,0.203125,33465,20626,12839
20261007T091611409250Z_1eb38ae4_s0,gnn_sum,gnn_sum / recipe 4aad7661ef / IDs32,liberties,4,0,25,4.0,0,4,1144,0.64869968876932,0.625687973456857,0.3828125,33298,21765,11533
20261007T091611409250Z_1eb38ae4_s0,gnn_sum,gnn_sum / recipe 4aad7661ef / IDs32,liberties,4,0,25,0.5,1,1,143,0.5491586221448541,0.5129807956223303,0.00390625,42733,22294,20439
20261007T091611409250Z_1eb38ae4_s0,gnn_sum,gnn_sum / recipe 4aad7661ef / IDs32,liberties,4,0,25,1.0,1,1,286,0.6203935221817798,0.5991854006381659,0.01171875,35981,19681,16300
20261007T091611409250Z_1eb38ae4_s0,gnn_sum,gnn_sum / recipe 4aad7661ef / IDs32,liberties,4,0,25,2.0,1,2,572,0.6541435881204832,0.6439219930991887,0.1796875,32782,20375,12407
20261007T091611409250Z_1eb38ae4_s0,gnn_sum,gnn_sum / recipe 4aad7661ef / IDs32,liberties,4,0,25,4.0,1,4,1144,0.6521285013451495,0.6292888945437579,0.36328125,32973,21486,11487
20261007T091611409250Z_1eb38ae4_s0,gnn_sum,gnn_sum / recipe 4aad7661ef / IDs32,liberties,4,0,25,0.5,2,1,143,0.5497705333122329,0.5135760965140828,0.00390625,42675,22265,20410
20261007T091611409250Z_1eb38ae4_s0,gnn_sum,gnn_sum / recipe 4aad7661ef / IDs32,liberties,4,0,25,1.0,2,1,286,0.6188320936857098,0.5985269164015334,0.00390625,36129,19605,16524
20261007T091611409250Z_1eb38ae4_s0,gnn_sum,gnn_sum / recipe 4aad7661ef / IDs32,liberties,4,0,25,2.0,2,2,572,0.6515904415255579,0.641579699557104,0.1875,33024,20430,12594
20261007T091611409250Z_1eb38ae4_s0,gnn_sum,gnn_sum / recipe 4aad7661ef / IDs32,liberties,4,0,25,4.0,2,4,1144,0.6503771693833412,0.6278605045183574,0.37109375,33139,21447,11692
20261007T091611409250Z_1eb38ae4_s0,gnn_sum,gnn_sum / recipe 4aad7661ef / IDs32,liberties,4,0,25,0.5,3,1,143,0.5523236799071584,0.5159825236009612,0.0078125,42433,22115,20318
20261007T091611409250Z_1eb38ae4_s0,gnn_sum,gnn_sum / recipe 4aad7661ef / IDs32,liberties,4,0,25,1.0,3,1,286,0.6192752017724323,0.5981934298220156,0.015625,36087,19572,16515
20261007T091611409250Z_1eb38ae4_s0,gnn_sum,gnn_sum / recipe 4aad7661ef / IDs32,liberties,4,0,25,2.0,3,2,572,0.6520863005749855,0.6416803212650743,0.1796875,32977,20347,12630
20261007T091611409250Z_1eb38ae4_s0,gnn_sum,gnn_sum / recipe 4aad7661ef / IDs32,liberties,4,0,25,4.0,3,4,1144,0.6472437621986601,0.6253582347991372,0.3828125,33436,21806,11630
20261007T091611409250Z_1eb38ae4_s0,gnn_sum,gnn_sum / recipe 4aad7661ef / IDs32,liberties,4,0,25,0.5,4,1,143,0.5515957166218284,0.515388447054491,0.0078125,42502,22142,20360
20261007T091611409250Z_1eb38ae4_s0,gnn_sum,gnn_sum / recipe 4aad7661ef / IDs32,liberties,4,0,25,1.0,4,1,286,0.6205834256475181,0.5996951469878407,0.0078125,35963,19624,16339
20261007T091611409250Z_1eb38ae4_s0,gnn_sum,gnn_sum / recipe 4aad7661ef / IDs32,liberties,4,0,25,2.0,4,2,572,0.6549243023685182,0.6445450678231699,0.19140625,32708,20299,12409
20261007T091611409250Z_1eb38ae4_s0,gnn_sum,gnn_sum / recipe 4aad7661ef / IDs32,liberties,4,0,25,4.0,4,4,1144,0.6544917444743367,0.6312576962028646,0.37109375,32749,21546,11203
20261007T091611409250Z_1eb38ae4_s0,gnn_sum,gnn_sum / recipe 4aad7661ef / IDs32,liberties,4,0,25,0.5,5,1,143,0.5515113150815002,0.5151502410589126,0.0078125,42510,22117,20393
20261007T091611409250Z_1eb38ae4_s0,gnn_sum,gnn_sum / recipe 4aad7661ef / IDs32,liberties,4,0,25,1.0,5,1,286,0.6227145645408029,0.6016221307085936,0.0078125,35761,19609,16152
20261007T091611409250Z_1eb38ae4_s0,gnn_sum,gnn_sum / recipe 4aad7661ef / IDs32,liberties,4,0,25,2.0,5,2,572,0.6519069473017882,0.6413824421128923,0.1875,32994,20562,12432
20261007T091611409250Z_1eb38ae4_s0,gnn_sum,gnn_sum / recipe 4aad7661ef / IDs32,liberties,4,0,25,4.0,5,4,1144,0.6495120535949781,0.6269089681882937,0.37890625,33221,21659,11562
20261007T091611409250Z_1eb38ae4_s0,gnn_sum,gnn_sum / recipe 4aad7661ef / IDs32,liberties,4,0,25,0.5,6,1,143,0.5512159096903518,0.5149557584429816,0.0078125,42538,22196,20342
20261007T091611409250Z_1eb38ae4_s0,gnn_sum,gnn_sum / recipe 4aad7661ef / IDs32,liberties,4,0,25,1.0,6,1,286,0.6229466687767051,0.6021831814017461,0.01171875,35739,19399,16340
20261007T091611409250Z_1eb38ae4_s0,gnn_sum,gnn_sum / recipe 4aad7661ef / IDs32,liberties,4,0,25,2.0,6,2,572,0.6545655958221237,0.6442184506962367,0.19140625,32742,20350,12392
20261007T091611409250Z_1eb38ae4_s0,gnn_sum,gnn_sum / recipe 4aad7661ef / IDs32,liberties,4,0,25,4.0,6,4,1144,0.6481721791422693,0.6267031499610809,0.37890625,33348,21663,11685
20261007T091611409250Z_1eb38ae4_s0,gnn_sum,gnn_sum / recipe 4aad7661ef / IDs32,liberties,4,0,25,0.5,7,1,143,0.5506989502558421,0.514409078905697,0.0078125,42587,22233,20354
20261007T091611409250Z_1eb38ae4_s0,gnn_sum,gnn_sum / recipe 4aad7661ef / IDs32,liberties,4,0,25,1.0,7,1,286,0.6218072479822757,0.600440077411806,0.0078125,35847,19558,16289
20261007T091611409250Z_1eb38ae4_s0,gnn_sum,gnn_sum / recipe 4aad7661ef / IDs32,liberties,4,0,25,2.0,7,2,572,0.6522551036556418,0.6419138239554001,0.1796875,32961,20460,12501
20261007T091611409250Z_1eb38ae4_s0,gnn_sum,gnn_sum / recipe 4aad7661ef / IDs32,liberties,4,0,25,4.0,7,4,1144,0.6526665611647413,0.6305016133819662,0.36328125,32922,21526,11396
20261007T091611409250Z_1eb38ae4_s0,gnn_sum,gnn_sum / recipe 4aad7661ef / IDs32,liberties,4,0,37,0.5,0,2,323,0.5271156979364239,0.4786578936130699,0.0,95490,60984,34506
20261007T091611409250Z_1eb38ae4_s0,gnn_sum,gnn_sum / recipe 4aad7661ef / IDs32,liberties,4,0,37,1.0,0,3,646,0.563306277887001,0.5285529558122936,0.015625,88182,61868,26314
20261007T091611409250Z_1eb38ae4_s0,gnn_sum,gnn_sum / recipe 4aad7661ef / IDs32,liberties,4,0,37,2.0,0,6,1292,0.5729283765246544,0.5393471923974383,0.23828125,86239,65330,20909
20261007T091611409250Z_1eb38ae4_s0,gnn_sum,gnn_sum / recipe 4aad7661ef / IDs32,liberties,4,0,37,4.0,0,12,2584,0.5768703170885104,0.5344066396267626,0.3671875,85443,67091,18352
20261007T091611409250Z_1eb38ae4_s0,gnn_sum,gnn_sum / recipe 4aad7661ef / IDs32,liberties,4,0,37,0.5,1,2,323,0.5270364629502157,0.47782127127844143,0.0,95506,61109,34397
20261007T091611409250Z_1eb38ae4_s0,gnn_sum,gnn_sum / recipe 4aad7661ef / IDs32,liberties,4,0,37,1.0,1,3,646,0.5648365035581461,0.5293296478614684,0.01953125,87873,61969,25904
20261007T091611409250Z_1eb38ae4_s0,gnn_sum,gnn_sum / recipe 4aad7661ef / IDs32,liberties,4,0,37,2.0,1,6,1292,0.5712446330677311,0.5367532521626457,0.2421875,86579,65677,20902
20261007T091611409250Z_1eb38ae4_s0,gnn_sum,gnn_sum / recipe 4aad7661ef / IDs32,liberties,4,0,37,4.0,1,12,2584,0.576657373063076,0.5336054697103781,0.359375,85486,67133,18353
20261007T091611409250Z_1eb38ae4_s0,gnn_sum,gnn_sum / recipe 4aad7661ef / IDs32,liberties,4,0,37,0.5,2,2,323,0.52617973466184,0.4779479971741094,0.0,95679,61479,34200
20261007T091611409250Z_1eb38ae4_s0,gnn_sum,gnn_sum / recipe 4aad7661ef / IDs32,liberties,4,0,37,1.0,2,3,646,0.5639054924702002,0.5285151910804482,0.01953125,88061,62547,25514
20261007T091611409250Z_1eb38ae4_s0,gnn_sum,gnn_sum / recipe 4aad7661ef / IDs32,liberties,4,0,37,2.0,2,6,1292,0.5723291619414552,0.5380325766943833,0.265625,86360,65678,20682
20261007T091611409250Z_1eb38ae4_s0,gnn_sum,gnn_sum / recipe 4aad7661ef / IDs32,liberties,4,0,37,4.0,2,12,2584,0.5782618815337912,0.5355918338551848,0.3671875,85162,67140,18022
20261007T091611409250Z_1eb38ae4_s0,gnn_sum,gnn_sum / recipe 4aad7661ef / IDs32,liberties,4,0,37,0.5,3,2,323,0.5278832868653154,0.47969262509547905,0.0,95335,60976,34359
20261007T091611409250Z_1eb38ae4_s0,gnn_sum,gnn_sum / recipe 4aad7661ef / IDs32,liberties,4,0,37,1.0,3,3,646,0.5666539560542958,0.5311405873854282,0.015625,87506,62050,25456
20261007T091611409250Z_1eb38ae4_s0,gnn_sum,gnn_sum / recipe 4aad7661ef / IDs32,liberties,4,0,37,2.0,3,6,1292,0.5743347975298493,0.5399739670142809,0.2578125,85955,65366,20589
20261007T091611409250Z_1eb38ae4_s0,gnn_sum,gnn_sum / recipe 4aad7661ef / IDs32,liberties,4,0,37,4.0,3,12,2584,0.5782222640406872,0.5351763585153372,0.3515625,85170,67029,18141
20261007T091611409250Z_1eb38ae4_s0,gnn_sum,gnn_sum / recipe 4aad7661ef / IDs32,liberties,4,0,37,0.5,4,2,323,0.5257885119174371,0.47709095177591077,0.0,95758,61308,34450
20261007T091611409250Z_1eb38ae4_s0,gnn_sum,gnn_sum / recipe 4aad7661ef / IDs32,liberties,4,0,37,1.0,4,3,646,0.5639500621499423,0.5280827999468106,0.01953125,88052,62187,25865
20261007T091611409250Z_1eb38ae4_s0,gnn_sum,gnn_sum / recipe 4aad7661ef / IDs32,liberties,4,0,37,2.0,4,6,1292,0.5716606167453239,0.5365376164126732,0.26171875,86495,65745,20750
20261007T091611409250Z_1eb38ae4_s0,gnn_sum,gnn_sum / recipe 4aad7661ef / IDs32,liberties,4,0,37,4.0,4,12,2584,0.5764444290376416,0.5327292196112539,0.36328125,85529,66938,18591
20261007T091611409250Z_1eb38ae4_s0,gnn_sum,gnn_sum / recipe 4aad7661ef / IDs32,liberties,4,0,37,0.5,5,2,323,0.5249614967488895,0.47607181927946285,0.0,95925,61565,34360
20261007T091611409250Z_1eb38ae4_s0,gnn_sum,gnn_sum / recipe 4aad7661ef / IDs32,liberties,4,0,37,1.0,5,3,646,0.5661488330172187,0.5309131255389378,0.01953125,87608,61805,25803
20261007T091611409250Z_1eb38ae4_s0,gnn_sum,gnn_sum / recipe 4aad7661ef / IDs32,liberties,4,0,37,2.0,5,6,1292,0.5739683357186366,0.5395754484291247,0.265625,86029,65332,20697
20261007T091611409250Z_1eb38ae4_s0,gnn_sum,gnn_sum / recipe 4aad7661ef / IDs32,liberties,4,0,37,4.0,5,12,2584,0.5774447707385196,0.5343963202523007,0.3671875,85327,67132,18195
20261007T091611409250Z_1eb38ae4_s0,gnn_sum,gnn_sum / recipe 4aad7661ef / IDs32,liberties,4,0,37,0.5,6,2,323,0.5251496798411338,0.47665985782750675,0.0,95887,61156,34731
20261007T091611409250Z_1eb38ae4_s0,gnn_sum,gnn_sum / recipe 4aad7661ef / IDs32,liberties,4,0,37,1.0,6,3,646,0.5647325076387479,0.5300912373103176,0.015625,87894,61699,26195
20261007T091611409250Z_1eb38ae4_s0,gnn_sum,gnn_sum / recipe 4aad7661ef / IDs32,liberties,4,0,37,2.0,6,6,1292,0.5752212389380531,0.5411886935329371,0.25,85776,64916,20860
20261007T091611409250Z_1eb38ae4_s0,gnn_sum,gnn_sum / recipe 4aad7661ef / IDs32,liberties,4,0,37,4.0,6,12,2584,0.5774002010587775,0.5346423997928876,0.37109375,85336,66883,18453
20261007T091611409250Z_1eb38ae4_s0,gnn_sum,gnn_sum / recipe 4aad7661ef / IDs32,liberties,4,0,37,0.5,7,2,323,0.5258875556501973,0.4780676393398052,0.0,95738,61032,34706
20261007T091611409250Z_1eb38ae4_s0,gnn_sum,gnn_sum / recipe 4aad7661ef / IDs32,liberties,4,0,37,1.0,7,3,646,0.5654357181413453,0.5309522633647239,0.01171875,87752,61647,26105
20261007T091611409250Z_1eb38ae4_s0,gnn_sum,gnn_sum / recipe 4aad7661ef / IDs32,liberties,4,0,37,2.0,7,6,1292,0.5730323724440527,0.5394821383624013,0.2265625,86218,65177,21041
20261007T091611409250Z_1eb38ae4_s0,gnn_sum,gnn_sum / recipe 4aad7661ef / IDs32,liberties,4,0,37,4.0,7,12,2584,0.5743298453432113,0.5321200127887529,0.359375,85956,67097,18859
20261007T091743118220Z_bf99ec1f_s0,gnn_max,gnn_max / recipe 4aad7661ef / IDs32,liberties,4,0,9,0.5,0,1,15,0.5359919509741151,0.5589855765363894,0.0,5073,2335,2738
20261007T091743118220Z_bf99ec1f_s0,gnn_max,gnn_max / recipe 4aad7661ef / IDs32,liberties,4,0,9,1.0,0,1,30,0.7101436019390835,0.7341148563369313,0.04296875,3169,1512,1657
20261007T091743118220Z_bf99ec1f_s0,gnn_max,gnn_max / recipe 4aad7661ef / IDs32,liberties,4,0,9,2.0,0,2,60,0.85950791182658,0.8710136074846028,0.33984375,1536,709,827
20261007T091743118220Z_bf99ec1f_s0,gnn_max,gnn_max / recipe 4aad7661ef / IDs32,liberties,4,0,9,4.0,0,4,120,0.9162169578340803,0.930683257311864,0.625,916,228,688
20261007T091743118220Z_bf99ec1f_s0,gnn_max,gnn_max / recipe 4aad7661ef / IDs32,liberties,4,0,9,0.5,1,1,15,0.5361748833805908,0.5583430778013536,0.0,5071,2313,2758
20261007T091743118220Z_bf99ec1f_s0,gnn_max,gnn_max / recipe 4aad7661ef / IDs32,liberties,4,0,9,1.0,1,1,30,0.7095033385164182,0.7330761790152076,0.03515625,3176,1519,1657
20261007T091743118220Z_bf99ec1f_s0,gnn_max,gnn_max / recipe 4aad7661ef / IDs32,liberties,4,0,9,2.0,1,2,60,0.8649958840208543,0.8749469162541973,0.33203125,1476,706,770
20261007T091743118220Z_bf99ec1f_s0,gnn_max,gnn_max / recipe 4aad7661ef / IDs32,liberties,4,0,9,4.0,1,4,120,0.9209732004024513,0.9348002210782057,0.6640625,864,184,680
20261007T091743118220Z_bf99ec1f_s0,gnn_max,gnn_max / recipe 4aad7661ef / IDs32,liberties,4,0,9,0.5,2,1,15,0.5363578157870666,0.5574781426242363,0.0,5069,2348,2721
20261007T091743118220Z_bf99ec1f_s0,gnn_max,gnn_max / recipe 4aad7661ef / IDs32,liberties,4,0,9,1.0,2,1,30,0.7127961218329827,0.7358357013405148,0.04296875,3140,1507,1633
20261007T091743118220Z_bf99ec1f_s0,gnn_max,gnn_max / recipe 4aad7661ef / IDs32,liberties,4,0,9,2.0,2,2,60,0.8618860331107656,0.8731744829074296,0.3515625,1510,707,803
20261007T091743118220Z_bf99ec1f_s0,gnn_max,gnn_max / recipe 4aad7661ef / IDs32,liberties,4,0,9,4.0,2,4,120,0.9177718832891246,0.9307068079081423,0.63671875,899,226,673
20261007T091743118220Z_bf99ec1f_s0,gnn_max,gnn_max / recipe 4aad7661ef / IDs32,liberties,4,0,9,0.5,3,1,15,0.5356260861611635,0.557941173154497,0.0,5077,2322,2755
20261007T091743118220Z_bf99ec1f_s0,gnn_max,gnn_max / recipe 4aad7661ef / IDs32,liberties,4,0,9,1.0,3,1,30,0.7098692033293698,0.7342901140141775,0.0546875,3172,1508,1664
20261007T091743118220Z_bf99ec1f_s0,gnn_max,gnn_max / recipe 4aad7661ef / IDs32,liberties,4,0,9,2.0,3,2,60,0.8630750937528583,0.8746540968650527,0.34375,1497,722,775
20261007T091743118220Z_bf99ec1f_s0,gnn_max,gnn_max / recipe 4aad7661ef / IDs32,liberties,4,0,9,4.0,3,4,120,0.9209732004024513,0.936327297370884,0.671875,864,191,673
20261007T091743118220Z_bf99ec1f_s0,gnn_max,gnn_max / recipe 4aad7661ef / IDs32,liberties,4,0,9,0.5,4,1,15,0.5390103356809659,0.5616845657810206,0.0,5040,2322,2718
20261007T091743118220Z_bf99ec1f_s0,gnn_max,gnn_max / recipe 4aad7661ef / IDs32,liberties,4,0,9,1.0,4,1,30,0.7122473246135553,0.7371452651345504,0.0546875,3146,1493,1653
20261007T091743118220Z_bf99ec1f_s0,gnn_max,gnn_max / recipe 4aad7661ef / IDs32,liberties,4,0,9,2.0,4,2,60,0.8564895271197293,0.8696650790370105,0.32421875,1569,708,861
20261007T091743118220Z_bf99ec1f_s0,gnn_max,gnn_max / recipe 4aad7661ef / IDs32,liberties,4,0,9,4.0,4,4,120,0.9167657550535078,0.9323464375918035,0.62890625,910,200,710
20261007T091743118220Z_bf99ec1f_s0,gnn_max,gnn_max / recipe 4aad7661ef / IDs32,liberties,4,0,9,0.5,5,1,15,0.5328821000640264,0.5558443000333771,0.0,5107,2323,2784
20261007T091743118220Z_bf99ec1f_s0,gnn_max,gnn_max / recipe 4aad7661ef / IDs32,liberties,4,0,9,1.0,5,1,30,0.7076740144516601,0.7324187847430141,0.0390625,3196,1501,1695
20261007T091743118220Z_bf99ec1f_s0,gnn_max,gnn_max / recipe 4aad7661ef / IDs32,liberties,4,0,9,2.0,5,2,60,0.8610628372816245,0.872845333639565,0.3203125,1519,698,821
20261007T091743118220Z_bf99ec1f_s0,gnn_max,gnn_max / recipe 4aad7661ef / IDs32,liberties,4,0,9,4.0,5,4,120,0.9251806457513949,0.9382984214188752,0.64453125,818,194,624
20261007T091743118220Z_bf99ec1f_s0,gnn_max,gnn_max / recipe 4aad7661ef / IDs32,liberties,4,0,9,0.5,6,1,15,0.5364492819903046,0.5578118374827379,0.0,5068,2342,2726
20261007T091743118220Z_bf99ec1f_s0,gnn_max,gnn_max / recipe 4aad7661ef / IDs32,liberties,4,0,9,1.0,6,1,30,0.7090460075002286,0.7327817903986246,0.0546875,3181,1499,1682
20261007T091743118220Z_bf99ec1f_s0,gnn_max,gnn_max / recipe 4aad7661ef / IDs32,liberties,4,0,9,2.0,6,2,60,0.8558492636970639,0.867186016676094,0.3046875,1576,736,840
20261007T091743118220Z_bf99ec1f_s0,gnn_max,gnn_max / recipe 4aad7661ef / IDs32,liberties,4,0,9,4.0,6,4,120,0.9245403823287295,0.9385996424508639,0.67578125,825,198,627
20261007T091743118220Z_bf99ec1f_s0,gnn_max,gnn_max / recipe 4aad7661ef / IDs32,liberties,4,0,9,0.5,7,1,15,0.5357175523644013,0.5588260629855283,0.0,5076,2322,2754
20261007T091743118220Z_bf99ec1f_s0,gnn_max,gnn_max / recipe 4aad7661ef / IDs32,liberties,4,0,9,1.0,7,1,30,0.7113326625811762,0.7365342948747088,0.046875,3156,1498,1658
20261007T091743118220Z_bf99ec1f_s0,gnn_max,gnn_max / recipe 4aad7661ef / IDs32,liberties,4,0,9,2.0,7,2,60,0.8598737766395317,0.8726222591519416,0.30859375,1532,688,844
20261007T091743118220Z_bf99ec1f_s0,gnn_max,gnn_max / recipe 4aad7661ef / IDs32,liberties,4,0,9,4.0,7,4,120,0.9204244031830239,0.934679965317256,0.6484375,870,203,667
20261007T091743118220Z_bf99ec1f_s0,gnn_max,gnn_max / recipe 4aad7661ef / IDs32,liberties,4,0,13,0.5,0,1,35,0.5738431930382395,0.5821847199290586,0.0,10186,3101,7085
20261007T091743118220Z_bf99ec1f_s0,gnn_max,gnn_max / recipe 4aad7661ef / IDs32,liberties,4,0,13,1.0,0,1,70,0.7038741527905614,0.7070497254467367,0.04296875,7078,2356,4722
20261007T091743118220Z_bf99ec1f_s0,gnn_max,gnn_max / recipe 4aad7661ef / IDs32,liberties,4,0,13,2.0,0,2,140,0.8032800602460045,0.8102914447409557,0.29296875,4702,1291,3411
20261007T091743118220Z_bf99ec1f_s0,gnn_max,gnn_max / recipe 4aad7661ef / IDs32,liberties,4,0,13,4.0,0,4,280,0.8271692745376956,0.8376531362769946,0.5546875,4131,924,3207
20261007T091743118220Z_bf99ec1f_s0,gnn_max,gnn_max / recipe 4aad7661ef / IDs32,liberties,4,0,13,0.5,1,1,35,0.5779432683457452,0.5859772519748218,0.0,10088,3073,7015
20261007T091743118220Z_bf99ec1f_s0,gnn_max,gnn_max / recipe 4aad7661ef / IDs32,liberties,4,0,13,1.0,1,1,70,0.7088528156639612,0.7097978825067861,0.05078125,6959,2262,4697
20261007T091743118220Z_bf99ec1f_s0,gnn_max,gnn_max / recipe 4aad7661ef / IDs32,liberties,4,0,13,2.0,1,2,140,0.7993054974479123,0.8022569790546561,0.30078125,4797,1354,3443
20261007T091743118220Z_bf99ec1f_s0,gnn_max,gnn_max / recipe 4aad7661ef / IDs32,liberties,4,0,13,4.0,1,4,280,0.8288009371600703,0.8337123151397727,0.59765625,4092,920,3172
20261007T091743118220Z_bf99ec1f_s0,gnn_max,gnn_max / recipe 4aad7661ef / IDs32,liberties,4,0,13,0.5,2,1,35,0.5765207932390595,0.5848700239273368,0.0,10122,3067,7055
20261007T091743118220Z_bf99ec1f_s0,gnn_max,gnn_max / recipe 4aad7661ef / IDs32,liberties,4,0,13,1.0,2,1,70,0.7042925278219396,0.7072684451882018,0.0390625,7068,2337,4731
20261007T091743118220Z_bf99ec1f_s0,gnn_max,gnn_max / recipe 4aad7661ef / IDs32,liberties,4,0,13,2.0,2,2,140,0.7980085348506402,0.8047630295437047,0.3125,4828,1376,3452
20261007T091743118220Z_bf99ec1f_s0,gnn_max,gnn_max / recipe 4aad7661ef / IDs32,liberties,4,0,13,4.0,2,4,280,0.832231612417371,0.8426493033222573,0.55078125,4010,911,3099
20261007T091743118220Z_bf99ec1f_s0,gnn_max,gnn_max / recipe 4aad7661ef / IDs32,liberties,4,0,13,0.5,3,1,35,0.5780687808551586,0.5856188870133127,0.0,10085,3042,7043
20261007T091743118220Z_bf99ec1f_s0,gnn_max,gnn_max / recipe 4aad7661ef / IDs32,liberties,4,0,13,1.0,3,1,70,0.7104844782863359,0.712191670920822,0.0546875,6920,2252,4668
20261007T091743118220Z_bf99ec1f_s0,gnn_max,gnn_max / recipe 4aad7661ef / IDs32,liberties,4,0,13,2.0,3,2,140,0.7971299472847461,0.80443257136292,0.26953125,4849,1348,3501
20261007T091743118220Z_bf99ec1f_s0,gnn_max,gnn_max / recipe 4aad7661ef / IDs32,liberties,4,0,13,4.0,3,4,280,0.829302987197724,0.8399085122900639,0.5546875,4080,915,3165
20261007T091743118220Z_bf99ec1f_s0,gnn_max,gnn_max / recipe 4aad7661ef / IDs32,liberties,4,0,13,0.5,4,1,35,0.5726299054472429,0.5799147294602768,0.0,10215,3111,7104
20261007T091743118220Z_bf99ec1f_s0,gnn_max,gnn_max / recipe 4aad7661ef / IDs32,liberties,4,0,13,1.0,4,1,70,0.7073048280478621,0.7057843359761595,0.0546875,6996,2325,4671
20261007T091743118220Z_bf99ec1f_s0,gnn_max,gnn_max / recipe 4aad7661ef / IDs32,liberties,4,0,13,2.0,4,2,140,0.8012300225922517,0.8051837104892926,0.3046875,4751,1346,3405
20261007T091743118220Z_bf99ec1f_s0,gnn_max,gnn_max / recipe 4aad7661ef / IDs32,liberties,4,0,13,4.0,4,4,280,0.8352857501464312,0.8434695132133507,0.578125,3937,1017,2920
20261007T091743118220Z_bf99ec1f_s0,gnn_max,gnn_max / recipe 4aad7661ef / IDs32,liberties,4,0,13,0.5,5,1,35,0.5779014308426074,0.5857658099520799,0.0,10089,3046,7043
20261007T091743118220Z_bf99ec1f_s0,gnn_max,gnn_max / recipe 4aad7661ef / IDs32,liberties,4,0,13,1.0,5,1,70,0.703748640281148,0.7053096006288415,0.0546875,7081,2281,4800
20261007T091743118220Z_bf99ec1f_s0,gnn_max,gnn_max / recipe 4aad7661ef / IDs32,liberties,4,0,13,2.0,5,2,140,0.8021922851644214,0.8066797542943828,0.2890625,4728,1322,3406
20261007T091743118220Z_bf99ec1f_s0,gnn_max,gnn_max / recipe 4aad7661ef / IDs32,liberties,4,0,13,4.0,5,4,280,0.8289682871726215,0.8363736923961568,0.59375,4088,935,3153
20261007T091743118220Z_bf99ec1f_s0,gnn_max,gnn_max / recipe 4aad7661ef / IDs32,liberties,4,0,13,0.5,6,1,35,0.5732574679943101,0.5801240548946294,0.0,10200,3127,7073
20261007T091743118220Z_bf99ec1f_s0,gnn_max,gnn_max / recipe 4aad7661ef / IDs32,liberties,4,0,13,1.0,6,1,70,0.7058823529411765,0.7076755225938816,0.0546875,7030,2359,4671
20261007T091743118220Z_bf99ec1f_s0,gnn_max,gnn_max / recipe 4aad7661ef / IDs32,liberties,4,0,13,2.0,6,2,140,0.8006861350514601,0.8055771841754382,0.30078125,4764,1339,3425
20261007T091743118220Z_bf99ec1f_s0,gnn_max,gnn_max / recipe 4aad7661ef / IDs32,liberties,4,0,13,4.0,6,4,280,0.8347837001087776,0.8431297729449285,0.5625,3949,962,2987
20261007T091743118220Z_bf99ec1f_s0,gnn_max,gnn_max / recipe 4aad7661ef / IDs32,liberties,4,0,13,0.5,7,1,35,0.5750564806292361,0.5826023911205473,0.0,10157,3068,7089
20261007T091743118220Z_bf99ec1f_s0,gnn_max,gnn_max / recipe 4aad7661ef / IDs32,liberties,4,0,13,1.0,7,1,70,0.7063007279725546,0.7078624039426362,0.0546875,7020,2249,4771
20261007T091743118220Z_bf99ec1f_s0,gnn_max,gnn_max / recipe 4aad7661ef / IDs32,liberties,4,0,13,2.0,7,2,140,0.7968789222659192,0.8003145509435834,0.27734375,4855,1377,3478
20261007T091743118220Z_bf99ec1f_s0,gnn_max,gnn_max / recipe 4aad7661ef / IDs32,liberties,4,0,13,4.0,7,4,280,0.8180486988536524,0.8254372138177644,0.5625,4349,1088,3261
20261007T091743118220Z_bf99ec1f_s0,gnn_max,gnn_max / recipe 4aad7661ef / IDs32,liberties,4,0,19,0.5,0,1,80,0.6166734250009216,0.5958180872544243,0.0078125,20797,5408,15389
20261007T091743118220Z_bf99ec1f_s0,gnn_max,gnn_max / recipe 4aad7661ef / IDs32,liberties,4,0,19,1.0,0,1,160,0.6783462970472224,0.6666497280116224,0.0625,17451,5155,12296
20261007T091743118220Z_bf99ec1f_s0,gnn_max,gnn_max / recipe 4aad7661ef / IDs32,liberties,4,0,19,2.0,0,2,320,0.6867327754635603,0.6809881535934091,0.28125,16996,6460,10536
20261007T091743118220Z_bf99ec1f_s0,gnn_max,gnn_max / recipe 4aad7661ef / IDs32,liberties,4,0,19,4.0,0,4,640,0.7032108231651123,0.6985472629807621,0.484375,16102,5810,10292
20261007T091743118220Z_bf99ec1f_s0,gnn_max,gnn_max / recipe 4aad7661ef / IDs32,liberties,4,0,19,0.5,1,1,80,0.6135031518413389,0.5914768318773457,0.0078125,20969,5524,15445
20261007T091743118220Z_bf99ec1f_s0,gnn_max,gnn_max / recipe 4aad7661ef / IDs32,liberties,4,0,19,1.0,1,1,160,0.6754709330187636,0.6634953886673508,0.046875,17607,5431,12176
20261007T091743118220Z_bf99ec1f_s0,gnn_max,gnn_max / recipe 4aad7661ef / IDs32,liberties,4,0,19,2.0,1,2,320,0.6865484572566078,0.6782306351256362,0.2578125,17006,6625,10381
20261007T091743118220Z_bf99ec1f_s0,gnn_max,gnn_max / recipe 4aad7661ef / IDs32,liberties,4,0,19,4.0,1,4,640,0.6942160946658311,0.6899825156917293,0.4453125,16590,6417,10173
20261007T091743118220Z_bf99ec1f_s0,gnn_max,gnn_max / recipe 4aad7661ef / IDs32,liberties,4,0,19,0.5,2,1,80,0.614848674752092,0.5930279294023697,0.01171875,20896,5522,15374
20261007T091743118220Z_bf99ec1f_s0,gnn_max,gnn_max / recipe 4aad7661ef / IDs32,liberties,4,0,19,1.0,2,1,160,0.6758764330740591,0.6647036369073428,0.04296875,17585,5514,12071
20261007T091743118220Z_bf99ec1f_s0,gnn_max,gnn_max / recipe 4aad7661ef / IDs32,liberties,4,0,19,2.0,2,2,320,0.6861060935599218,0.6807469510299878,0.25,17030,6741,10289
20261007T091743118220Z_bf99ec1f_s0,gnn_max,gnn_max / recipe 4aad7661ef / IDs32,liberties,4,0,19,4.0,2,4,640,0.6837283886902348,0.6785682895319862,0.45703125,17159,7024,10135
20261007T091743118220Z_bf99ec1f_s0,gnn_max,gnn_max / recipe 4aad7661ef / IDs32,liberties,4,0,19,0.5,3,1,80,0.6180742433737605,0.5961354895112847,0.01171875,20721,5395,15326
20261007T091743118220Z_bf99ec1f_s0,gnn_max,gnn_max / recipe 4aad7661ef / IDs32,liberties,4,0,19,1.0,3,1,160,0.681664024772367,0.6702407068633729,0.046875,17271,5245,12026
20261007T091743118220Z_bf99ec1f_s0,gnn_max,gnn_max / recipe 4aad7661ef / IDs32,liberties,4,0,19,2.0,3,2,320,0.6915987761271059,0.6832107038232564,0.265625,16732,6453,10279
20261007T091743118220Z_bf99ec1f_s0,gnn_max,gnn_max / recipe 4aad7661ef / IDs32,liberties,4,0,19,4.0,3,4,640,0.6875622073948464,0.6835058110771326,0.48046875,16951,6621,10330
20261007T091743118220Z_bf99ec1f_s0,gnn_max,gnn_max / recipe 4aad7661ef / IDs32,liberties,4,0,19,0.5,4,1,80,0.6138164927931581,0.5931527832944428,0.0078125,20952,5601,15351
20261007T091743118220Z_bf99ec1f_s0,gnn_max,gnn_max / recipe 4aad7661ef / IDs32,liberties,4,0,19,1.0,4,1,160,0.6758580012533638,0.6641834987047495,0.046875,17586,5421,12165
20261007T091743118220Z_bf99ec1f_s0,gnn_max,gnn_max / recipe 4aad7661ef / IDs32,liberties,4,0,19,2.0,4,2,320,0.6894238212850665,0.6850754700991836,0.2578125,16850,6653,10197
20261007T091743118220Z_bf99ec1f_s0,gnn_max,gnn_max / recipe 4aad7661ef / IDs32,liberties,4,0,19,4.0,4,4,640,0.6835993659453681,0.6815933640951461,0.45703125,17166,6719,10447
20261007T091743118220Z_bf99ec1f_s0,gnn_max,gnn_max / recipe 4aad7661ef / IDs32,liberties,4,0,19,0.5,5,1,80,0.6151251520625207,0.5935339080359046,0.0078125,20881,5530,15351
20261007T091743118220Z_bf99ec1f_s0,gnn_max,gnn_max / recipe 4aad7661ef / IDs32,liberties,4,0,19,1.0,5,1,160,0.6763740922328307,0.6669734062634962,0.046875,17558,5305,12253
20261007T091743118220Z_bf99ec1f_s0,gnn_max,gnn_max / recipe 4aad7661ef / IDs32,liberties,4,0,19,2.0,5,2,320,0.6944188446934788,0.6918392100095556,0.24609375,16579,6395,10184
20261007T091743118220Z_bf99ec1f_s0,gnn_max,gnn_max / recipe 4aad7661ef / IDs32,liberties,4,0,19,4.0,5,4,640,0.6927046853688207,0.6919146694850322,0.4609375,16672,6528,10144
20261007T091743118220Z_bf99ec1f_s0,gnn_max,gnn_max / recipe 4aad7661ef / IDs32,liberties,4,0,19,0.5,6,1,80,0.6177056069598555,0.5976912112850992,0.00390625,20741,5448,15293
20261007T091743118220Z_bf99ec1f_s0,gnn_max,gnn_max / recipe 4aad7661ef / IDs32,liberties,4,0,19,1.0,6,1,160,0.6814612747447193,0.6708341535777357,0.0546875,17282,5306,11976
20261007T091743118220Z_bf99ec1f_s0,gnn_max,gnn_max / recipe 4aad7661ef / IDs32,liberties,4,0,19,2.0,6,2,320,0.6916356397684963,0.6833308780007727,0.24609375,16730,6316,10414
20261007T091743118220Z_bf99ec1f_s0,gnn_max,gnn_max / recipe 4aad7661ef / IDs32,liberties,4,0,19,4.0,6,4,640,0.6914144579201533,0.6863217121973988,0.4375,16742,6404,10338
20261007T091743118220Z_bf99ec1f_s0,gnn_max,gnn_max / recipe 4aad7661ef / IDs32,liberties,4,0,19,0.5,7,1,80,0.617889925166808,0.5959684042875575,0.01171875,20731,5509,15222
20261007T091743118220Z_bf99ec1f_s0,gnn_max,gnn_max / recipe 4aad7661ef / IDs32,liberties,4,0,19,1.0,7,1,160,0.6774431378331551,0.666641172552426,0.0703125,17500,5390,12110
20261007T091743118220Z_bf99ec1f_s0,gnn_max,gnn_max / recipe 4aad7661ef / IDs32,liberties,4,0,19,2.0,7,2,320,0.689903048623143,0.6840527187688259,0.25,16824,6410,10414
20261007T091743118220Z_bf99ec1f_s0,gnn_max,gnn_max / recipe 4aad7661ef / IDs32,liberties,4,0,19,4.0,7,4,640,0.6853319570907214,0.6844563686750874,0.44140625,17072,6649,10423
20261007T091743118220Z_bf99ec1f_s0,gnn_max,gnn_max / recipe 4aad7661ef / IDs32,liberties,4,0,25,0.5,0,1,143,0.6176715725061982,0.585058761549784,0.0078125,36239,10074,26165
20261007T091743118220Z_bf99ec1f_s0,gnn_max,gnn_max / recipe 4aad7661ef / IDs32,liberties,4,0,25,1.0,0,1,286,0.6579205570501662,0.6414603791811702,0.02734375,32424,12004,20420
20261007T091743118220Z_bf99ec1f_s0,gnn_max,gnn_max / recipe 4aad7661ef / IDs32,liberties,4,0,25,2.0,0,2,572,0.6569393891438519,0.6466465250784776,0.2578125,32517,15047,17470
20261007T091743118220Z_bf99ec1f_s0,gnn_max,gnn_max / recipe 4aad7661ef / IDs32,liberties,4,0,25,4.0,0,4,1144,0.6582792635965606,0.6500183223157834,0.3671875,32390,15146,17244
20261007T091743118220Z_bf99ec1f_s0,gnn_max,gnn_max / recipe 4aad7661ef / IDs32,liberties,4,0,25,0.5,1,1,143,0.6141267078124176,0.5807192550115444,0.00390625,36575,10427,26148
20261007T091743118220Z_bf99ec1f_s0,gnn_max,gnn_max / recipe 4aad7661ef / IDs32,liberties,4,0,25,1.0,1,1,286,0.6528353642453975,0.6369047071702778,0.02734375,32906,12879,20027
20261007T091743118220Z_bf99ec1f_s0,gnn_max,gnn_max / recipe 4aad7661ef / IDs32,liberties,4,0,25,2.0,1,2,572,0.6531202194440049,0.6464098486652976,0.2265625,32879,15546,17333
20261007T091743118220Z_bf99ec1f_s0,gnn_max,gnn_max / recipe 4aad7661ef / IDs32,liberties,4,0,25,4.0,1,4,1144,0.6475919185525136,0.6360949553161419,0.37890625,33403,16510,16893
20261007T091743118220Z_bf99ec1f_s0,gnn_max,gnn_max / recipe 4aad7661ef / IDs32,liberties,4,0,25,0.5,2,1,143,0.6131349897135623,0.5796056417293127,0.00390625,36669,10348,26321
20261007T091743118220Z_bf99ec1f_s0,gnn_max,gnn_max / recipe 4aad7661ef / IDs32,liberties,4,0,25,1.0,2,1,286,0.651748694413673,0.6342806888970801,0.0234375,33009,12322,20687
20261007T091743118220Z_bf99ec1f_s0,gnn_max,gnn_max / recipe 4aad7661ef / IDs32,liberties,4,0,25,2.0,2,2,572,0.6514849396001477,0.6410853306611716,0.25,33034,15648,17386
20261007T091743118220Z_bf99ec1f_s0,gnn_max,gnn_max / recipe 4aad7661ef / IDs32,liberties,4,0,25,4.0,2,4,1144,0.6465685498760353,0.6354047458859389,0.421875,33500,16755,16745
20261007T091743118220Z_bf99ec1f_s0,gnn_max,gnn_max / recipe 4aad7661ef / IDs32,liberties,4,0,25,0.5,3,1,143,0.6149390726380757,0.5806805862992424,0.00390625,36498,10246,26252
20261007T091743118220Z_bf99ec1f_s0,gnn_max,gnn_max / recipe 4aad7661ef / IDs32,liberties,4,0,25,1.0,3,1,286,0.6559265706599146,0.6377760607133676,0.01953125,32613,12352,20261
20261007T091743118220Z_bf99ec1f_s0,gnn_max,gnn_max / recipe 4aad7661ef / IDs32,liberties,4,0,25,2.0,3,2,572,0.652487207891544,0.641010812237506,0.234375,32939,15529,17410
20261007T091743118220Z_bf99ec1f_s0,gnn_max,gnn_max / recipe 4aad7661ef / IDs32,liberties,4,0,25,4.0,3,4,1144,0.6552091575671256,0.6459027581153464,0.37890625,32681,15879,16802
20261007T091743118220Z_bf99ec1f_s0,gnn_max,gnn_max / recipe 4aad7661ef / IDs32,liberties,4,0,25,0.5,4,1,143,0.6151289761038139,0.5813024021893444,0.0078125,36480,10360,26120
20261007T091743118220Z_bf99ec1f_s0,gnn_max,gnn_max / recipe 4aad7661ef / IDs32,liberties,4,0,25,1.0,4,1,286,0.6550192541013874,0.6367861180614764,0.01953125,32699,12618,20081
20261007T091743118220Z_bf99ec1f_s0,gnn_max,gnn_max / recipe 4aad7661ef / IDs32,liberties,4,0,25,2.0,4,2,572,0.6622039352218178,0.6529366987007199,0.25,32018,15234,16784
20261007T091743118220Z_bf99ec1f_s0,gnn_max,gnn_max / recipe 4aad7661ef / IDs32,liberties,4,0,25,4.0,4,4,1144,0.6565912327899984,0.6467528794711817,0.38671875,32550,16075,16475
20261007T091743118220Z_bf99ec1f_s0,gnn_max,gnn_max / recipe 4aad7661ef / IDs32,liberties,4,0,25,0.5,5,1,143,0.6174711188479189,0.584321910207091,0.0,36258,10284,25974
20261007T091743118220Z_bf99ec1f_s0,gnn_max,gnn_max / recipe 4aad7661ef / IDs32,liberties,4,0,25,1.0,5,1,286,0.6582792635965606,0.6405589748610998,0.03125,32390,12445,19945
20261007T091743118220Z_bf99ec1f_s0,gnn_max,gnn_max / recipe 4aad7661ef / IDs32,liberties,4,0,25,2.0,5,2,572,0.6469905575776758,0.6359268701965971,0.23828125,33460,16386,17074
20261007T091743118220Z_bf99ec1f_s0,gnn_max,gnn_max / recipe 4aad7661ef / IDs32,liberties,4,0,25,4.0,5,4,1144,0.6447117159888168,0.6325659977596301,0.37109375,33676,17171,16505
20261007T091743118220Z_bf99ec1f_s0,gnn_max,gnn_max / recipe 4aad7661ef / IDs32,liberties,4,0,25,0.5,6,1,143,0.6148441209052066,0.5811452497063203,0.00390625,36507,10422,26085
20261007T091743118220Z_bf99ec1f_s0,gnn_max,gnn_max / recipe 4aad7661ef / IDs32,liberties,4,0,25,1.0,6,1,286,0.6519069473017882,0.634862760504219,0.02734375,32994,12714,20280
20261007T091743118220Z_bf99ec1f_s0,gnn_max,gnn_max / recipe 4aad7661ef / IDs32,liberties,4,0,25,2.0,6,2,572,0.6553463100701588,0.6469850459189773,0.25390625,32668,15355,17313
20261007T091743118220Z_bf99ec1f_s0,gnn_max,gnn_max / recipe 4aad7661ef / IDs32,liberties,4,0,25,4.0,6,4,1144,0.6475602679748905,0.637087327197846,0.37890625,33406,16329,17077
20261007T091743118220Z_bf99ec1f_s0,gnn_max,gnn_max / recipe 4aad7661ef / IDs32,liberties,4,0,25,0.5,7,1,143,0.616795906525294,0.5832512700603,0.0078125,36322,10191,26131
20261007T091743118220Z_bf99ec1f_s0,gnn_max,gnn_max / recipe 4aad7661ef / IDs32,liberties,4,0,25,1.0,7,1,286,0.655483462573192,0.6377009610050856,0.01953125,32655,12329,20326
20261007T091743118220Z_bf99ec1f_s0,gnn_max,gnn_max / recipe 4aad7661ef / IDs32,liberties,4,0,25,2.0,7,2,572,0.6553568602626998,0.6453526187741517,0.234375,32667,15243,17424
20261007T091743118220Z_bf99ec1f_s0,gnn_max,gnn_max / recipe 4aad7661ef / IDs32,liberties,4,0,25,4.0,7,4,1144,0.6508519280476869,0.6413607004317956,0.3671875,33094,16352,16742
20261007T091743118220Z_bf99ec1f_s0,gnn_max,gnn_max / recipe 4aad7661ef / IDs32,liberties,4,0,37,0.5,0,2,323,0.6200385280120437,0.5815559865095657,0.00390625,76726,23488,53238
20261007T091743118220Z_bf99ec1f_s0,gnn_max,gnn_max / recipe 4aad7661ef / IDs32,liberties,4,0,37,1.0,0,3,646,0.6584625441363634,0.6278607747667405,0.04296875,68967,30431,38536
20261007T091743118220Z_bf99ec1f_s0,gnn_max,gnn_max / recipe 4aad7661ef / IDs32,liberties,4,0,37,2.0,0,6,1292,0.6470923236154924,0.6219917775096314,0.2109375,71263,38773,32490
20261007T091743118220Z_bf99ec1f_s0,gnn_max,gnn_max / recipe 4aad7661ef / IDs32,liberties,4,0,37,4.0,0,12,2584,0.6380298220679341,0.6107370232231555,0.3359375,73093,41781,31312
20261007T091743118220Z_bf99ec1f_s0,gnn_max,gnn_max / recipe 4aad7661ef / IDs32,liberties,4,0,37,0.5,1,2,323,0.6179784183706315,0.5786742746561618,0.0078125,77142,23525,53617
20261007T091743118220Z_bf99ec1f_s0,gnn_max,gnn_max / recipe 4aad7661ef / IDs32,liberties,4,0,37,1.0,1,3,646,0.6596906864225899,0.6299527186918634,0.0390625,68719,29935,38784
20261007T091743118220Z_bf99ec1f_s0,gnn_max,gnn_max / recipe 4aad7661ef / IDs32,liberties,4,0,37,2.0,1,6,1292,0.6440021591533742,0.6191945452310396,0.25,71887,38939,32948
20261007T091743118220Z_bf99ec1f_s0,gnn_max,gnn_max / recipe 4aad7661ef / IDs32,liberties,4,0,37,4.0,1,12,2584,0.6356428681084133,0.6093144113394681,0.33984375,73575,41754,31821
20261007T091743118220Z_bf99ec1f_s0,gnn_max,gnn_max / recipe 4aad7661ef / IDs32,liberties,4,0,37,0.5,2,2,323,0.6199592930258355,0.5814222588577266,0.0,76742,23860,52882
20261007T091743118220Z_bf99ec1f_s0,gnn_max,gnn_max / recipe 4aad7661ef / IDs32,liberties,4,0,37,1.0,2,3,646,0.660740549989848,0.631175029923766,0.03125,68507,29626,38881
20261007T091743118220Z_bf99ec1f_s0,gnn_max,gnn_max / recipe 4aad7661ef / IDs32,liberties,4,0,37,2.0,2,6,1292,0.6388964547295859,0.6144677834101042,0.23046875,72918,39294,33624
20261007T091743118220Z_bf99ec1f_s0,gnn_max,gnn_max / recipe 4aad7661ef / IDs32,liberties,4,0,37,4.0,2,12,2584,0.639470908379595,0.6127204415302998,0.33984375,72802,41422,31380
20261007T091743118220Z_bf99ec1f_s0,gnn_max,gnn_max / recipe 4aad7661ef / IDs32,liberties,4,0,37,0.5,3,2,323,0.617711000292179,0.5794739752521925,0.0,77196,23889,53307
20261007T091743118220Z_bf99ec1f_s0,gnn_max,gnn_max / recipe 4aad7661ef / IDs32,liberties,4,0,37,1.0,3,3,646,0.6542135680009509,0.625737784099058,0.03515625,69825,29985,39840
20261007T091743118220Z_bf99ec1f_s0,gnn_max,gnn_max / recipe 4aad7661ef / IDs32,liberties,4,0,37,2.0,3,6,1292,0.6374652727912009,0.6125774491651887,0.23046875,73207,38431,34776
20261007T091743118220Z_bf99ec1f_s0,gnn_max,gnn_max / recipe 4aad7661ef / IDs32,liberties,4,0,37,4.0,3,12,2584,0.6349545141657299,0.6083943496111357,0.3359375,73714,40860,32854
20261007T091743118220Z_bf99ec1f_s0,gnn_max,gnn_max / recipe 4aad7661ef / IDs32,liberties,4,0,37,0.5,4,2,323,0.619652257454279,0.5802492641241968,0.00390625,76804,24256,52548
20261007T091743118220Z_bf99ec1f_s0,gnn_max,gnn_max / recipe 4aad7661ef / IDs32,liberties,4,0,37,1.0,4,3,646,0.6565658566540056,0.6280971035931546,0.03125,69350,30419,38931
20261007T091743118220Z_bf99ec1f_s0,gnn_max,gnn_max / recipe 4aad7661ef / IDs32,liberties,4,0,37,2.0,4,6,1292,0.6396888045916674,0.6144757740660844,0.21875,72758,39710,33048
20261007T091743118220Z_bf99ec1f_s0,gnn_max,gnn_max / recipe 4aad7661ef / IDs32,liberties,4,0,37,4.0,4,12,2584,0.6372176634593004,0.6104976763084575,0.32421875,73257,41489,31768
20261007T091743118220Z_bf99ec1f_s0,gnn_max,gnn_max / recipe 4aad7661ef / IDs32,liberties,4,0,37,0.5,5,2,323,0.6170622638425997,0.5782670254016576,0.0,77327,24203,53124
20261007T091743118220Z_bf99ec1f_s0,gnn_max,gnn_max / recipe 4aad7661ef / IDs32,liberties,4,0,37,1.0,5,3,646,0.6616269913980518,0.6315010491109379,0.03125,68328,30214,38114
20261007T091743118220Z_bf99ec1f_s0,gnn_max,gnn_max / recipe 4aad7661ef / IDs32,liberties,4,0,37,2.0,5,6,1292,0.6428185865468897,0.6166607025670552,0.2421875,72126,39380,32746
20261007T091743118220Z_bf99ec1f_s0,gnn_max,gnn_max / recipe 4aad7661ef / IDs32,liberties,4,0,37,4.0,5,12,2584,0.642457076922315,0.615135554032483,0.33203125,72199,41864,30335
20261007T091743118220Z_bf99ec1f_s0,gnn_max,gnn_max / recipe 4aad7661ef / IDs32,liberties,4,0,37,0.5,6,2,323,0.617265303494758,0.5784577760335814,0.0,77286,25225,52061
20261007T091743118220Z_bf99ec1f_s0,gnn_max,gnn_max / recipe 4aad7661ef / IDs32,liberties,4,0,37,1.0,6,3,646,0.6586309184820558,0.6294251619015268,0.03515625,68933,31242,37691
20261007T091743118220Z_bf99ec1f_s0,gnn_max,gnn_max / recipe 4aad7661ef / IDs32,liberties,4,0,37,2.0,6,6,1292,0.6473944070004111,0.6218670125929591,0.26171875,71202,39105,32097
20261007T091743118220Z_bf99ec1f_s0,gnn_max,gnn_max / recipe 4aad7661ef / IDs32,liberties,4,0,37,4.0,6,12,2584,0.6357864815209155,0.6099055111316082,0.34765625,73546,41602,31944
20261007T091743118220Z_bf99ec1f_s0,gnn_max,gnn_max / recipe 4aad7661ef / IDs32,liberties,4,0,37,0.5,7,2,323,0.6168295110706132,0.5780187540263408,0.00390625,77374,24280,53094
20261007T091743118220Z_bf99ec1f_s0,gnn_max,gnn_max / recipe 4aad7661ef / IDs32,liberties,4,0,37,1.0,7,3,646,0.6584427353898114,0.6298884136796495,0.03515625,68971,30605,38366
20261007T091743118220Z_bf99ec1f_s0,gnn_max,gnn_max / recipe 4aad7661ef / IDs32,liberties,4,0,37,2.0,7,6,1292,0.6430018174524962,0.6208029026951757,0.2265625,72089,38795,33294
20261007T091743118220Z_bf99ec1f_s0,gnn_max,gnn_max / recipe 4aad7661ef / IDs32,liberties,4,0,37,4.0,7,12,2584,0.6405257241334912,0.6132706426345712,0.33984375,72589,40814,31775
20261007T092242741488Z_c8c10c8b_s2,rcnn,rcnn / recipe 4aad7661ef / IDs32,liberties,4,2,9,0.5,0,1,15,0.6570017378578615,0.5838559125457603,0.0234375,3750,3291,459
20261007T092242741488Z_c8c10c8b_s2,rcnn,rcnn / recipe 4aad7661ef / IDs32,liberties,4,2,9,1.0,0,1,30,0.8126772157687734,0.7775903922320284,0.22265625,2048,1944,104
20261007T092242741488Z_c8c10c8b_s2,rcnn,rcnn / recipe 4aad7661ef / IDs32,liberties,4,2,9,2.0,0,2,60,0.9386261776273667,0.9274414634004261,0.53515625,671,655,16
20261007T092242741488Z_c8c10c8b_s2,rcnn,rcnn / recipe 4aad7661ef / IDs32,liberties,4,2,9,4.0,0,4,120,0.9891155218146894,0.988239874628554,0.86328125,119,113,6
20261007T092242741488Z_c8c10c8b_s2,rcnn,rcnn / recipe 4aad7661ef / IDs32,liberties,4,2,9,0.5,1,1,15,0.6570932040610994,0.582344667127167,0.01953125,3749,3309,440
20261007T092242741488Z_c8c10c8b_s2,rcnn,rcnn / recipe 4aad7661ef / IDs32,liberties,4,2,9,1.0,1,1,30,0.8117625537363944,0.7754576595213932,0.21484375,2058,1955,103
20261007T092242741488Z_c8c10c8b_s2,rcnn,rcnn / recipe 4aad7661ef / IDs32,liberties,4,2,9,2.0,1,2,60,0.9386261776273667,0.9270026434363455,0.5390625,671,657,14
20261007T092242741488Z_c8c10c8b_s2,rcnn,rcnn / recipe 4aad7661ef / IDs32,liberties,4,2,9,4.0,1,4,120,0.9900301838470685,0.989221644797597,0.87109375,109,102,7
20261007T092242741488Z_c8c10c8b_s2,rcnn,rcnn / recipe 4aad7661ef / IDs32,liberties,4,2,9,0.5,2,1,15,0.6570017378578615,0.5826938690407207,0.01953125,3750,3295,455
20261007T092242741488Z_c8c10c8b_s2,rcnn,rcnn / recipe 4aad7661ef / IDs32,liberties,4,2,9,1.0,2,1,30,0.8106649592975396,0.7746833476909945,0.21875,2070,1967,103
20261007T092242741488Z_c8c10c8b_s2,rcnn,rcnn / recipe 4aad7661ef / IDs32,liberties,4,2,9,2.0,2,2,60,0.9399067044726973,0.929290033760547,0.53125,657,643,14
20261007T092242741488Z_c8c10c8b_s2,rcnn,rcnn / recipe 4aad7661ef / IDs32,liberties,4,2,9,4.0,2,4,120,0.9897557852373547,0.988874217270453,0.86328125,112,103,9
20261007T092242741488Z_c8c10c8b_s2,rcnn,rcnn / recipe 4aad7661ef / IDs32,liberties,4,2,9,0.5,3,1,15,0.6552638799963414,0.5816013517794667,0.02734375,3769,3295,474
20261007T092242741488Z_c8c10c8b_s2,rcnn,rcnn / recipe 4aad7661ef / IDs32,liberties,4,2,9,1.0,3,1,30,0.8084697704198299,0.7729266326400117,0.21484375,2094,1977,117
20261007T092242741488Z_c8c10c8b_s2,rcnn,rcnn / recipe 4aad7661ef / IDs32,liberties,4,2,9,2.0,3,2,60,0.939266441050032,0.9281828611271279,0.5234375,664,648,16
20261007T092242741488Z_c8c10c8b_s2,rcnn,rcnn / recipe 4aad7661ef / IDs32,liberties,4,2,9,4.0,3,4,120,0.9888411232049757,0.9877775781824901,0.859375,122,112,10
20261007T092242741488Z_c8c10c8b_s2,rcnn,rcnn / recipe 4aad7661ef / IDs32,liberties,4,2,9,0.5,4,1,15,0.6557212110125309,0.5814468673861204,0.03125,3764,3302,462
20261007T092242741488Z_c8c10c8b_s2,rcnn,rcnn / recipe 4aad7661ef / IDs32,liberties,4,2,9,1.0,4,1,30,0.809292966248971,0.7730399108242362,0.21875,2085,1978,107
20261007T092242741488Z_c8c10c8b_s2,rcnn,rcnn / recipe 4aad7661ef / IDs32,liberties,4,2,9,2.0,4,2,60,0.938351779017653,0.927408412170291,0.53125,674,658,16
20261007T092242741488Z_c8c10c8b_s2,rcnn,rcnn / recipe 4aad7661ef / IDs32,liberties,4,2,9,4.0,4,4,120,0.9896643190341169,0.9884359612376192,0.86328125,113,107,6
20261007T092242741488Z_c8c10c8b_s2,rcnn,rcnn / recipe 4aad7661ef / IDs32,liberties,4,2,9,0.5,5,1,15,0.6579163998902405,0.5841278165305659,0.0234375,3740,3290,450
20261007T092242741488Z_c8c10c8b_s2,rcnn,rcnn / recipe 4aad7661ef / IDs32,liberties,4,2,9,1.0,5,1,30,0.8106649592975396,0.7760751259929928,0.21484375,2070,1952,118
20261007T092242741488Z_c8c10c8b_s2,rcnn,rcnn / recipe 4aad7661ef / IDs32,liberties,4,2,9,2.0,5,2,60,0.9377115155949877,0.9266665020052305,0.52734375,681,663,18
20261007T092242741488Z_c8c10c8b_s2,rcnn,rcnn / recipe 4aad7661ef / IDs32,liberties,4,2,9,4.0,5,4,120,0.9887496570017379,0.9875751129075787,0.8671875,123,115,8
20261007T092242741488Z_c8c10c8b_s2,rcnn,rcnn / recipe 4aad7661ef / IDs32,liberties,4,2,9,0.5,6,1,15,0.6575505350772889,0.5817165856052027,0.015625,3744,3315,429
20261007T092242741488Z_c8c10c8b_s2,rcnn,rcnn / recipe 4aad7661ef / IDs32,liberties,4,2,9,1.0,6,1,30,0.8110308241104912,0.7746845766125333,0.21875,2066,1956,110
20261007T092242741488Z_c8c10c8b_s2,rcnn,rcnn / recipe 4aad7661ef / IDs32,liberties,4,2,9,2.0,6,2,60,0.9399981706759353,0.9295637831787871,0.5390625,656,641,15
20261007T092242741488Z_c8c10c8b_s2,rcnn,rcnn / recipe 4aad7661ef / IDs32,liberties,4,2,9,4.0,6,4,120,0.9892069880179274,0.9885743396650344,0.87109375,118,103,15
20261007T092242741488Z_c8c10c8b_s2,rcnn,rcnn / recipe 4aad7661ef / IDs32,liberties,4,2,9,0.5,7,1,15,0.6547150827769139,0.5787816654353305,0.01953125,3775,3312,463
20261007T092242741488Z_c8c10c8b_s2,rcnn,rcnn / recipe 4aad7661ef / IDs32,liberties,4,2,9,1.0,7,1,30,0.8090185676392573,0.7741870246778455,0.21484375,2088,1967,121
20261007T092242741488Z_c8c10c8b_s2,rcnn,rcnn / recipe 4aad7661ef / IDs32,liberties,4,2,9,2.0,7,2,60,0.9391749748467941,0.9278521726174558,0.5390625,665,651,14
20261007T092242741488Z_c8c10c8b_s2,rcnn,rcnn / recipe 4aad7661ef / IDs32,liberties,4,2,9,4.0,7,4,120,0.9898472514405927,0.9888015990178988,0.87109375,111,103,8
20261007T092242741488Z_c8c10c8b_s2,rcnn,rcnn / recipe 4aad7661ef / IDs32,liberties,4,2,13,0.5,0,1,35,0.7235796167684713,0.6691887601163125,0.04296875,6607,5394,1213
20261007T092242741488Z_c8c10c8b_s2,rcnn,rcnn / recipe 4aad7661ef / IDs32,liberties,4,2,13,1.0,0,1,70,0.8425654756924107,0.8104943707963433,0.17578125,3763,3403,360
20261007T092242741488Z_c8c10c8b_s2,rcnn,rcnn / recipe 4aad7661ef / IDs32,liberties,4,2,13,2.0,0,2,140,0.9148606811145511,0.8988607403939951,0.5078125,2035,1766,269
20261007T092242741488Z_c8c10c8b_s2,rcnn,rcnn / recipe 4aad7661ef / IDs32,liberties,4,2,13,4.0,0,4,280,0.9333110199983266,0.923221337334722,0.79296875,1594,1309,285
20261007T092242741488Z_c8c10c8b_s2,rcnn,rcnn / recipe 4aad7661ef / IDs32,liberties,4,2,13,0.5,1,1,35,0.7166764287507321,0.6620353878062749,0.02734375,6772,5502,1270
20261007T092242741488Z_c8c10c8b_s2,rcnn,rcnn / recipe 4aad7661ef / IDs32,liberties,4,2,13,1.0,1,1,70,0.8342816500711238,0.8013372220935642,0.1796875,3961,3520,441
20261007T092242741488Z_c8c10c8b_s2,rcnn,rcnn / recipe 4aad7661ef / IDs32,liberties,4,2,13,2.0,1,2,140,0.9098820182411513,0.8957897026216773,0.51953125,2154,1801,353
20261007T092242741488Z_c8c10c8b_s2,rcnn,rcnn / recipe 4aad7661ef / IDs32,liberties,4,2,13,4.0,1,4,280,0.9311354698351603,0.9223276074925446,0.7734375,1646,1304,342
20261007T092242741488Z_c8c10c8b_s2,rcnn,rcnn / recipe 4aad7661ef / IDs32,liberties,4,2,13,0.5,2,1,35,0.7190611664295875,0.6632971369425626,0.04296875,6715,5484,1231
20261007T092242741488Z_c8c10c8b_s2,rcnn,rcnn / recipe 4aad7661ef / IDs32,liberties,4,2,13,1.0,2,1,70,0.8412685130951385,0.8080872790160778,0.16796875,3794,3414,380
20261007T092242741488Z_c8c10c8b_s2,rcnn,rcnn / recipe 4aad7661ef / IDs32,liberties,4,2,13,2.0,2,2,140,0.9131871809890386,0.8984948197547902,0.4921875,2075,1761,314
20261007T092242741488Z_c8c10c8b_s2,rcnn,rcnn / recipe 4aad7661ef / IDs32,liberties,4,2,13,4.0,2,4,280,0.9346498200987365,0.926283856370869,0.7734375,1562,1248,314
20261007T092242741488Z_c8c10c8b_s2,rcnn,rcnn / recipe 4aad7661ef / IDs32,liberties,4,2,13,0.5,3,1,35,0.7286001171450088,0.6739715358451265,0.046875,6487,5262,1225
20261007T092242741488Z_c8c10c8b_s2,rcnn,rcnn / recipe 4aad7661ef / IDs32,liberties,4,2,13,1.0,3,1,70,0.8524809639360723,0.8187528395346519,0.19140625,3526,3232,294
20261007T092242741488Z_c8c10c8b_s2,rcnn,rcnn / recipe 4aad7661ef / IDs32,liberties,4,2,13,2.0,3,2,140,0.9202158815161912,0.9034573440143419,0.50390625,1907,1637,270
20261007T092242741488Z_c8c10c8b_s2,rcnn,rcnn / recipe 4aad7661ef / IDs32,liberties,4,2,13,4.0,3,4,280,0.939670320475274,0.931254708307749,0.796875,1442,1189,253
20261007T092242741488Z_c8c10c8b_s2,rcnn,rcnn / recipe 4aad7661ef / IDs32,liberties,4,2,13,0.5,4,1,35,0.7204836415362731,0.6653575291849209,0.04296875,6681,5442,1239
20261007T092242741488Z_c8c10c8b_s2,rcnn,rcnn / recipe 4aad7661ef / IDs32,liberties,4,2,13,1.0,4,1,70,0.8373776253033219,0.8047143752128191,0.1875,3887,3529,358
20261007T092242741488Z_c8c10c8b_s2,rcnn,rcnn / recipe 4aad7661ef / IDs32,liberties,4,2,13,2.0,4,2,140,0.9052380553928542,0.8873399713884632,0.49609375,2265,1955,310
20261007T092242741488Z_c8c10c8b_s2,rcnn,rcnn / recipe 4aad7661ef / IDs32,liberties,4,2,13,4.0,4,4,280,0.9257384319303824,0.9126203261925705,0.7734375,1775,1481,294
20261007T092242741488Z_c8c10c8b_s2,rcnn,rcnn / recipe 4aad7661ef / IDs32,liberties,4,2,13,0.5,5,1,35,0.721404066605305,0.6668282669407722,0.04296875,6659,5407,1252
20261007T092242741488Z_c8c10c8b_s2,rcnn,rcnn / recipe 4aad7661ef / IDs32,liberties,4,2,13,1.0,5,1,70,0.8418542381390679,0.8074843281495112,0.18359375,3780,3430,350
20261007T092242741488Z_c8c10c8b_s2,rcnn,rcnn / recipe 4aad7661ef / IDs32,liberties,4,2,13,2.0,5,2,140,0.9162831562212367,0.9003892737254077,0.4921875,2001,1722,279
20261007T092242741488Z_c8c10c8b_s2,rcnn,rcnn / recipe 4aad7661ef / IDs32,liberties,4,2,13,4.0,5,4,280,0.9360304577022843,0.9258746476113234,0.79296875,1529,1255,274
20261007T092242741488Z_c8c10c8b_s2,rcnn,rcnn / recipe 4aad7661ef / IDs32,liberties,4,2,13,0.5,6,1,35,0.7195213789641034,0.6647423399079139,0.0390625,6704,5483,1221
20261007T092242741488Z_c8c10c8b_s2,rcnn,rcnn / recipe 4aad7661ef / IDs32,liberties,4,2,13,1.0,6,1,70,0.8318550748891306,0.7982478897949414,0.16796875,4019,3644,375
20261007T092242741488Z_c8c10c8b_s2,rcnn,rcnn / recipe 4aad7661ef / IDs32,liberties,4,2,13,2.0,6,2,140,0.9010124675759351,0.884877190388856,0.5078125,2366,2065,301
20261007T092242741488Z_c8c10c8b_s2,rcnn,rcnn / recipe 4aad7661ef / IDs32,liberties,4,2,13,4.0,6,4,280,0.9190862689314702,0.907070490180222,0.77734375,1934,1660,274
20261007T092242741488Z_c8c10c8b_s2,rcnn,rcnn / recipe 4aad7661ef / IDs32,liberties,4,2,13,0.5,7,1,35,0.7219897916492344,0.6685019148185422,0.0390625,6645,5408,1237
20261007T092242741488Z_c8c10c8b_s2,rcnn,rcnn / recipe 4aad7661ef / IDs32,liberties,4,2,13,1.0,7,1,70,0.8407664630574847,0.8083369747776045,0.1640625,3806,3369,437
20261007T092242741488Z_c8c10c8b_s2,rcnn,rcnn / recipe 4aad7661ef / IDs32,liberties,4,2,13,2.0,7,2,140,0.9108024433101832,0.896070311908913,0.49609375,2132,1750,382
20261007T092242741488Z_c8c10c8b_s2,rcnn,rcnn / recipe 4aad7661ef / IDs32,liberties,4,2,13,4.0,7,4,280,0.930968119822609,0.9228422668988928,0.77734375,1650,1292,358
20261007T092242741488Z_c8c10c8b_s2,rcnn,rcnn / recipe 4aad7661ef / IDs32,liberties,4,2,19,0.5,0,1,80,0.681369115641243,0.6207112035175901,0.00390625,17287,13803,3484
20261007T092242741488Z_c8c10c8b_s2,rcnn,rcnn / recipe 4aad7661ef / IDs32,liberties,4,2,19,1.0,0,1,160,0.7520551480075202,0.7098567554199842,0.09765625,13452,10783,2669
20261007T092242741488Z_c8c10c8b_s2,rcnn,rcnn / recipe 4aad7661ef / IDs32,liberties,4,2,19,2.0,0,2,320,0.7762008331182955,0.742904556949642,0.453125,12142,9434,2708
20261007T092242741488Z_c8c10c8b_s2,rcnn,rcnn / recipe 4aad7661ef / IDs32,liberties,4,2,19,4.0,0,4,640,0.7826335385409371,0.7527282148248913,0.57421875,11793,9072,2721
20261007T092242741488Z_c8c10c8b_s2,rcnn,rcnn / recipe 4aad7661ef / IDs32,liberties,4,2,19,0.5,1,1,80,0.6796918199579755,0.6182211536022345,0.00390625,17378,13961,3417
20261007T092242741488Z_c8c10c8b_s2,rcnn,rcnn / recipe 4aad7661ef / IDs32,liberties,4,2,19,1.0,1,1,160,0.7471154200611937,0.7071644531707518,0.09765625,13720,10733,2987
20261007T092242741488Z_c8c10c8b_s2,rcnn,rcnn / recipe 4aad7661ef / IDs32,liberties,4,2,19,2.0,1,2,320,0.7732333099863604,0.7410395294459458,0.44921875,12303,9499,2804
20261007T092242741488Z_c8c10c8b_s2,rcnn,rcnn / recipe 4aad7661ef / IDs32,liberties,4,2,19,4.0,1,4,640,0.7794816972020496,0.7502645414735575,0.5703125,11964,9114,2850
20261007T092242741488Z_c8c10c8b_s2,rcnn,rcnn / recipe 4aad7661ef / IDs32,liberties,4,2,19,0.5,2,1,80,0.682475024882958,0.6229986555004171,0.0078125,17227,13739,3488
20261007T092242741488Z_c8c10c8b_s2,rcnn,rcnn / recipe 4aad7661ef / IDs32,liberties,4,2,19,1.0,2,1,160,0.7463412835919933,0.7053393872046677,0.1171875,13762,10887,2875
20261007T092242741488Z_c8c10c8b_s2,rcnn,rcnn / recipe 4aad7661ef / IDs32,liberties,4,2,19,2.0,2,2,320,0.7723670144136838,0.7397918900096018,0.45703125,12350,9485,2865
20261007T092242741488Z_c8c10c8b_s2,rcnn,rcnn / recipe 4aad7661ef / IDs32,liberties,4,2,19,4.0,2,4,640,0.7773804696427913,0.7471087508627064,0.578125,12078,9284,2794
20261007T092242741488Z_c8c10c8b_s2,rcnn,rcnn / recipe 4aad7661ef / IDs32,liberties,4,2,19,0.5,3,1,80,0.6785306152541748,0.617424185692401,0.00390625,17441,14056,3385
20261007T092242741488Z_c8c10c8b_s2,rcnn,rcnn / recipe 4aad7661ef / IDs32,liberties,4,2,19,1.0,3,1,160,0.7471154200611937,0.7061043785472011,0.10546875,13720,10803,2917
20261007T092242741488Z_c8c10c8b_s2,rcnn,rcnn / recipe 4aad7661ef / IDs32,liberties,4,2,19,2.0,3,2,320,0.7744682419729421,0.7432552346347828,0.4609375,12236,9305,2931
20261007T092242741488Z_c8c10c8b_s2,rcnn,rcnn / recipe 4aad7661ef / IDs32,liberties,4,2,19,4.0,3,4,640,0.7806429019058503,0.751934486414876,0.5625,11901,9018,2883
20261007T092242741488Z_c8c10c8b_s2,rcnn,rcnn / recipe 4aad7661ef / IDs32,liberties,4,2,19,0.5,4,1,80,0.678991410771556,0.6173792871257622,0.00390625,17416,14133,3283
20261007T092242741488Z_c8c10c8b_s2,rcnn,rcnn / recipe 4aad7661ef / IDs32,liberties,4,2,19,1.0,4,1,160,0.7474287610130128,0.7053667428912935,0.11328125,13703,10854,2849
20261007T092242741488Z_c8c10c8b_s2,rcnn,rcnn / recipe 4aad7661ef / IDs32,liberties,4,2,19,2.0,4,2,320,0.772532900799941,0.7401086867371396,0.4765625,12341,9529,2812
20261007T092242741488Z_c8c10c8b_s2,rcnn,rcnn / recipe 4aad7661ef / IDs32,liberties,4,2,19,4.0,4,4,640,0.780550742802374,0.7506616191943715,0.58203125,11906,9153,2753
20261007T092242741488Z_c8c10c8b_s2,rcnn,rcnn / recipe 4aad7661ef / IDs32,liberties,4,2,19,0.5,5,1,80,0.6823091384967007,0.6223322445828802,0.0,17236,13837,3399
20261007T092242741488Z_c8c10c8b_s2,rcnn,rcnn / recipe 4aad7661ef / IDs32,liberties,4,2,19,1.0,5,1,160,0.7483872156891658,0.7078138011100864,0.11328125,13651,10764,2887
20261007T092242741488Z_c8c10c8b_s2,rcnn,rcnn / recipe 4aad7661ef / IDs32,liberties,4,2,19,2.0,5,2,320,0.7722011280274266,0.7399113954677482,0.46875,12359,9475,2884
20261007T092242741488Z_c8c10c8b_s2,rcnn,rcnn / recipe 4aad7661ef / IDs32,liberties,4,2,19,4.0,5,4,640,0.7773989014634866,0.7469029095441375,0.57421875,12077,9285,2792
20261007T092242741488Z_c8c10c8b_s2,rcnn,rcnn / recipe 4aad7661ef / IDs32,liberties,4,2,19,0.5,6,1,80,0.6810926383308143,0.6198115614360749,0.00390625,17302,13992,3310
20261007T092242741488Z_c8c10c8b_s2,rcnn,rcnn / recipe 4aad7661ef / IDs32,liberties,4,2,19,1.0,6,1,160,0.7473550337302318,0.7056096600420136,0.11328125,13707,10863,2844
20261007T092242741488Z_c8c10c8b_s2,rcnn,rcnn / recipe 4aad7661ef / IDs32,liberties,4,2,19,2.0,6,2,320,0.775795333063,0.7441570293499451,0.4609375,12164,9341,2823
20261007T092242741488Z_c8c10c8b_s2,rcnn,rcnn / recipe 4aad7661ef / IDs32,liberties,4,2,19,4.0,6,4,640,0.7798687654366498,0.7502121930283344,0.56640625,11943,9165,2778
20261007T092242741488Z_c8c10c8b_s2,rcnn,rcnn / recipe 4aad7661ef / IDs32,liberties,4,2,19,0.5,7,1,80,0.681811479337929,0.6210108256682905,0.0,17263,13915,3348
20261007T092242741488Z_c8c10c8b_s2,rcnn,rcnn / recipe 4aad7661ef / IDs32,liberties,4,2,19,1.0,7,1,160,0.7468205109300696,0.7050140451776283,0.1171875,13736,10853,2883
20261007T092242741488Z_c8c10c8b_s2,rcnn,rcnn / recipe 4aad7661ef / IDs32,liberties,4,2,19,2.0,7,2,320,0.7731042872414937,0.7405426360700998,0.4609375,12310,9412,2898
20261007T092242741488Z_c8c10c8b_s2,rcnn,rcnn / recipe 4aad7661ef / IDs32,liberties,4,2,19,4.0,7,4,640,0.7774357651048771,0.746654248336426,0.56640625,12075,9182,2893
20261007T092242741488Z_c8c10c8b_s2,rcnn,rcnn / recipe 4aad7661ef / IDs32,liberties,4,2,25,0.5,0,1,143,0.6376958379490426,0.5814042406913956,0.00390625,34341,26755,7586
20261007T092242741488Z_c8c10c8b_s2,rcnn,rcnn / recipe 4aad7661ef / IDs32,liberties,4,2,25,1.0,0,1,286,0.6940338661180566,0.6525372810089689,0.08203125,29001,21873,7128
20261007T092242741488Z_c8c10c8b_s2,rcnn,rcnn / recipe 4aad7661ef / IDs32,liberties,4,2,25,2.0,0,2,572,0.7123701007543388,0.6777752883465606,0.38671875,27263,19788,7475
20261007T092242741488Z_c8c10c8b_s2,rcnn,rcnn / recipe 4aad7661ef / IDs32,liberties,4,2,25,4.0,0,4,1144,0.7163264229572189,0.6820349461692206,0.4453125,26888,19392,7496
20261007T092242741488Z_c8c10c8b_s2,rcnn,rcnn / recipe 4aad7661ef / IDs32,liberties,4,2,25,0.5,1,1,143,0.6384554518119956,0.5832475185945594,0.00390625,34269,26921,7348
20261007T092242741488Z_c8c10c8b_s2,rcnn,rcnn / recipe 4aad7661ef / IDs32,liberties,4,2,25,1.0,1,1,286,0.6885477659967294,0.6477413752446135,0.05859375,29521,22061,7460
20261007T092242741488Z_c8c10c8b_s2,rcnn,rcnn / recipe 4aad7661ef / IDs32,liberties,4,2,25,2.0,1,2,572,0.7112201297673683,0.6773094641194632,0.3828125,27372,19640,7732
20261007T092242741488Z_c8c10c8b_s2,rcnn,rcnn / recipe 4aad7661ef / IDs32,liberties,4,2,25,4.0,1,4,1144,0.717033285857467,0.6836517943885105,0.44921875,26821,19682,7139
20261007T092242741488Z_c8c10c8b_s2,rcnn,rcnn / recipe 4aad7661ef / IDs32,liberties,4,2,25,0.5,2,1,143,0.6401751331961808,0.5832961340809307,0.00390625,34106,26764,7342
20261007T092242741488Z_c8c10c8b_s2,rcnn,rcnn / recipe 4aad7661ef / IDs32,liberties,4,2,25,1.0,2,1,286,0.6903307485361608,0.6494910997162007,0.07421875,29352,21931,7421
20261007T092242741488Z_c8c10c8b_s2,rcnn,rcnn / recipe 4aad7661ef / IDs32,liberties,4,2,25,2.0,2,2,572,0.7149337975418051,0.6796776510445213,0.3828125,27020,19783,7237
20261007T092242741488Z_c8c10c8b_s2,rcnn,rcnn / recipe 4aad7661ef / IDs32,liberties,4,2,25,4.0,2,4,1144,0.7196180830300153,0.6859558373203627,0.4453125,26576,19535,7041
20261007T092242741488Z_c8c10c8b_s2,rcnn,rcnn / recipe 4aad7661ef / IDs32,liberties,4,2,25,0.5,3,1,143,0.6379806931476499,0.5821575853801255,0.00390625,34314,27167,7147
20261007T092242741488Z_c8c10c8b_s2,rcnn,rcnn / recipe 4aad7661ef / IDs32,liberties,4,2,25,1.0,3,1,286,0.6899614917972253,0.6488567541812972,0.0625,29387,22349,7038
20261007T092242741488Z_c8c10c8b_s2,rcnn,rcnn / recipe 4aad7661ef / IDs32,liberties,4,2,25,2.0,3,2,572,0.7115260853510577,0.6785761731563296,0.375,27343,19904,7439
20261007T092242741488Z_c8c10c8b_s2,rcnn,rcnn / recipe 4aad7661ef / IDs32,liberties,4,2,25,4.0,3,4,1144,0.7188162683968983,0.6851973672867974,0.43359375,26652,19490,7162
20261007T092242741488Z_c8c10c8b_s2,rcnn,rcnn / recipe 4aad7661ef / IDs32,liberties,4,2,25,0.5,4,1,143,0.6406498918605265,0.5852661241794512,0.00390625,34061,26768,7293
20261007T092242741488Z_c8c10c8b_s2,rcnn,rcnn / recipe 4aad7661ef / IDs32,liberties,4,2,25,1.0,4,1,286,0.6932004009073166,0.6533079937244214,0.08203125,29080,21995,7085
20261007T092242741488Z_c8c10c8b_s2,rcnn,rcnn / recipe 4aad7661ef / IDs32,liberties,4,2,25,2.0,4,2,572,0.7150709500448383,0.6826007762987143,0.3984375,27007,19728,7279
20261007T092242741488Z_c8c10c8b_s2,rcnn,rcnn / recipe 4aad7661ef / IDs32,liberties,4,2,25,4.0,4,4,1144,0.7185103128132089,0.686012482346614,0.45703125,26681,19605,7076
20261007T092242741488Z_c8c10c8b_s2,rcnn,rcnn / recipe 4aad7661ef / IDs32,liberties,4,2,25,0.5,5,1,143,0.6376430869863375,0.5823184058434795,0.00390625,34346,27082,7264
20261007T092242741488Z_c8c10c8b_s2,rcnn,rcnn / recipe 4aad7661ef / IDs32,liberties,4,2,25,1.0,5,1,286,0.6916917233739516,0.6502354527095322,0.07421875,29223,21918,7305
20261007T092242741488Z_c8c10c8b_s2,rcnn,rcnn / recipe 4aad7661ef / IDs32,liberties,4,2,25,2.0,5,2,572,0.714849396001477,0.6806172464459689,0.37890625,27028,19504,7524
20261007T092242741488Z_c8c10c8b_s2,rcnn,rcnn / recipe 4aad7661ef / IDs32,liberties,4,2,25,4.0,5,4,1144,0.7174447433665665,0.6855106906969368,0.4375,26782,19173,7609
20261007T092242741488Z_c8c10c8b_s2,rcnn,rcnn / recipe 4aad7661ef / IDs32,liberties,4,2,25,0.5,6,1,143,0.6379173919924038,0.5827810112659798,0.00390625,34320,26937,7383
20261007T092242741488Z_c8c10c8b_s2,rcnn,rcnn / recipe 4aad7661ef / IDs32,liberties,4,2,25,1.0,6,1,286,0.6923458353114944,0.6529081416807725,0.08203125,29161,22032,7129
20261007T092242741488Z_c8c10c8b_s2,rcnn,rcnn / recipe 4aad7661ef / IDs32,liberties,4,2,25,2.0,6,2,572,0.7169172337395158,0.6827991156041318,0.375,26832,19805,7027
20261007T092242741488Z_c8c10c8b_s2,rcnn,rcnn / recipe 4aad7661ef / IDs32,liberties,4,2,25,4.0,6,4,1144,0.7206942026691987,0.6871400062299742,0.44140625,26474,19535,6939
20261007T092242741488Z_c8c10c8b_s2,rcnn,rcnn / recipe 4aad7661ef / IDs32,liberties,4,2,25,0.5,7,1,143,0.6356280002110039,0.5794573745237279,0.00390625,34537,27140,7397
20261007T092242741488Z_c8c10c8b_s2,rcnn,rcnn / recipe 4aad7661ef / IDs32,liberties,4,2,25,1.0,7,1,286,0.693538007068629,0.6535651940847597,0.078125,29048,21627,7421
20261007T092242741488Z_c8c10c8b_s2,rcnn,rcnn / recipe 4aad7661ef / IDs32,liberties,4,2,25,2.0,7,2,572,0.7169383341245977,0.6844164318346719,0.390625,26830,19348,7482
20261007T092242741488Z_c8c10c8b_s2,rcnn,rcnn / recipe 4aad7661ef / IDs32,liberties,4,2,25,4.0,7,4,1144,0.7226881890594503,0.6910587206184964,0.4609375,26285,19146,7139
20261007T092242741488Z_c8c10c8b_s2,rcnn,rcnn / recipe 4aad7661ef / IDs32,liberties,4,2,37,0.5,0,2,323,0.6417934839128218,0.5799408890833524,0.01953125,72333,52936,19397
20261007T092242741488Z_c8c10c8b_s2,rcnn,rcnn / recipe 4aad7661ef / IDs32,liberties,4,2,37,1.0,0,3,646,0.6850954038755812,0.6454628506447406,0.09375,63589,43251,20338
20261007T092242741488Z_c8c10c8b_s2,rcnn,rcnn / recipe 4aad7661ef / IDs32,liberties,4,2,37,2.0,0,6,1292,0.6925137794593202,0.6571406303845859,0.390625,62091,41757,20334
20261007T092242741488Z_c8c10c8b_s2,rcnn,rcnn / recipe 4aad7661ef / IDs32,liberties,4,2,37,4.0,0,12,2584,0.6896712243291026,0.6544939042623139,0.41796875,62665,42200,20465
20261007T092242741488Z_c8c10c8b_s2,rcnn,rcnn / recipe 4aad7661ef / IDs32,liberties,4,2,37,0.5,1,2,323,0.6473003154542888,0.5856998567274472,0.01953125,71221,51930,19291
20261007T092242741488Z_c8c10c8b_s2,rcnn,rcnn / recipe 4aad7661ef / IDs32,liberties,4,2,37,1.0,1,3,646,0.6870911350906993,0.6465041462396469,0.09375,63186,43080,20106
20261007T092242741488Z_c8c10c8b_s2,rcnn,rcnn / recipe 4aad7661ef / IDs32,liberties,4,2,37,2.0,1,6,1292,0.6979215672680272,0.6602594607311578,0.390625,60999,41320,19679
20261007T092242741488Z_c8c10c8b_s2,rcnn,rcnn / recipe 4aad7661ef / IDs32,liberties,4,2,37,4.0,1,12,2584,0.6990556180081315,0.6630745160253693,0.4140625,60770,41398,19372
20261007T092242741488Z_c8c10c8b_s2,rcnn,rcnn / recipe 4aad7661ef / IDs32,liberties,4,2,37,0.5,2,2,323,0.6432642833443106,0.5819994666760484,0.015625,72036,53223,18813
20261007T092242741488Z_c8c10c8b_s2,rcnn,rcnn / recipe 4aad7661ef / IDs32,liberties,4,2,37,1.0,2,3,646,0.6911370715739534,0.6504899371957997,0.09765625,62369,42915,19454
20261007T092242741488Z_c8c10c8b_s2,rcnn,rcnn / recipe 4aad7661ef / IDs32,liberties,4,2,37,2.0,2,6,1292,0.6982583159594119,0.6617296511321813,0.390625,60931,41359,19572
20261007T092242741488Z_c8c10c8b_s2,rcnn,rcnn / recipe 4aad7661ef / IDs32,liberties,4,2,37,4.0,2,12,2584,0.7046664454689968,0.6676355739995711,0.41796875,59637,40819,18818
20261007T092242741488Z_c8c10c8b_s2,rcnn,rcnn / recipe 4aad7661ef / IDs32,liberties,4,2,37,0.5,3,2,323,0.6441309160059624,0.5827997406608048,0.01953125,71861,52791,19070
20261007T092242741488Z_c8c10c8b_s2,rcnn,rcnn / recipe 4aad7661ef / IDs32,liberties,4,2,37,1.0,3,3,646,0.6877992977799348,0.6474480028687606,0.109375,63043,43190,19853
20261007T092242741488Z_c8c10c8b_s2,rcnn,rcnn / recipe 4aad7661ef / IDs32,liberties,4,2,37,2.0,3,6,1292,0.6959258360529091,0.6608343598718994,0.390625,61402,41449,19953
20261007T092242741488Z_c8c10c8b_s2,rcnn,rcnn / recipe 4aad7661ef / IDs32,liberties,4,2,37,4.0,3,12,2584,0.7019031253249872,0.6659975753329779,0.4296875,60195,40676,19519
20261007T092242741488Z_c8c10c8b_s2,rcnn,rcnn / recipe 4aad7661ef / IDs32,liberties,4,2,37,0.5,4,2,323,0.6436208407822473,0.5813816168158106,0.01953125,71964,52976,18988
20261007T092242741488Z_c8c10c8b_s2,rcnn,rcnn / recipe 4aad7661ef / IDs32,liberties,4,2,37,1.0,4,3,646,0.6871901788234595,0.6466818248259237,0.1015625,63166,42928,20238
20261007T092242741488Z_c8c10c8b_s2,rcnn,rcnn / recipe 4aad7661ef / IDs32,liberties,4,2,37,2.0,4,6,1292,0.7002193818680639,0.664994707275498,0.40234375,60535,41327,19208
20261007T092242741488Z_c8c10c8b_s2,rcnn,rcnn / recipe 4aad7661ef / IDs32,liberties,4,2,37,4.0,4,12,2584,0.6995310279253805,0.6645080546005298,0.4296875,60674,42121,18553
20261007T092242741488Z_c8c10c8b_s2,rcnn,rcnn / recipe 4aad7661ef / IDs32,liberties,4,2,37,0.5,5,2,323,0.6444528081374331,0.5829963001890808,0.015625,71796,52586,19210
20261007T092242741488Z_c8c10c8b_s2,rcnn,rcnn / recipe 4aad7661ef / IDs32,liberties,4,2,37,1.0,5,3,646,0.6867246732794866,0.6473733862657594,0.08203125,63260,43549,19711
20261007T092242741488Z_c8c10c8b_s2,rcnn,rcnn / recipe 4aad7661ef / IDs32,liberties,4,2,37,2.0,5,6,1292,0.6957128920274748,0.6601025095352475,0.39453125,61445,41211,20234
20261007T092242741488Z_c8c10c8b_s2,rcnn,rcnn / recipe 4aad7661ef / IDs32,liberties,4,2,37,4.0,5,12,2584,0.6967825643412849,0.6608437173565362,0.421875,61229,41551,19678
20261007T092242741488Z_c8c10c8b_s2,rcnn,rcnn / recipe 4aad7661ef / IDs32,liberties,4,2,37,0.5,6,2,323,0.6430711480654283,0.5805044041916906,0.01953125,72075,52378,19697
20261007T092242741488Z_c8c10c8b_s2,rcnn,rcnn / recipe 4aad7661ef / IDs32,liberties,4,2,37,1.0,6,3,646,0.6870366610376812,0.6470850024112105,0.10546875,63197,42883,20314
20261007T092242741488Z_c8c10c8b_s2,rcnn,rcnn / recipe 4aad7661ef / IDs32,liberties,4,2,37,2.0,6,6,1292,0.6915778161847363,0.657139027984248,0.3828125,62280,41543,20737
20261007T092242741488Z_c8c10c8b_s2,rcnn,rcnn / recipe 4aad7661ef / IDs32,liberties,4,2,37,4.0,6,12,2584,0.6943758016352121,0.6590069015047392,0.41796875,61715,41806,19909
20261007T092242741488Z_c8c10c8b_s2,rcnn,rcnn / recipe 4aad7661ef / IDs32,liberties,4,2,37,0.5,7,2,323,0.6440516810197543,0.5814751666912865,0.01953125,71877,52452,19425
20261007T092242741488Z_c8c10c8b_s2,rcnn,rcnn / recipe 4aad7661ef / IDs32,liberties,4,2,37,1.0,7,3,646,0.6872397006898396,0.6460181565800732,0.09375,63156,42816,20340
20261007T092242741488Z_c8c10c8b_s2,rcnn,rcnn / recipe 4aad7661ef / IDs32,liberties,4,2,37,2.0,7,6,1292,0.698827817422783,0.6607796364148988,0.3828125,60816,41261,19555
20261007T092242741488Z_c8c10c8b_s2,rcnn,rcnn / recipe 4aad7661ef / IDs32,liberties,4,2,37,4.0,7,12,2584,0.6938261089183929,0.6579954473246672,0.40234375,61826,42053,19773
20261007T093139712033Z_c6ebf97a_s2,gnn_sum,gnn_sum / recipe 4aad7661ef / IDs32,liberties,4,2,9,0.5,0,1,15,0.5278514588859416,0.49949082232696346,0.0,5162,2741,2421
20261007T093139712033Z_c6ebf97a_s2,gnn_sum,gnn_sum / recipe 4aad7661ef / IDs32,liberties,4,2,9,1.0,0,1,30,0.6706302021403091,0.6630503843992341,0.0078125,3601,2066,1535
20261007T093139712033Z_c6ebf97a_s2,gnn_sum,gnn_sum / recipe 4aad7661ef / IDs32,liberties,4,2,9,2.0,0,2,60,0.8169761273209549,0.8236435116531611,0.19140625,2001,994,1007
20261007T093139712033Z_c6ebf97a_s2,gnn_sum,gnn_sum / recipe 4aad7661ef / IDs32,liberties,4,2,9,4.0,0,4,120,0.9159425592243666,0.9260262619871857,0.546875,919,284,635
20261007T093139712033Z_c6ebf97a_s2,gnn_sum,gnn_sum / recipe 4aad7661ef / IDs32,liberties,4,2,9,0.5,1,1,15,0.5301381139668893,0.5016535473382557,0.0,5137,2755,2382
20261007T093139712033Z_c6ebf97a_s2,gnn_sum,gnn_sum / recipe 4aad7661ef / IDs32,liberties,4,2,9,1.0,1,1,30,0.6753864447086801,0.6691269398443941,0.015625,3549,2048,1501
20261007T093139712033Z_c6ebf97a_s2,gnn_sum,gnn_sum / recipe 4aad7661ef / IDs32,liberties,4,2,9,2.0,1,2,60,0.8146894722400073,0.8214352203941659,0.1796875,2026,1017,1009
20261007T093139712033Z_c6ebf97a_s2,gnn_sum,gnn_sum / recipe 4aad7661ef / IDs32,liberties,4,2,9,4.0,1,4,120,0.9170401536632214,0.9270139479498734,0.55078125,907,284,623
20261007T093139712033Z_c6ebf97a_s2,gnn_sum,gnn_sum / recipe 4aad7661ef / IDs32,liberties,4,2,9,0.5,2,1,15,0.5292234519345101,0.4993248290776004,0.0,5147,2765,2382
20261007T093139712033Z_c6ebf97a_s2,gnn_sum,gnn_sum / recipe 4aad7661ef / IDs32,liberties,4,2,9,1.0,2,1,30,0.6739229854568737,0.6666265702539615,0.01171875,3565,2052,1513
20261007T093139712033Z_c6ebf97a_s2,gnn_sum,gnn_sum / recipe 4aad7661ef / IDs32,liberties,4,2,9,2.0,2,2,60,0.8151468032561968,0.8206194454539957,0.1875,2021,1026,995
20261007T093139712033Z_c6ebf97a_s2,gnn_sum,gnn_sum / recipe 4aad7661ef / IDs32,liberties,4,2,9,4.0,2,4,120,0.9204244031830239,0.9288904650122465,0.5703125,870,277,593
20261007T093139712033Z_c6ebf97a_s2,gnn_sum,gnn_sum / recipe 4aad7661ef / IDs32,liberties,4,2,9,0.5,3,1,15,0.5287661209183206,0.49945238428118804,0.0,5152,2747,2405
20261007T093139712033Z_c6ebf97a_s2,gnn_sum,gnn_sum / recipe 4aad7661ef / IDs32,liberties,4,2,9,1.0,3,1,30,0.673557120643922,0.66624066858726,0.015625,3569,2056,1513
20261007T093139712033Z_c6ebf97a_s2,gnn_sum,gnn_sum / recipe 4aad7661ef / IDs32,liberties,4,2,9,2.0,3,2,60,0.8143236074270557,0.8204815083915253,0.19140625,2030,1035,995
20261007T093139712033Z_c6ebf97a_s2,gnn_sum,gnn_sum / recipe 4aad7661ef / IDs32,liberties,4,2,9,4.0,3,4,120,0.9191438763376932,0.9288427688150512,0.55859375,884,276,608
20261007T093139712033Z_c6ebf97a_s2,gnn_sum,gnn_sum / recipe 4aad7661ef / IDs32,liberties,4,2,9,0.5,4,1,15,0.5301381139668893,0.5008978199851526,0.0,5137,2751,2386
20261007T093139712033Z_c6ebf97a_s2,gnn_sum,gnn_sum / recipe 4aad7661ef / IDs32,liberties,4,2,9,1.0,4,1,30,0.6730083234244947,0.6673255256277015,0.01171875,3575,2037,1538
20261007T093139712033Z_c6ebf97a_s2,gnn_sum,gnn_sum / recipe 4aad7661ef / IDs32,liberties,4,2,9,2.0,4,2,60,0.8134089453946767,0.8207897441817817,0.18359375,2040,1004,1036
20261007T093139712033Z_c6ebf97a_s2,gnn_sum,gnn_sum / recipe 4aad7661ef / IDs32,liberties,4,2,9,4.0,4,4,120,0.9163084240373182,0.9261388379995754,0.546875,915,291,624
20261007T093139712033Z_c6ebf97a_s2,gnn_sum,gnn_sum / recipe 4aad7661ef / IDs32,liberties,4,2,9,0.5,5,1,15,0.5297722491539376,0.500447677831261,0.0,5141,2758,2383
20261007T093139712033Z_c6ebf97a_s2,gnn_sum,gnn_sum / recipe 4aad7661ef / IDs32,liberties,4,2,9,1.0,5,1,30,0.6752035123022043,0.6699593681684864,0.01171875,3551,2021,1530
20261007T093139712033Z_c6ebf97a_s2,gnn_sum,gnn_sum / recipe 4aad7661ef / IDs32,liberties,4,2,9,2.0,5,2,60,0.8158785328821001,0.8231581470635467,0.1796875,2013,1006,1007
20261007T093139712033Z_c6ebf97a_s2,gnn_sum,gnn_sum / recipe 4aad7661ef / IDs32,liberties,4,2,9,4.0,5,4,120,0.9199670721668344,0.929546758340307,0.546875,875,286,589
20261007T093139712033Z_c6ebf97a_s2,gnn_sum,gnn_sum / recipe 4aad7661ef / IDs32,liberties,4,2,9,0.5,6,1,15,0.5319674380316473,0.5047300059240661,0.0,5117,2725,2392
20261007T093139712033Z_c6ebf97a_s2,gnn_sum,gnn_sum / recipe 4aad7661ef / IDs32,liberties,4,2,9,1.0,6,1,30,0.6747461812860148,0.667276145698037,0.01171875,3556,2043,1513
20261007T093139712033Z_c6ebf97a_s2,gnn_sum,gnn_sum / recipe 4aad7661ef / IDs32,liberties,4,2,9,2.0,6,2,60,0.812128418549346,0.818338623502727,0.171875,2054,1016,1038
20261007T093139712033Z_c6ebf97a_s2,gnn_sum,gnn_sum / recipe 4aad7661ef / IDs32,liberties,4,2,9,4.0,6,4,120,0.9205158693862617,0.9282377069846304,0.55078125,869,275,594
20261007T093139712033Z_c6ebf97a_s2,gnn_sum,gnn_sum / recipe 4aad7661ef / IDs32,liberties,4,2,9,0.5,7,1,15,0.5273026616665142,0.4998509556929121,0.0,5168,2759,2409
20261007T093139712033Z_c6ebf97a_s2,gnn_sum,gnn_sum / recipe 4aad7661ef / IDs32,liberties,4,2,9,1.0,7,1,30,0.6749291136924906,0.6686793833162845,0.01171875,3554,2055,1499
20261007T093139712033Z_c6ebf97a_s2,gnn_sum,gnn_sum / recipe 4aad7661ef / IDs32,liberties,4,2,9,2.0,7,2,60,0.8137748102076283,0.8184031671670527,0.1796875,2036,1050,986
20261007T093139712033Z_c6ebf97a_s2,gnn_sum,gnn_sum / recipe 4aad7661ef / IDs32,liberties,4,2,9,4.0,7,4,120,0.9163084240373182,0.9261050857117556,0.578125,915,293,622
20261007T093139712033Z_c6ebf97a_s2,gnn_sum,gnn_sum / recipe 4aad7661ef / IDs32,liberties,4,2,13,0.5,0,1,35,0.5721278554095891,0.5582988655542619,0.00390625,10227,3473,6754
20261007T093139712033Z_c6ebf97a_s2,gnn_sum,gnn_sum / recipe 4aad7661ef / IDs32,liberties,4,2,13,1.0,0,1,70,0.6782277633670822,0.6719861969258372,0.0390625,7691,2348,5343
20261007T093139712033Z_c6ebf97a_s2,gnn_sum,gnn_sum / recipe 4aad7661ef / IDs32,liberties,4,2,13,2.0,0,2,140,0.7662120324659024,0.7721284616592293,0.2109375,5588,1084,4504
20261007T093139712033Z_c6ebf97a_s2,gnn_sum,gnn_sum / recipe 4aad7661ef / IDs32,liberties,4,2,13,4.0,0,4,280,0.8111455108359134,0.8199404155972041,0.5546875,4514,577,3937
20261007T093139712033Z_c6ebf97a_s2,gnn_sum,gnn_sum / recipe 4aad7661ef / IDs32,liberties,4,2,13,0.5,1,1,35,0.5695339302150447,0.5560069217052634,0.0,10289,3476,6813
20261007T093139712033Z_c6ebf97a_s2,gnn_sum,gnn_sum / recipe 4aad7661ef / IDs32,liberties,4,2,13,1.0,1,1,70,0.6778930633419797,0.6696377760610789,0.0234375,7699,2399,5300
20261007T093139712033Z_c6ebf97a_s2,gnn_sum,gnn_sum / recipe 4aad7661ef / IDs32,liberties,4,2,13,2.0,1,2,140,0.7673416450506234,0.7730741075627451,0.203125,5561,1108,4453
20261007T093139712033Z_c6ebf97a_s2,gnn_sum,gnn_sum / recipe 4aad7661ef / IDs32,liberties,4,2,13,4.0,1,4,280,0.8121496109112208,0.819638596349552,0.54296875,4490,538,3952
20261007T093139712033Z_c6ebf97a_s2,gnn_sum,gnn_sum / recipe 4aad7661ef / IDs32,liberties,4,2,13,0.5,2,1,35,0.5718349928876245,0.558221947452346,0.0,10234,3480,6754
20261007T093139712033Z_c6ebf97a_s2,gnn_sum,gnn_sum / recipe 4aad7661ef / IDs32,liberties,4,2,13,1.0,2,1,70,0.6758011881850892,0.6674052063906608,0.05078125,7749,2422,5327
20261007T093139712033Z_c6ebf97a_s2,gnn_sum,gnn_sum / recipe 4aad7661ef / IDs32,liberties,4,2,13,2.0,2,2,140,0.7630323822274286,0.766903014140992,0.1953125,5664,1151,4513
20261007T093139712033Z_c6ebf97a_s2,gnn_sum,gnn_sum / recipe 4aad7661ef / IDs32,liberties,4,2,13,4.0,2,4,280,0.8107271358045351,0.8191130075587191,0.57421875,4524,572,3952
20261007T093139712033Z_c6ebf97a_s2,gnn_sum,gnn_sum / recipe 4aad7661ef / IDs32,liberties,4,2,13,0.5,3,1,35,0.5732993054974479,0.5594540129754302,0.0,10199,3468,6731
20261007T093139712033Z_c6ebf97a_s2,gnn_sum,gnn_sum / recipe 4aad7661ef / IDs32,liberties,4,2,13,1.0,3,1,70,0.6768052882603967,0.6689666822201852,0.03515625,7725,2413,5312
20261007T093139712033Z_c6ebf97a_s2,gnn_sum,gnn_sum / recipe 4aad7661ef / IDs32,liberties,4,2,13,2.0,3,2,140,0.7687222826541712,0.7735690747178113,0.203125,5528,1025,4503
20261007T093139712033Z_c6ebf97a_s2,gnn_sum,gnn_sum / recipe 4aad7661ef / IDs32,liberties,4,2,13,4.0,3,4,280,0.8176303238222743,0.8249663523733751,0.58203125,4359,436,3923
20261007T093139712033Z_c6ebf97a_s2,gnn_sum,gnn_sum / recipe 4aad7661ef / IDs32,liberties,4,2,13,0.5,4,1,35,0.5720860179064513,0.5574635029179194,0.00390625,10228,3475,6753
20261007T093139712033Z_c6ebf97a_s2,gnn_sum,gnn_sum / recipe 4aad7661ef / IDs32,liberties,4,2,13,1.0,4,1,70,0.6792318634423897,0.670775882242916,0.03125,7667,2392,5275
20261007T093139712033Z_c6ebf97a_s2,gnn_sum,gnn_sum / recipe 4aad7661ef / IDs32,liberties,4,2,13,2.0,4,2,140,0.7672161325412099,0.7710378550740378,0.19921875,5564,1125,4439
20261007T093139712033Z_c6ebf97a_s2,gnn_sum,gnn_sum / recipe 4aad7661ef / IDs32,liberties,4,2,13,4.0,4,4,280,0.8119822608986695,0.818554479921574,0.55078125,4494,634,3860
20261007T093139712033Z_c6ebf97a_s2,gnn_sum,gnn_sum / recipe 4aad7661ef / IDs32,liberties,4,2,13,0.5,5,1,35,0.5707890553091791,0.5568551171144589,0.00390625,10259,3504,6755
20261007T093139712033Z_c6ebf97a_s2,gnn_sum,gnn_sum / recipe 4aad7661ef / IDs32,liberties,4,2,13,1.0,5,1,70,0.6781440883608066,0.6694516165554794,0.03515625,7693,2455,5238
20261007T093139712033Z_c6ebf97a_s2,gnn_sum,gnn_sum / recipe 4aad7661ef / IDs32,liberties,4,2,13,2.0,5,2,140,0.7675926700694502,0.7709320919500339,0.19921875,5555,1118,4437
20261007T093139712033Z_c6ebf97a_s2,gnn_sum,gnn_sum / recipe 4aad7661ef / IDs32,liberties,4,2,13,4.0,5,4,280,0.8138231110367333,0.8208514770143788,0.54296875,4450,558,3892
20261007T093139712033Z_c6ebf97a_s2,gnn_sum,gnn_sum / recipe 4aad7661ef / IDs32,liberties,4,2,13,0.5,6,1,35,0.5748054556104092,0.5617280581657278,0.01171875,10163,3448,6715
20261007T093139712033Z_c6ebf97a_s2,gnn_sum,gnn_sum / recipe 4aad7661ef / IDs32,liberties,4,2,13,1.0,6,1,70,0.6777675508325663,0.6699520226758646,0.04296875,7702,2407,5295
20261007T093139712033Z_c6ebf97a_s2,gnn_sum,gnn_sum / recipe 4aad7661ef / IDs32,liberties,4,2,13,2.0,6,2,140,0.763618107271358,0.7689488638192974,0.19921875,5650,1146,4504
20261007T093139712033Z_c6ebf97a_s2,gnn_sum,gnn_sum / recipe 4aad7661ef / IDs32,liberties,4,2,13,4.0,6,4,280,0.8106016232951218,0.8185260339221903,0.546875,4527,569,3958
20261007T093139712033Z_c6ebf97a_s2,gnn_sum,gnn_sum / recipe 4aad7661ef / IDs32,liberties,4,2,13,0.5,7,1,35,0.5733411430005857,0.5588871656832577,0.0,10198,3482,6716
20261007T093139712033Z_c6ebf97a_s2,gnn_sum,gnn_sum / recipe 4aad7661ef / IDs32,liberties,4,2,13,1.0,7,1,70,0.6793155384486654,0.6711071886939355,0.03515625,7665,2405,5260
20261007T093139712033Z_c6ebf97a_s2,gnn_sum,gnn_sum / recipe 4aad7661ef / IDs32,liberties,4,2,13,2.0,7,2,140,0.7672161325412099,0.7720802605463202,0.1953125,5564,1082,4482
20261007T093139712033Z_c6ebf97a_s2,gnn_sum,gnn_sum / recipe 4aad7661ef / IDs32,liberties,4,2,13,4.0,7,4,280,0.8146180235963517,0.8215728386913526,0.546875,4431,588,3843
20261007T093139712033Z_c6ebf97a_s2,gnn_sum,gnn_sum / recipe 4aad7661ef / IDs32,liberties,4,2,19,0.5,0,1,80,0.5944999447045379,0.565503948125352,0.0078125,22000,5534,16466
20261007T093139712033Z_c6ebf97a_s2,gnn_sum,gnn_sum / recipe 4aad7661ef / IDs32,liberties,4,2,19,1.0,0,1,160,0.6698492277067128,0.6544451855385113,0.03125,17912,2998,14914
20261007T093139712033Z_c6ebf97a_s2,gnn_sum,gnn_sum / recipe 4aad7661ef / IDs32,liberties,4,2,19,2.0,0,2,320,0.7228407122055517,0.7199696697696816,0.21875,15037,1306,13731
20261007T093139712033Z_c6ebf97a_s2,gnn_sum,gnn_sum / recipe 4aad7661ef / IDs32,liberties,4,2,19,4.0,0,4,640,0.7449036015777638,0.7433717781663315,0.5,13840,1145,12695
20261007T093139712033Z_c6ebf97a_s2,gnn_sum,gnn_sum / recipe 4aad7661ef / IDs32,liberties,4,2,19,0.5,1,1,80,0.5932097172558706,0.5636497062181803,0.01171875,22070,5568,16502
20261007T093139712033Z_c6ebf97a_s2,gnn_sum,gnn_sum / recipe 4aad7661ef / IDs32,liberties,4,2,19,1.0,1,1,160,0.6715080915692853,0.6559641960153553,0.02734375,17822,2876,14946
20261007T093139712033Z_c6ebf97a_s2,gnn_sum,gnn_sum / recipe 4aad7661ef / IDs32,liberties,4,2,19,2.0,1,2,320,0.7231540531573709,0.7200984413169587,0.19921875,15020,1246,13774
20261007T093139712033Z_c6ebf97a_s2,gnn_sum,gnn_sum / recipe 4aad7661ef / IDs32,liberties,4,2,19,4.0,1,4,640,0.7452353743502783,0.7448394972924551,0.50390625,13822,1124,12698
20261007T093139712033Z_c6ebf97a_s2,gnn_sum,gnn_sum / recipe 4aad7661ef / IDs32,liberties,4,2,19,0.5,2,1,80,0.593394035462823,0.5639743467710527,0.01171875,22060,5600,16460
20261007T093139712033Z_c6ebf97a_s2,gnn_sum,gnn_sum / recipe 4aad7661ef / IDs32,liberties,4,2,19,1.0,2,1,160,0.6713053415416375,0.6556911316799618,0.03125,17833,3013,14820
20261007T093139712033Z_c6ebf97a_s2,gnn_sum,gnn_sum / recipe 4aad7661ef / IDs32,liberties,4,2,19,2.0,2,2,320,0.7249050761234195,0.722320414008592,0.23046875,14925,1275,13650
20261007T093139712033Z_c6ebf97a_s2,gnn_sum,gnn_sum / recipe 4aad7661ef / IDs32,liberties,4,2,19,4.0,2,4,640,0.7440557378257824,0.7442709024314353,0.515625,13886,1180,12706
20261007T093139712033Z_c6ebf97a_s2,gnn_sum,gnn_sum / recipe 4aad7661ef / IDs32,liberties,4,2,19,0.5,3,1,80,0.593025399048918,0.5636831220867359,0.01171875,22080,5530,16550
20261007T093139712033Z_c6ebf97a_s2,gnn_sum,gnn_sum / recipe 4aad7661ef / IDs32,liberties,4,2,19,1.0,3,1,160,0.6701625686585321,0.6546943619719582,0.0390625,17895,2950,14945
20261007T093139712033Z_c6ebf97a_s2,gnn_sum,gnn_sum / recipe 4aad7661ef / IDs32,liberties,4,2,19,2.0,3,2,320,0.718343347955911,0.7150688342160971,0.21875,15281,1347,13934
20261007T093139712033Z_c6ebf97a_s2,gnn_sum,gnn_sum / recipe 4aad7661ef / IDs32,liberties,4,2,19,4.0,3,4,640,0.7428945331219818,0.7415373467166504,0.49609375,13949,1088,12861
20261007T093139712033Z_c6ebf97a_s2,gnn_sum,gnn_sum / recipe 4aad7661ef / IDs32,liberties,4,2,19,0.5,4,1,80,0.5919010579865079,0.5621386030997066,0.01171875,22141,5617,16524
20261007T093139712033Z_c6ebf97a_s2,gnn_sum,gnn_sum / recipe 4aad7661ef / IDs32,liberties,4,2,19,1.0,4,1,160,0.6685590002580455,0.6530642151013073,0.03515625,17982,3016,14966
20261007T093139712033Z_c6ebf97a_s2,gnn_sum,gnn_sum / recipe 4aad7661ef / IDs32,liberties,4,2,19,2.0,4,2,320,0.7199837799977882,0.7169572740059279,0.203125,15192,1337,13855
20261007T093139712033Z_c6ebf97a_s2,gnn_sum,gnn_sum / recipe 4aad7661ef / IDs32,liberties,4,2,19,4.0,4,4,640,0.7425996239908578,0.7418790251565157,0.5078125,13965,1087,12878
20261007T093139712033Z_c6ebf97a_s2,gnn_sum,gnn_sum / recipe 4aad7661ef / IDs32,liberties,4,2,19,0.5,5,1,80,0.5929701035868323,0.5632296712723299,0.01171875,22083,5591,16492
20261007T093139712033Z_c6ebf97a_s2,gnn_sum,gnn_sum / recipe 4aad7661ef / IDs32,liberties,4,2,19,1.0,5,1,160,0.6688723412098647,0.6532536666101221,0.03125,17965,3003,14962
20261007T093139712033Z_c6ebf97a_s2,gnn_sum,gnn_sum / recipe 4aad7661ef / IDs32,liberties,4,2,19,2.0,5,2,320,0.7229513031297231,0.7202482759338643,0.21484375,15031,1299,13732
20261007T093139712033Z_c6ebf97a_s2,gnn_sum,gnn_sum / recipe 4aad7661ef / IDs32,liberties,4,2,19,4.0,5,4,640,0.7485899657168135,0.7491447229956287,0.5078125,13640,1119,12521
20261007T093139712033Z_c6ebf97a_s2,gnn_sum,gnn_sum / recipe 4aad7661ef / IDs32,liberties,4,2,19,0.5,6,1,80,0.5906661259999263,0.5612354504923803,0.0078125,22208,5688,16520
20261007T093139712033Z_c6ebf97a_s2,gnn_sum,gnn_sum / recipe 4aad7661ef / IDs32,liberties,4,2,19,1.0,6,1,160,0.6681350683820548,0.6525652511669183,0.03125,18005,3054,14951
20261007T093139712033Z_c6ebf97a_s2,gnn_sum,gnn_sum / recipe 4aad7661ef / IDs32,liberties,4,2,19,2.0,6,2,320,0.7201312345633502,0.7166428099914214,0.23046875,15184,1373,13811
20261007T093139712033Z_c6ebf97a_s2,gnn_sum,gnn_sum / recipe 4aad7661ef / IDs32,liberties,4,2,19,4.0,6,4,640,0.7426364876322483,0.743142128207066,0.49609375,13963,1091,12872
20261007T093139712033Z_c6ebf97a_s2,gnn_sum,gnn_sum / recipe 4aad7661ef / IDs32,liberties,4,2,19,0.5,7,1,80,0.59317285361448,0.563611865422096,0.01171875,22072,5580,16492
20261007T093139712033Z_c6ebf97a_s2,gnn_sum,gnn_sum / recipe 4aad7661ef / IDs32,liberties,4,2,19,1.0,7,1,160,0.6669554318575589,0.6511648545261952,0.03515625,18069,3019,15050
20261007T093139712033Z_c6ebf97a_s2,gnn_sum,gnn_sum / recipe 4aad7661ef / IDs32,liberties,4,2,19,2.0,7,2,320,0.7213477347292365,0.7185508915035941,0.21484375,15118,1258,13860
20261007T093139712033Z_c6ebf97a_s2,gnn_sum,gnn_sum / recipe 4aad7661ef / IDs32,liberties,4,2,19,4.0,7,4,640,0.7430419876875438,0.743932885023417,0.52734375,13941,1181,12760
20261007T093139712033Z_c6ebf97a_s2,gnn_sum,gnn_sum / recipe 4aad7661ef / IDs32,liberties,4,2,25,0.5,0,1,143,0.6040618241282903,0.5600934872276409,0.01953125,37529,7855,29674
20261007T093139712033Z_c6ebf97a_s2,gnn_sum,gnn_sum / recipe 4aad7661ef / IDs32,liberties,4,2,25,1.0,0,1,286,0.6740201508677534,0.6445980528755342,0.03125,30898,3253,27645
20261007T093139712033Z_c6ebf97a_s2,gnn_sum,gnn_sum / recipe 4aad7661ef / IDs32,liberties,4,2,25,2.0,0,2,572,0.7063353906208788,0.6865087780742539,0.18359375,27835,1871,25964
20261007T093139712033Z_c6ebf97a_s2,gnn_sum,gnn_sum / recipe 4aad7661ef / IDs32,liberties,4,2,25,4.0,0,4,1144,0.7206836524766577,0.7048214947260965,0.4375,26475,2951,23524
20261007T093139712033Z_c6ebf97a_s2,gnn_sum,gnn_sum / recipe 4aad7661ef / IDs32,liberties,4,2,25,0.5,1,1,143,0.6025531465949253,0.5585165410712915,0.01171875,37672,7954,29718
20261007T093139712033Z_c6ebf97a_s2,gnn_sum,gnn_sum / recipe 4aad7661ef / IDs32,liberties,4,2,25,1.0,1,1,286,0.6727224771852086,0.6434733546105263,0.02734375,31021,3488,27533
20261007T093139712033Z_c6ebf97a_s2,gnn_sum,gnn_sum / recipe 4aad7661ef / IDs32,liberties,4,2,25,2.0,1,2,572,0.7058395315714512,0.6861756583703844,0.17578125,27882,1979,25903
20261007T093139712033Z_c6ebf97a_s2,gnn_sum,gnn_sum / recipe 4aad7661ef / IDs32,liberties,4,2,25,4.0,1,4,1144,0.7211795115260854,0.7051908597881028,0.4296875,26428,2994,23434
20261007T093139712033Z_c6ebf97a_s2,gnn_sum,gnn_sum / recipe 4aad7661ef / IDs32,liberties,4,2,25,0.5,2,1,143,0.6033022102653374,0.5591532877714878,0.015625,37601,7963,29638
20261007T093139712033Z_c6ebf97a_s2,gnn_sum,gnn_sum / recipe 4aad7661ef / IDs32,liberties,4,2,25,1.0,2,1,286,0.6767210001582529,0.647059609014055,0.0234375,30642,3192,27450
20261007T093139712033Z_c6ebf97a_s2,gnn_sum,gnn_sum / recipe 4aad7661ef / IDs32,liberties,4,2,25,2.0,2,2,572,0.7079179195020309,0.6879152170919601,0.1796875,27685,1858,25827
20261007T093139712033Z_c6ebf97a_s2,gnn_sum,gnn_sum / recipe 4aad7661ef / IDs32,liberties,4,2,25,4.0,2,4,1144,0.7227198396370734,0.7066121186002877,0.4375,26282,2937,23345
20261007T093139712033Z_c6ebf97a_s2,gnn_sum,gnn_sum / recipe 4aad7661ef / IDs32,liberties,4,2,25,0.5,3,1,143,0.604568233370259,0.5604618267003545,0.01953125,37481,7915,29566
20261007T093139712033Z_c6ebf97a_s2,gnn_sum,gnn_sum / recipe 4aad7661ef / IDs32,liberties,4,2,25,1.0,3,1,286,0.6745054597246399,0.6454646790080745,0.02734375,30852,3404,27448
20261007T093139712033Z_c6ebf97a_s2,gnn_sum,gnn_sum / recipe 4aad7661ef / IDs32,liberties,4,2,25,2.0,3,2,572,0.7106820699477765,0.6912141908126759,0.1875,27423,1756,25667
20261007T093139712033Z_c6ebf97a_s2,gnn_sum,gnn_sum / recipe 4aad7661ef / IDs32,liberties,4,2,25,4.0,3,4,1144,0.7244606214063407,0.709130336282038,0.44921875,26117,3001,23116
20261007T093139712033Z_c6ebf97a_s2,gnn_sum,gnn_sum / recipe 4aad7661ef / IDs32,liberties,4,2,25,0.5,4,1,143,0.6033338608429604,0.5592234002275641,0.01953125,37598,7903,29695
20261007T093139712033Z_c6ebf97a_s2,gnn_sum,gnn_sum / recipe 4aad7661ef / IDs32,liberties,4,2,25,1.0,4,1,286,0.6735453922034077,0.6439416621526257,0.0234375,30943,3386,27557
20261007T093139712033Z_c6ebf97a_s2,gnn_sum,gnn_sum / recipe 4aad7661ef / IDs32,liberties,4,2,25,2.0,4,2,572,0.7058078809938282,0.6858068052308717,0.171875,27885,2108,25777
20261007T093139712033Z_c6ebf97a_s2,gnn_sum,gnn_sum / recipe 4aad7661ef / IDs32,liberties,4,2,25,4.0,4,4,1144,0.7184259112728807,0.7021809047896332,0.43359375,26689,3198,23491
20261007T093139712033Z_c6ebf97a_s2,gnn_sum,gnn_sum / recipe 4aad7661ef / IDs32,liberties,4,2,25,0.5,5,1,143,0.6044732816373899,0.5605261366383217,0.01171875,37490,7868,29622
20261007T093139712033Z_c6ebf97a_s2,gnn_sum,gnn_sum / recipe 4aad7661ef / IDs32,liberties,4,2,25,1.0,5,1,286,0.6751912222398059,0.645719294554638,0.0234375,30787,3267,27520
20261007T093139712033Z_c6ebf97a_s2,gnn_sum,gnn_sum / recipe 4aad7661ef / IDs32,liberties,4,2,25,2.0,5,2,572,0.709532098960806,0.6901928268233444,0.19921875,27532,1693,25839
20261007T093139712033Z_c6ebf97a_s2,gnn_sum,gnn_sum / recipe 4aad7661ef / IDs32,liberties,4,2,25,4.0,5,4,1144,0.72247718520863,0.7070708052210429,0.43359375,26305,2869,23436
20261007T093139712033Z_c6ebf97a_s2,gnn_sum,gnn_sum / recipe 4aad7661ef / IDs32,liberties,4,2,25,0.5,6,1,143,0.6020783879305798,0.5580899721628961,0.015625,37717,7957,29760
20261007T093139712033Z_c6ebf97a_s2,gnn_sum,gnn_sum / recipe 4aad7661ef / IDs32,liberties,4,2,25,1.0,6,1,286,0.6749380176188216,0.6452497796925216,0.02734375,30811,3304,27507
20261007T093139712033Z_c6ebf97a_s2,gnn_sum,gnn_sum / recipe 4aad7661ef / IDs32,liberties,4,2,25,2.0,6,2,572,0.7060188848446484,0.6861308668462855,0.171875,27865,1949,25916
20261007T093139712033Z_c6ebf97a_s2,gnn_sum,gnn_sum / recipe 4aad7661ef / IDs32,liberties,4,2,25,4.0,6,4,1144,0.7200717413092789,0.703847975679089,0.4296875,26533,3325,23208
20261007T093139712033Z_c6ebf97a_s2,gnn_sum,gnn_sum / recipe 4aad7661ef / IDs32,liberties,4,2,25,0.5,7,1,143,0.6031439573772222,0.5588385515293874,0.01953125,37616,7998,29618
20261007T093139712033Z_c6ebf97a_s2,gnn_sum,gnn_sum / recipe 4aad7661ef / IDs32,liberties,4,2,25,1.0,7,1,286,0.6744210581843119,0.645233077302475,0.03125,30860,3335,27525
20261007T093139712033Z_c6ebf97a_s2,gnn_sum,gnn_sum / recipe 4aad7661ef / IDs32,liberties,4,2,25,2.0,7,2,572,0.7081078229677692,0.6887468013766493,0.1875,27667,1876,25791
20261007T093139712033Z_c6ebf97a_s2,gnn_sum,gnn_sum / recipe 4aad7661ef / IDs32,liberties,4,2,25,4.0,7,4,1144,0.72247718520863,0.7064689539825109,0.44140625,26305,2901,23404
20261007T093139712033Z_c6ebf97a_s2,gnn_sum,gnn_sum / recipe 4aad7661ef / IDs32,liberties,4,2,37,0.5,0,2,323,0.6280462138057059,0.584957667784048,0.0234375,75109,12215,62894
20261007T093139712033Z_c6ebf97a_s2,gnn_sum,gnn_sum / recipe 4aad7661ef / IDs32,liberties,4,2,37,1.0,0,3,646,0.6774690364530458,0.6499773399584579,0.03515625,65129,4930,60199
20261007T093139712033Z_c6ebf97a_s2,gnn_sum,gnn_sum / recipe 4aad7661ef / IDs32,liberties,4,2,37,2.0,0,6,1292,0.6957921270136829,0.6742063248662116,0.2578125,61429,2473,58956
20261007T093139712033Z_c6ebf97a_s2,gnn_sum,gnn_sum / recipe 4aad7661ef / IDs32,liberties,4,2,37,4.0,0,12,2584,0.7053795603448703,0.6827772913154261,0.421875,59493,3664,55829
20261007T093139712033Z_c6ebf97a_s2,gnn_sum,gnn_sum / recipe 4aad7661ef / IDs32,liberties,4,2,37,0.5,1,2,323,0.6272934814367284,0.5843101610609422,0.01171875,75261,12258,63003
20261007T093139712033Z_c6ebf97a_s2,gnn_sum,gnn_sum / recipe 4aad7661ef / IDs32,liberties,4,2,37,1.0,1,3,646,0.6758298626758645,0.6483331514303029,0.015625,65460,4868,60592
20261007T093139712033Z_c6ebf97a_s2,gnn_sum,gnn_sum / recipe 4aad7661ef / IDs32,liberties,4,2,37,2.0,1,6,1292,0.6971242652193076,0.6754140078118669,0.2421875,61160,2398,58762
20261007T093139712033Z_c6ebf97a_s2,gnn_sum,gnn_sum / recipe 4aad7661ef / IDs32,liberties,4,2,37,4.0,1,12,2584,0.7058500180754812,0.683073189439243,0.42578125,59398,3210,56188
20261007T093139712033Z_c6ebf97a_s2,gnn_sum,gnn_sum / recipe 4aad7661ef / IDs32,liberties,4,2,37,0.5,2,2,323,0.6263773269086965,0.5831286621145356,0.015625,75446,12430,63016
20261007T093139712033Z_c6ebf97a_s2,gnn_sum,gnn_sum / recipe 4aad7661ef / IDs32,liberties,4,2,37,1.0,2,3,646,0.6784248084741817,0.650971935139445,0.01953125,64936,4989,59947
20261007T093139712033Z_c6ebf97a_s2,gnn_sum,gnn_sum / recipe 4aad7661ef / IDs32,liberties,4,2,37,2.0,2,6,1292,0.6986247777706246,0.6770925731529494,0.25390625,60857,2464,58393
20261007T093139712033Z_c6ebf97a_s2,gnn_sum,gnn_sum / recipe 4aad7661ef / IDs32,liberties,4,2,37,4.0,2,12,2584,0.7090491306436357,0.6864927703312239,0.43359375,58752,3858,54894
20261007T093139712033Z_c6ebf97a_s2,gnn_sum,gnn_sum / recipe 4aad7661ef / IDs32,liberties,4,2,37,0.5,3,2,323,0.6269319718121537,0.5839611510932983,0.015625,75334,12371,62963
20261007T093139712033Z_c6ebf97a_s2,gnn_sum,gnn_sum / recipe 4aad7661ef / IDs32,liberties,4,2,37,1.0,3,3,646,0.677548271439254,0.6503192556004124,0.01953125,65113,4751,60362
20261007T093139712033Z_c6ebf97a_s2,gnn_sum,gnn_sum / recipe 4aad7661ef / IDs32,liberties,4,2,37,2.0,3,6,1292,0.6982385072128598,0.6764153023926504,0.26171875,60935,2375,58560
20261007T093139712033Z_c6ebf97a_s2,gnn_sum,gnn_sum / recipe 4aad7661ef / IDs32,liberties,4,2,37,4.0,3,12,2584,0.7059292530616894,0.6834137522763835,0.41796875,59382,3673,55709
20261007T093139712033Z_c6ebf97a_s2,gnn_sum,gnn_sum / recipe 4aad7661ef / IDs32,liberties,4,2,37,0.5,4,2,323,0.6277540347940633,0.584625684271573,0.01953125,75168,12294,62874
20261007T093139712033Z_c6ebf97a_s2,gnn_sum,gnn_sum / recipe 4aad7661ef / IDs32,liberties,4,2,37,1.0,4,3,646,0.6777661676513265,0.650355140786294,0.01953125,65069,5098,59971
20261007T093139712033Z_c6ebf97a_s2,gnn_sum,gnn_sum / recipe 4aad7661ef / IDs32,liberties,4,2,37,2.0,4,6,1292,0.6982385072128598,0.6767748344915818,0.25,60935,2516,58419
20261007T093139712033Z_c6ebf97a_s2,gnn_sum,gnn_sum / recipe 4aad7661ef / IDs32,liberties,4,2,37,4.0,4,12,2584,0.7073010087604181,0.6853360008806673,0.421875,59105,3618,55487
20261007T093139712033Z_c6ebf97a_s2,gnn_sum,gnn_sum / recipe 4aad7661ef / IDs32,liberties,4,2,37,0.5,5,2,323,0.6275361385819909,0.5842947191381721,0.01953125,75212,12330,62882
20261007T093139712033Z_c6ebf97a_s2,gnn_sum,gnn_sum / recipe 4aad7661ef / IDs32,liberties,4,2,37,1.0,5,3,646,0.6764389816323397,0.6489982681060276,0.01953125,65337,4968,60369
20261007T093139712033Z_c6ebf97a_s2,gnn_sum,gnn_sum / recipe 4aad7661ef / IDs32,liberties,4,2,37,2.0,5,6,1292,0.6960397363455834,0.6747586108722172,0.2578125,61379,2486,58893
20261007T093139712033Z_c6ebf97a_s2,gnn_sum,gnn_sum / recipe 4aad7661ef / IDs32,liberties,4,2,37,4.0,5,12,2584,0.7036314384616528,0.681988339937301,0.42578125,59846,3824,56022
20261007T093139712033Z_c6ebf97a_s2,gnn_sum,gnn_sum / recipe 4aad7661ef / IDs32,liberties,4,2,37,0.5,6,2,323,0.6277193694875972,0.5846631058094546,0.01171875,75175,12285,62890
20261007T093139712033Z_c6ebf97a_s2,gnn_sum,gnn_sum / recipe 4aad7661ef / IDs32,liberties,4,2,37,1.0,6,3,646,0.6758100539293125,0.6487293866519759,0.01953125,65464,4973,60491
20261007T093139712033Z_c6ebf97a_s2,gnn_sum,gnn_sum / recipe 4aad7661ef / IDs32,liberties,4,2,37,2.0,6,6,1292,0.6965894290624025,0.6756243509737673,0.26953125,61268,2606,58662
20261007T093139712033Z_c6ebf97a_s2,gnn_sum,gnn_sum / recipe 4aad7661ef / IDs32,liberties,4,2,37,4.0,6,12,2584,0.7056073609302187,0.6838889194459282,0.4296875,59447,3881,55566
20261007T093139712033Z_c6ebf97a_s2,gnn_sum,gnn_sum / recipe 4aad7661ef / IDs32,liberties,4,2,37,0.5,7,2,323,0.6280065963126018,0.5847198420980319,0.01171875,75117,12189,62928
20261007T093139712033Z_c6ebf97a_s2,gnn_sum,gnn_sum / recipe 4aad7661ef / IDs32,liberties,4,2,37,1.0,7,3,646,0.6777810242112404,0.6504457640898926,0.0390625,65066,4768,60298
20261007T093139712033Z_c6ebf97a_s2,gnn_sum,gnn_sum / recipe 4aad7661ef / IDs32,liberties,4,2,37,2.0,7,6,1292,0.6991150442477876,0.6777349056823823,0.234375,60758,2328,58430
20261007T093139712033Z_c6ebf97a_s2,gnn_sum,gnn_sum / recipe 4aad7661ef / IDs32,liberties,4,2,37,4.0,7,12,2584,0.709158078749672,0.6872953967038649,0.4296875,58730,3671,55059
20261007T093139714279Z_b4954872_s1,gnn_sum,gnn_sum / recipe 4aad7661ef / IDs32,liberties,4,1,9,0.5,0,1,15,0.563523278148724,0.5275508378195227,0.0,4772,2723,2049
20261007T093139714279Z_b4954872_s1,gnn_sum,gnn_sum / recipe 4aad7661ef / IDs32,liberties,4,1,9,1.0,0,1,30,0.7081313454678496,0.7083012875211656,0.0390625,3191,1564,1627
20261007T093139714279Z_b4954872_s1,gnn_sum,gnn_sum / recipe 4aad7661ef / IDs32,liberties,4,1,9,2.0,0,2,60,0.8503612915027897,0.8565567484705949,0.25,1636,648,988
20261007T093139714279Z_b4954872_s1,gnn_sum,gnn_sum / recipe 4aad7661ef / IDs32,liberties,4,1,9,4.0,0,4,120,0.9406384340986006,0.9482584274590471,0.71875,649,167,482
20261007T093139714279Z_b4954872_s1,gnn_sum,gnn_sum / recipe 4aad7661ef / IDs32,liberties,4,1,9,0.5,1,1,15,0.56544406841672,0.5309640408759687,0.0,4751,2702,2049
20261007T093139714279Z_b4954872_s1,gnn_sum,gnn_sum / recipe 4aad7661ef / IDs32,liberties,4,1,9,1.0,1,1,30,0.7056617579804262,0.7064389886210436,0.02734375,3218,1565,1653
20261007T093139714279Z_b4954872_s1,gnn_sum,gnn_sum / recipe 4aad7661ef / IDs32,liberties,4,1,9,2.0,1,2,60,0.8486234336412696,0.8548815633831465,0.2578125,1655,657,998
20261007T093139714279Z_b4954872_s1,gnn_sum,gnn_sum / recipe 4aad7661ef / IDs32,liberties,4,1,9,4.0,1,4,120,0.9396323058629836,0.9473306354437329,0.69921875,660,149,511
20261007T093139714279Z_b4954872_s1,gnn_sum,gnn_sum / recipe 4aad7661ef / IDs32,liberties,4,1,9,0.5,2,1,15,0.5616939540839659,0.5223762535346645,0.0,4792,2737,2055
20261007T093139714279Z_b4954872_s1,gnn_sum,gnn_sum / recipe 4aad7661ef / IDs32,liberties,4,1,9,1.0,2,1,30,0.7050214945577609,0.7044801145131658,0.03515625,3225,1578,1647
20261007T093139714279Z_b4954872_s1,gnn_sum,gnn_sum / recipe 4aad7661ef / IDs32,liberties,4,1,9,2.0,2,2,60,0.852007683161072,0.8581161003779365,0.25390625,1618,628,990
20261007T093139714279Z_b4954872_s1,gnn_sum,gnn_sum / recipe 4aad7661ef / IDs32,liberties,4,1,9,4.0,2,4,120,0.9448458794475442,0.951726655079586,0.70703125,603,116,487
20261007T093139714279Z_b4954872_s1,gnn_sum,gnn_sum / recipe 4aad7661ef / IDs32,liberties,4,1,9,0.5,3,1,15,0.5621512851001554,0.5243473364684834,0.0,4787,2736,2051
20261007T093139714279Z_b4954872_s1,gnn_sum,gnn_sum / recipe 4aad7661ef / IDs32,liberties,4,1,9,1.0,3,1,30,0.7078569468581359,0.7088995169361811,0.03515625,3194,1559,1635
20261007T093139714279Z_b4954872_s1,gnn_sum,gnn_sum / recipe 4aad7661ef / IDs32,liberties,4,1,9,2.0,3,2,60,0.8518247507545962,0.8577917709799739,0.2734375,1620,646,974
20261007T093139714279Z_b4954872_s1,gnn_sum,gnn_sum / recipe 4aad7661ef / IDs32,liberties,4,1,9,4.0,3,4,120,0.9407299003018385,0.9478031642376272,0.7109375,648,157,491
20261007T093139714279Z_b4954872_s1,gnn_sum,gnn_sum / recipe 4aad7661ef / IDs32,liberties,4,1,9,0.5,4,1,15,0.5652611360102442,0.528621453934383,0.0,4753,2722,2031
20261007T093139714279Z_b4954872_s1,gnn_sum,gnn_sum / recipe 4aad7661ef / IDs32,liberties,4,1,9,1.0,4,1,30,0.7041982987286197,0.705954121883263,0.03125,3234,1564,1670
20261007T093139714279Z_b4954872_s1,gnn_sum,gnn_sum / recipe 4aad7661ef / IDs32,liberties,4,1,9,2.0,4,2,60,0.8474343729991768,0.855136856327886,0.24609375,1668,639,1029
20261007T093139714279Z_b4954872_s1,gnn_sum,gnn_sum / recipe 4aad7661ef / IDs32,liberties,4,1,9,4.0,4,4,120,0.9356992591237537,0.9445894800521359,0.7109375,703,145,558
20261007T093139714279Z_b4954872_s1,gnn_sum,gnn_sum / recipe 4aad7661ef / IDs32,liberties,4,1,9,0.5,5,1,15,0.5649867374005305,0.5282936542012393,0.0,4756,2722,2034
20261007T093139714279Z_b4954872_s1,gnn_sum,gnn_sum / recipe 4aad7661ef / IDs32,liberties,4,1,9,1.0,5,1,30,0.7073996158419464,0.7078244562897291,0.03515625,3199,1572,1627
20261007T093139714279Z_b4954872_s1,gnn_sum,gnn_sum / recipe 4aad7661ef / IDs32,liberties,4,1,9,2.0,5,2,60,0.8481661026250801,0.8560149756678941,0.25390625,1660,633,1027
20261007T093139714279Z_b4954872_s1,gnn_sum,gnn_sum / recipe 4aad7661ef / IDs32,liberties,4,1,9,4.0,5,4,120,0.9361565901399433,0.9448806015393888,0.69921875,698,160,538
20261007T093139714279Z_b4954872_s1,gnn_sum,gnn_sum / recipe 4aad7661ef / IDs32,liberties,4,1,9,0.5,6,1,15,0.5617854202872039,0.5246783507239192,0.0,4791,2711,2080
20261007T093139714279Z_b4954872_s1,gnn_sum,gnn_sum / recipe 4aad7661ef / IDs32,liberties,4,1,9,1.0,6,1,30,0.7067593524192811,0.7072279032429589,0.03125,3206,1556,1650
20261007T093139714279Z_b4954872_s1,gnn_sum,gnn_sum / recipe 4aad7661ef / IDs32,liberties,4,1,9,2.0,6,2,60,0.8506356901125034,0.8576666953491222,0.2734375,1633,625,1008
20261007T093139714279Z_b4954872_s1,gnn_sum,gnn_sum / recipe 4aad7661ef / IDs32,liberties,4,1,9,4.0,6,4,120,0.9385347114241288,0.9451474175095675,0.703125,672,150,522
20261007T093139714279Z_b4954872_s1,gnn_sum,gnn_sum / recipe 4aad7661ef / IDs32,liberties,4,1,9,0.5,7,1,15,0.5632488795390104,0.526891052649024,0.0,4775,2728,2047
20261007T093139714279Z_b4954872_s1,gnn_sum,gnn_sum / recipe 4aad7661ef / IDs32,liberties,4,1,9,1.0,7,1,30,0.7050214945577609,0.703842299609355,0.02734375,3225,1593,1632
20261007T093139714279Z_b4954872_s1,gnn_sum,gnn_sum / recipe 4aad7661ef / IDs32,liberties,4,1,9,2.0,7,2,60,0.8537455410225921,0.8605555596490412,0.26953125,1599,625,974
20261007T093139714279Z_b4954872_s1,gnn_sum,gnn_sum / recipe 4aad7661ef / IDs32,liberties,4,1,9,4.0,7,4,120,0.9413701637245038,0.9489617293989929,0.70703125,641,157,484
20261007T093139714279Z_b4954872_s1,gnn_sum,gnn_sum / recipe 4aad7661ef / IDs32,liberties,4,1,13,0.5,0,1,35,0.5689063676679775,0.5473674445354832,0.0078125,10304,3565,6739
20261007T093139714279Z_b4954872_s1,gnn_sum,gnn_sum / recipe 4aad7661ef / IDs32,liberties,4,1,13,1.0,0,1,70,0.6910300393272529,0.6847251111034653,0.05078125,7385,1973,5412
20261007T093139714279Z_b4954872_s1,gnn_sum,gnn_sum / recipe 4aad7661ef / IDs32,liberties,4,1,13,2.0,0,2,140,0.7944105095807882,0.8015179101648042,0.30859375,4914,889,4025
20261007T093139714279Z_b4954872_s1,gnn_sum,gnn_sum / recipe 4aad7661ef / IDs32,liberties,4,1,13,4.0,0,4,280,0.8276713245753493,0.8348821609037567,0.56640625,4119,706,3413
20261007T093139714279Z_b4954872_s1,gnn_sum,gnn_sum / recipe 4aad7661ef / IDs32,liberties,4,1,13,0.5,1,1,35,0.5675257300644297,0.5465271693472776,0.0,10337,3540,6797
20261007T093139714279Z_b4954872_s1,gnn_sum,gnn_sum / recipe 4aad7661ef / IDs32,liberties,4,1,13,1.0,1,1,70,0.6985607898920593,0.6938695435457314,0.0625,7205,1936,5269
20261007T093139714279Z_b4954872_s1,gnn_sum,gnn_sum / recipe 4aad7661ef / IDs32,liberties,4,1,13,2.0,1,2,140,0.7966697347502301,0.8035460982813121,0.296875,4860,887,3973
20261007T093139714279Z_b4954872_s1,gnn_sum,gnn_sum / recipe 4aad7661ef / IDs32,liberties,4,1,13,4.0,1,4,280,0.8313530248514769,0.8406831316882067,0.5625,4031,604,3427
20261007T093139714279Z_b4954872_s1,gnn_sum,gnn_sum / recipe 4aad7661ef / IDs32,liberties,4,1,13,0.5,2,1,35,0.5686553426491507,0.5483815884356816,0.00390625,10310,3562,6748
20261007T093139714279Z_b4954872_s1,gnn_sum,gnn_sum / recipe 4aad7661ef / IDs32,liberties,4,1,13,1.0,2,1,70,0.6993138649485399,0.6953444459042516,0.05078125,7187,1890,5297
20261007T093139714279Z_b4954872_s1,gnn_sum,gnn_sum / recipe 4aad7661ef / IDs32,liberties,4,1,13,2.0,2,2,140,0.7946615345996151,0.7997061072923307,0.31640625,4908,928,3980
20261007T093139714279Z_b4954872_s1,gnn_sum,gnn_sum / recipe 4aad7661ef / IDs32,liberties,4,1,13,4.0,2,4,280,0.8320224249016819,0.838662985875534,0.56640625,4015,677,3338
20261007T093139714279Z_b4954872_s1,gnn_sum,gnn_sum / recipe 4aad7661ef / IDs32,liberties,4,1,13,0.5,3,1,35,0.5659359049451929,0.544481983140104,0.00390625,10375,3569,6806
20261007T093139714279Z_b4954872_s1,gnn_sum,gnn_sum / recipe 4aad7661ef / IDs32,liberties,4,1,13,1.0,3,1,70,0.6957576771818258,0.6915803031426669,0.0546875,7272,1900,5372
20261007T093139714279Z_b4954872_s1,gnn_sum,gnn_sum / recipe 4aad7661ef / IDs32,liberties,4,1,13,2.0,3,2,140,0.793782947033721,0.8016506459172132,0.31640625,4929,883,4046
20261007T093139714279Z_b4954872_s1,gnn_sum,gnn_sum / recipe 4aad7661ef / IDs32,liberties,4,1,13,4.0,3,4,280,0.8336540875240566,0.8401174741396169,0.55859375,3976,629,3347
20261007T093139714279Z_b4954872_s1,gnn_sum,gnn_sum / recipe 4aad7661ef / IDs32,liberties,4,1,13,0.5,4,1,35,0.5699104677432851,0.5485620550289656,0.00390625,10280,3548,6732
20261007T093139714279Z_b4954872_s1,gnn_sum,gnn_sum / recipe 4aad7661ef / IDs32,liberties,4,1,13,1.0,4,1,70,0.6944607145845536,0.6890089770166353,0.05859375,7303,1981,5322
20261007T093139714279Z_b4954872_s1,gnn_sum,gnn_sum / recipe 4aad7661ef / IDs32,liberties,4,1,13,2.0,4,2,140,0.7948288846121664,0.8022596722408661,0.3203125,4904,895,4009
20261007T093139714279Z_b4954872_s1,gnn_sum,gnn_sum / recipe 4aad7661ef / IDs32,liberties,4,1,13,4.0,4,4,280,0.8318550748891306,0.8409605189587274,0.58203125,4019,652,3367
20261007T093139714279Z_b4954872_s1,gnn_sum,gnn_sum / recipe 4aad7661ef / IDs32,liberties,4,1,13,0.5,5,1,35,0.5651828298887123,0.5440362283522702,0.00390625,10393,3583,6810
20261007T093139714279Z_b4954872_s1,gnn_sum,gnn_sum / recipe 4aad7661ef / IDs32,liberties,4,1,13,1.0,5,1,70,0.6927872144590411,0.6869228870263111,0.05078125,7343,2021,5322
20261007T093139714279Z_b4954872_s1,gnn_sum,gnn_sum / recipe 4aad7661ef / IDs32,liberties,4,1,13,2.0,5,2,140,0.7932808969960673,0.8006778622872155,0.32421875,4941,921,4020
20261007T093139714279Z_b4954872_s1,gnn_sum,gnn_sum / recipe 4aad7661ef / IDs32,liberties,4,1,13,4.0,5,4,280,0.8336540875240566,0.8404274978486121,0.578125,3976,655,3321
20261007T093139714279Z_b4954872_s1,gnn_sum,gnn_sum / recipe 4aad7661ef / IDs32,liberties,4,1,13,0.5,6,1,35,0.5633838172537863,0.5425842459081721,0.00390625,10436,3561,6875
20261007T093139714279Z_b4954872_s1,gnn_sum,gnn_sum / recipe 4aad7661ef / IDs32,liberties,4,1,13,1.0,6,1,70,0.6981424148606811,0.6916134148618965,0.0546875,7215,1954,5261
20261007T093139714279Z_b4954872_s1,gnn_sum,gnn_sum / recipe 4aad7661ef / IDs32,liberties,4,1,13,2.0,6,2,140,0.7934482470086185,0.798500651832163,0.30859375,4937,937,4000
20261007T093139714279Z_b4954872_s1,gnn_sum,gnn_sum / recipe 4aad7661ef / IDs32,liberties,4,1,13,4.0,6,4,280,0.8305162747887206,0.8388030509415177,0.56640625,4051,644,3407
20261007T093139714279Z_b4954872_s1,gnn_sum,gnn_sum / recipe 4aad7661ef / IDs32,liberties,4,1,13,0.5,7,1,35,0.5707890553091791,0.5492021375355245,0.00390625,10259,3581,6678
20261007T093139714279Z_b4954872_s1,gnn_sum,gnn_sum / recipe 4aad7661ef / IDs32,liberties,4,1,13,1.0,7,1,70,0.6928708894653167,0.6875161700445536,0.046875,7341,2000,5341
20261007T093139714279Z_b4954872_s1,gnn_sum,gnn_sum / recipe 4aad7661ef / IDs32,liberties,4,1,13,2.0,7,2,140,0.7990126349259477,0.8075320435002479,0.31640625,4804,849,3955
20261007T093139714279Z_b4954872_s1,gnn_sum,gnn_sum / recipe 4aad7661ef / IDs32,liberties,4,1,13,4.0,7,4,280,0.8319805873985441,0.8400222788241923,0.5703125,4016,620,3396
20261007T093139714279Z_b4954872_s1,gnn_sum,gnn_sum / recipe 4aad7661ef / IDs32,liberties,4,1,19,0.5,0,1,80,0.6165259704353596,0.589116811060289,0.0,20805,5532,15273
20261007T093139714279Z_b4954872_s1,gnn_sum,gnn_sum / recipe 4aad7661ef / IDs32,liberties,4,1,19,1.0,0,1,160,0.6701257050171416,0.6501782423658974,0.0390625,17897,5748,12149
20261007T093139714279Z_b4954872_s1,gnn_sum,gnn_sum / recipe 4aad7661ef / IDs32,liberties,4,1,19,2.0,0,2,320,0.692501935341173,0.6787370308644144,0.2890625,16683,6308,10375
20261007T093139714279Z_b4954872_s1,gnn_sum,gnn_sum / recipe 4aad7661ef / IDs32,liberties,4,1,19,4.0,0,4,640,0.7172743023555866,0.7047399661917138,0.5078125,15339,6326,9013
20261007T093139714279Z_b4954872_s1,gnn_sum,gnn_sum / recipe 4aad7661ef / IDs32,liberties,4,1,19,0.5,1,1,80,0.6129686290411767,0.5849329519147813,0.0,20998,5723,15275
20261007T093139714279Z_b4954872_s1,gnn_sum,gnn_sum / recipe 4aad7661ef / IDs32,liberties,4,1,19,1.0,1,1,160,0.6652412725329008,0.6451092820003244,0.0390625,18162,5751,12411
20261007T093139714279Z_b4954872_s1,gnn_sum,gnn_sum / recipe 4aad7661ef / IDs32,liberties,4,1,19,2.0,1,2,320,0.6866221845393888,0.6711729193909441,0.2890625,17002,6271,10731
20261007T093139714279Z_b4954872_s1,gnn_sum,gnn_sum / recipe 4aad7661ef / IDs32,liberties,4,1,19,4.0,1,4,640,0.7137722564234895,0.7004522623924123,0.50390625,15529,6221,9308
20261007T093139714279Z_b4954872_s1,gnn_sum,gnn_sum / recipe 4aad7661ef / IDs32,liberties,4,1,19,0.5,2,1,80,0.6170973568769123,0.5890794780055939,0.0,20774,5712,15062
20261007T093139714279Z_b4954872_s1,gnn_sum,gnn_sum / recipe 4aad7661ef / IDs32,liberties,4,1,19,1.0,2,1,160,0.6695174549341985,0.649858707285088,0.0390625,17930,5801,12129
20261007T093139714279Z_b4954872_s1,gnn_sum,gnn_sum / recipe 4aad7661ef / IDs32,liberties,4,1,19,2.0,2,2,320,0.6860139344564457,0.6720487216077338,0.2890625,17035,6430,10605
20261007T093139714279Z_b4954872_s1,gnn_sum,gnn_sum / recipe 4aad7661ef / IDs32,liberties,4,1,19,4.0,2,4,640,0.7129612563128986,0.700712075759295,0.49609375,15573,6392,9181
20261007T093139714279Z_b4954872_s1,gnn_sum,gnn_sum / recipe 4aad7661ef / IDs32,liberties,4,1,19,0.5,3,1,80,0.617889925166808,0.5901512467516132,0.0,20731,5519,15212
20261007T093139714279Z_b4954872_s1,gnn_sum,gnn_sum / recipe 4aad7661ef / IDs32,liberties,4,1,19,1.0,3,1,160,0.6642275223946621,0.6434310385250652,0.046875,18217,5902,12315
20261007T093139714279Z_b4954872_s1,gnn_sum,gnn_sum / recipe 4aad7661ef / IDs32,liberties,4,1,19,2.0,3,2,320,0.6889630257676853,0.6744720737090423,0.2890625,16875,6295,10580
20261007T093139714279Z_b4954872_s1,gnn_sum,gnn_sum / recipe 4aad7661ef / IDs32,liberties,4,1,19,4.0,3,4,640,0.7104176650569544,0.6979514507966027,0.515625,15711,6580,9131
20261007T093139714279Z_b4954872_s1,gnn_sum,gnn_sum / recipe 4aad7661ef / IDs32,liberties,4,1,19,0.5,4,1,80,0.6136874700482914,0.5852066392843662,0.0,20959,5807,15152
20261007T093139714279Z_b4954872_s1,gnn_sum,gnn_sum / recipe 4aad7661ef / IDs32,liberties,4,1,19,1.0,4,1,160,0.6670660227817303,0.6463953916243137,0.03515625,18063,5797,12266
20261007T093139714279Z_b4954872_s1,gnn_sum,gnn_sum / recipe 4aad7661ef / IDs32,liberties,4,1,19,2.0,4,2,320,0.6890920485125521,0.6736309591772229,0.2890625,16868,6299,10569
20261007T093139714279Z_b4954872_s1,gnn_sum,gnn_sum / recipe 4aad7661ef / IDs32,liberties,4,1,19,4.0,4,4,640,0.7100305968223541,0.6964425301231933,0.49609375,15732,6492,9240
20261007T093139714279Z_b4954872_s1,gnn_sum,gnn_sum / recipe 4aad7661ef / IDs32,liberties,4,1,19,0.5,5,1,80,0.6175581523942935,0.5894625594735712,0.0,20749,5662,15087
20261007T093139714279Z_b4954872_s1,gnn_sum,gnn_sum / recipe 4aad7661ef / IDs32,liberties,4,1,19,1.0,5,1,160,0.6692225458030744,0.6487770170017892,0.0390625,17946,5773,12173
20261007T093139714279Z_b4954872_s1,gnn_sum,gnn_sum / recipe 4aad7661ef / IDs32,liberties,4,1,19,2.0,5,2,320,0.6936262764035831,0.6776274645374,0.3046875,16622,6267,10355
20261007T093139714279Z_b4954872_s1,gnn_sum,gnn_sum / recipe 4aad7661ef / IDs32,liberties,4,1,19,4.0,5,4,640,0.7141408928373945,0.7014161362591667,0.48828125,15509,6267,9242
20261007T093139714279Z_b4954872_s1,gnn_sum,gnn_sum / recipe 4aad7661ef / IDs32,liberties,4,1,19,0.5,6,1,80,0.6153279020901685,0.5870464230357838,0.0,20870,5737,15133
20261007T093139714279Z_b4954872_s1,gnn_sum,gnn_sum / recipe 4aad7661ef / IDs32,liberties,4,1,19,1.0,6,1,160,0.6638588859807572,0.6430578755111105,0.04296875,18237,5866,12371
20261007T093139714279Z_b4954872_s1,gnn_sum,gnn_sum / recipe 4aad7661ef / IDs32,liberties,4,1,19,2.0,6,2,320,0.6943266855900025,0.679282616432287,0.30078125,16584,6123,10461
20261007T093139714279Z_b4954872_s1,gnn_sum,gnn_sum / recipe 4aad7661ef / IDs32,liberties,4,1,19,4.0,6,4,640,0.711283960629631,0.6980889212755208,0.50390625,15664,6188,9476
20261007T093139714279Z_b4954872_s1,gnn_sum,gnn_sum / recipe 4aad7661ef / IDs32,liberties,4,1,19,0.5,7,1,80,0.6165996977181406,0.5887828211055852,0.0,20801,5568,15233
20261007T093139714279Z_b4954872_s1,gnn_sum,gnn_sum / recipe 4aad7661ef / IDs32,liberties,4,1,19,1.0,7,1,160,0.668448409333874,0.6486986361474613,0.03515625,17988,5599,12389
20261007T093139714279Z_b4954872_s1,gnn_sum,gnn_sum / recipe 4aad7661ef / IDs32,liberties,4,1,19,2.0,7,2,320,0.6910089578648579,0.6742407673236599,0.2890625,16764,6401,10363
20261007T093139714279Z_b4954872_s1,gnn_sum,gnn_sum / recipe 4aad7661ef / IDs32,liberties,4,1,19,4.0,7,4,640,0.7081505511114388,0.6930778728317829,0.5078125,15834,6510,9324
20261007T093139714279Z_b4954872_s1,gnn_sum,gnn_sum / recipe 4aad7661ef / IDs32,liberties,4,1,25,0.5,0,1,143,0.6063195653320673,0.5713214102059201,0.0,37315,11591,25724
20261007T093139714279Z_b4954872_s1,gnn_sum,gnn_sum / recipe 4aad7661ef / IDs32,liberties,4,1,25,1.0,0,1,286,0.625088357862531,0.6004491516134205,0.02734375,35536,14312,21224
20261007T093139714279Z_b4954872_s1,gnn_sum,gnn_sum / recipe 4aad7661ef / IDs32,liberties,4,1,25,2.0,0,2,572,0.6324629424486997,0.6141095715445835,0.28515625,34837,16386,18451
20261007T093139714279Z_b4954872_s1,gnn_sum,gnn_sum / recipe 4aad7661ef / IDs32,liberties,4,1,25,4.0,0,4,1144,0.644901619454555,0.6274283808398677,0.4296875,33658,17758,15900
20261007T093139714279Z_b4954872_s1,gnn_sum,gnn_sum / recipe 4aad7661ef / IDs32,liberties,4,1,25,0.5,1,1,143,0.6038719206625521,0.568695551598546,0.00390625,37547,11516,26031
20261007T093139714279Z_b4954872_s1,gnn_sum,gnn_sum / recipe 4aad7661ef / IDs32,liberties,4,1,25,1.0,1,1,286,0.6273988500290131,0.6021463870324347,0.0390625,35317,14298,21019
20261007T093139714279Z_b4954872_s1,gnn_sum,gnn_sum / recipe 4aad7661ef / IDs32,liberties,4,1,25,2.0,1,2,572,0.6280002110038508,0.6093850520132735,0.265625,35260,16596,18664
20261007T093139714279Z_b4954872_s1,gnn_sum,gnn_sum / recipe 4aad7661ef / IDs32,liberties,4,1,25,4.0,1,4,1144,0.6446062140634067,0.6286052751748382,0.4296875,33686,17527,16159
20261007T093139714279Z_b4954872_s1,gnn_sum,gnn_sum / recipe 4aad7661ef / IDs32,liberties,4,1,25,0.5,2,1,143,0.6039879727805032,0.5687170131686032,0.00390625,37536,11725,25811
20261007T093139714279Z_b4954872_s1,gnn_sum,gnn_sum / recipe 4aad7661ef / IDs32,liberties,4,1,25,1.0,2,1,286,0.62507780766999,0.599675302199313,0.03515625,35537,14500,21037
20261007T093139714279Z_b4954872_s1,gnn_sum,gnn_sum / recipe 4aad7661ef / IDs32,liberties,4,1,25,2.0,2,2,572,0.6307749116421375,0.6130032276814529,0.25390625,34997,16401,18596
20261007T093139714279Z_b4954872_s1,gnn_sum,gnn_sum / recipe 4aad7661ef / IDs32,liberties,4,1,25,4.0,2,4,1144,0.6425383763253679,0.6267590304322171,0.41796875,33882,18041,15841
20261007T093139714279Z_b4954872_s1,gnn_sum,gnn_sum / recipe 4aad7661ef / IDs32,liberties,4,1,25,0.5,3,1,143,0.6044310808672259,0.5696803437078363,0.0,37494,11604,25890
20261007T093139714279Z_b4954872_s1,gnn_sum,gnn_sum / recipe 4aad7661ef / IDs32,liberties,4,1,25,1.0,3,1,286,0.625879622303107,0.6005186000702056,0.03125,35461,14436,21025
20261007T093139714279Z_b4954872_s1,gnn_sum,gnn_sum / recipe 4aad7661ef / IDs32,liberties,4,1,25,2.0,3,2,572,0.6362610117634647,0.6184827482280502,0.2578125,34477,16185,18292
20261007T093139714279Z_b4954872_s1,gnn_sum,gnn_sum / recipe 4aad7661ef / IDs32,liberties,4,1,25,4.0,3,4,1144,0.6488790420425172,0.6320922018274749,0.421875,33281,17389,15892
20261007T093139714279Z_b4954872_s1,gnn_sum,gnn_sum / recipe 4aad7661ef / IDs32,liberties,4,1,25,0.5,4,1,143,0.6008229150181991,0.5657980201246021,0.0,37836,11872,25964
20261007T093139714279Z_b4954872_s1,gnn_sum,gnn_sum / recipe 4aad7661ef / IDs32,liberties,4,1,25,1.0,4,1,286,0.6312602204990241,0.6065148595341822,0.03125,34951,14179,20772
20261007T093139714279Z_b4954872_s1,gnn_sum,gnn_sum / recipe 4aad7661ef / IDs32,liberties,4,1,25,2.0,4,2,572,0.6399746795379015,0.6227832135556566,0.265625,34125,16313,17812
20261007T093139714279Z_b4954872_s1,gnn_sum,gnn_sum / recipe 4aad7661ef / IDs32,liberties,4,1,25,4.0,4,4,1144,0.6487207891544021,0.6332737644359874,0.44140625,33296,17764,15532
20261007T093139714279Z_b4954872_s1,gnn_sum,gnn_sum / recipe 4aad7661ef / IDs32,liberties,4,1,25,0.5,5,1,143,0.6027008492904995,0.5670323622115059,0.0,37658,11643,26015
20261007T093139714279Z_b4954872_s1,gnn_sum,gnn_sum / recipe 4aad7661ef / IDs32,liberties,4,1,25,1.0,5,1,286,0.6332753072743578,0.6082344946330951,0.02734375,34760,13939,20821
20261007T093139714279Z_b4954872_s1,gnn_sum,gnn_sum / recipe 4aad7661ef / IDs32,liberties,4,1,25,2.0,5,2,572,0.6394155193332278,0.6210696320168649,0.2734375,34178,15717,18461
20261007T093139714279Z_b4954872_s1,gnn_sum,gnn_sum / recipe 4aad7661ef / IDs32,liberties,4,1,25,4.0,5,4,1144,0.6437305480825025,0.6258392960342041,0.4296875,33769,17533,16236
20261007T093139714279Z_b4954872_s1,gnn_sum,gnn_sum / recipe 4aad7661ef / IDs32,liberties,4,1,25,0.5,6,1,143,0.6016985809991032,0.5668468249346259,0.0,37753,11823,25930
20261007T093139714279Z_b4954872_s1,gnn_sum,gnn_sum / recipe 4aad7661ef / IDs32,liberties,4,1,25,1.0,6,1,286,0.6301841008598407,0.6049382993867066,0.03125,35053,14319,20734
20261007T093139714279Z_b4954872_s1,gnn_sum,gnn_sum / recipe 4aad7661ef / IDs32,liberties,4,1,25,2.0,6,2,572,0.6313446220393523,0.6136811747471955,0.265625,34943,16469,18474
20261007T093139714279Z_b4954872_s1,gnn_sum,gnn_sum / recipe 4aad7661ef / IDs32,liberties,4,1,25,4.0,6,4,1144,0.648678588384238,0.6320905559363634,0.4296875,33300,17864,15436
20261007T093139714279Z_b4954872_s1,gnn_sum,gnn_sum / recipe 4aad7661ef / IDs32,liberties,4,1,25,0.5,7,1,143,0.6044099804821438,0.5682591568367454,0.00390625,37496,11624,25872
20261007T093139714279Z_b4954872_s1,gnn_sum,gnn_sum / recipe 4aad7661ef / IDs32,liberties,4,1,25,1.0,7,1,286,0.6280529619665559,0.6025133063547174,0.0390625,35255,14300,20955
20261007T093139714279Z_b4954872_s1,gnn_sum,gnn_sum / recipe 4aad7661ef / IDs32,liberties,4,1,25,2.0,7,2,572,0.6301946510523817,0.6117022947555997,0.2578125,35052,16684,18368
20261007T093139714279Z_b4954872_s1,gnn_sum,gnn_sum / recipe 4aad7661ef / IDs32,liberties,4,1,25,4.0,7,4,1144,0.6406182412829035,0.6236744449558833,0.42578125,34064,17997,16067
20261007T093139714279Z_b4954872_s1,gnn_sum,gnn_sum / recipe 4aad7661ef / IDs32,liberties,4,1,37,0.5,0,2,323,0.6097676929248109,0.5767693572991877,0.0,78800,29618,49182
20261007T093139714279Z_b4954872_s1,gnn_sum,gnn_sum / recipe 4aad7661ef / IDs32,liberties,4,1,37,1.0,0,3,646,0.636004377732988,0.6125502387526688,0.0390625,73502,32600,40902
20261007T093139714279Z_b4954872_s1,gnn_sum,gnn_sum / recipe 4aad7661ef / IDs32,liberties,4,1,37,2.0,0,6,1292,0.6370591934868841,0.6146544168242811,0.3046875,73289,35647,37642
20261007T093139714279Z_b4954872_s1,gnn_sum,gnn_sum / recipe 4aad7661ef / IDs32,liberties,4,1,37,4.0,0,12,2584,0.6509896944996063,0.6290165508442063,0.40234375,70476,37888,32588
20261007T093139714279Z_b4954872_s1,gnn_sum,gnn_sum / recipe 4aad7661ef / IDs32,liberties,4,1,37,0.5,1,2,323,0.6144871267908345,0.5811732594400459,0.0,77847,28537,49310
20261007T093139714279Z_b4954872_s1,gnn_sum,gnn_sum / recipe 4aad7661ef / IDs32,liberties,4,1,37,1.0,1,3,646,0.6358756208803997,0.6118544161689472,0.04296875,73528,31880,41648
20261007T093139714279Z_b4954872_s1,gnn_sum,gnn_sum / recipe 4aad7661ef / IDs32,liberties,4,1,37,2.0,1,6,1292,0.6401642145089164,0.6170710074818038,0.33203125,72662,35355,37307
20261007T093139714279Z_b4954872_s1,gnn_sum,gnn_sum / recipe 4aad7661ef / IDs32,liberties,4,1,37,4.0,1,12,2584,0.6531488478737787,0.6296722553925845,0.421875,70040,36970,33070
20261007T093139714279Z_b4954872_s1,gnn_sum,gnn_sum / recipe 4aad7661ef / IDs32,liberties,4,1,37,0.5,2,2,323,0.6116693325938068,0.578628321284566,0.0,78416,29618,48798
20261007T093139714279Z_b4954872_s1,gnn_sum,gnn_sum / recipe 4aad7661ef / IDs32,liberties,4,1,37,1.0,2,3,646,0.6311165695212722,0.6071361314384066,0.046875,74489,33267,41222
20261007T093139714279Z_b4954872_s1,gnn_sum,gnn_sum / recipe 4aad7661ef / IDs32,liberties,4,1,37,2.0,2,6,1292,0.6357567684010875,0.6134628069652054,0.3046875,73552,36353,37199
20261007T093139714279Z_b4954872_s1,gnn_sum,gnn_sum / recipe 4aad7661ef / IDs32,liberties,4,1,37,4.0,2,12,2584,0.649875452506054,0.6270291809307835,0.39453125,70701,38503,32198
20261007T093139714279Z_b4954872_s1,gnn_sum,gnn_sum / recipe 4aad7661ef / IDs32,liberties,4,1,37,0.5,3,2,323,0.6144078918046263,0.5812963287240753,0.0,77863,28271,49592
20261007T093139714279Z_b4954872_s1,gnn_sum,gnn_sum / recipe 4aad7661ef / IDs32,liberties,4,1,37,1.0,3,3,646,0.6319584412497338,0.6084797595855616,0.0546875,74319,32297,42022
20261007T093139714279Z_b4954872_s1,gnn_sum,gnn_sum / recipe 4aad7661ef / IDs32,liberties,4,1,37,2.0,3,6,1292,0.6406099113063373,0.618488295397684,0.30078125,72572,35505,37067
20261007T093139714279Z_b4954872_s1,gnn_sum,gnn_sum / recipe 4aad7661ef / IDs32,liberties,4,1,37,4.0,3,12,2584,0.6539907196022404,0.6314713799771992,0.40625,69870,37464,32406
20261007T093139714279Z_b4954872_s1,gnn_sum,gnn_sum / recipe 4aad7661ef / IDs32,liberties,4,1,37,0.5,4,2,323,0.6115158148080285,0.5786686743561548,0.0,78447,29153,49294
20261007T093139714279Z_b4954872_s1,gnn_sum,gnn_sum / recipe 4aad7661ef / IDs32,liberties,4,1,37,1.0,4,3,646,0.6319782499962858,0.607541574206747,0.0390625,74315,33211,41104
20261007T093139714279Z_b4954872_s1,gnn_sum,gnn_sum / recipe 4aad7661ef / IDs32,liberties,4,1,37,2.0,4,6,1292,0.6363015089312686,0.6133148052942513,0.33203125,73442,35960,37482
20261007T093139714279Z_b4954872_s1,gnn_sum,gnn_sum / recipe 4aad7661ef / IDs32,liberties,4,1,37,4.0,4,12,2584,0.6498160262663979,0.6258331027316414,0.42578125,70713,38593,32120
20261007T093139714279Z_b4954872_s1,gnn_sum,gnn_sum / recipe 4aad7661ef / IDs32,liberties,4,1,37,0.5,5,2,323,0.6107036561993948,0.5769899789547894,0.0,78611,28919,49692
20261007T093139714279Z_b4954872_s1,gnn_sum,gnn_sum / recipe 4aad7661ef / IDs32,liberties,4,1,37,1.0,5,3,646,0.6337957024924356,0.6093331737110906,0.04296875,73948,32093,41855
20261007T093139714279Z_b4954872_s1,gnn_sum,gnn_sum / recipe 4aad7661ef / IDs32,liberties,4,1,37,2.0,5,6,1292,0.6359449514933319,0.6127946914577167,0.31640625,73514,35525,37989
20261007T093139714279Z_b4954872_s1,gnn_sum,gnn_sum / recipe 4aad7661ef / IDs32,liberties,4,1,37,4.0,5,12,2584,0.6514651044168552,0.6280796394488208,0.42578125,70380,36987,33393
20261007T093139714279Z_b4954872_s1,gnn_sum,gnn_sum / recipe 4aad7661ef / IDs32,liberties,4,1,37,0.5,6,2,323,0.6143138002585041,0.58071147734043,0.0,77882,29239,48643
20261007T093139714279Z_b4954872_s1,gnn_sum,gnn_sum / recipe 4aad7661ef / IDs32,liberties,4,1,37,1.0,6,3,646,0.6327953607915575,0.6088251460914585,0.046875,74150,32671,41479
20261007T093139714279Z_b4954872_s1,gnn_sum,gnn_sum / recipe 4aad7661ef / IDs32,liberties,4,1,37,2.0,6,6,1292,0.6393371993403687,0.6164680030153973,0.328125,72829,35871,36958
20261007T093139714279Z_b4954872_s1,gnn_sum,gnn_sum / recipe 4aad7661ef / IDs32,liberties,4,1,37,4.0,6,12,2584,0.6482016134224067,0.6244325376444502,0.41015625,71039,37955,33084
20261007T093139714279Z_b4954872_s1,gnn_sum,gnn_sum / recipe 4aad7661ef / IDs32,liberties,4,1,37,0.5,7,2,323,0.6157598387568031,0.5830569228267479,0.0,77590,28587,49003
20261007T093139714279Z_b4954872_s1,gnn_sum,gnn_sum / recipe 4aad7661ef / IDs32,liberties,4,1,37,1.0,7,3,646,0.6360737083459201,0.6128158111845938,0.046875,73488,32111,41377
20261007T093139714279Z_b4954872_s1,gnn_sum,gnn_sum / recipe 4aad7661ef / IDs32,liberties,4,1,37,2.0,7,6,1292,0.6403325888546088,0.618705226326429,0.3203125,72628,35751,36877
20261007T093139714279Z_b4954872_s1,gnn_sum,gnn_sum / recipe 4aad7661ef / IDs32,liberties,4,1,37,4.0,7,12,2584,0.6531934175535208,0.6302238609302743,0.3984375,70031,37505,32526
20261007T093209523851Z_514805ef_s2,resnet,resnet / recipe 4aad7661ef / IDs32,liberties,4,2,9,0.5,0,1,15,0.9912192444891612,0.9911141000431745,0.87109375,96,46,50
20261007T093209523851Z_514805ef_s2,resnet,resnet / recipe 4aad7661ef / IDs32,liberties,4,2,9,1.0,0,1,30,0.9912192444891612,0.9911141000431745,0.87109375,96,46,50
20261007T093209523851Z_514805ef_s2,resnet,resnet / recipe 4aad7661ef / IDs32,liberties,4,2,9,2.0,0,2,60,0.9912192444891612,0.9911141000431745,0.87109375,96,46,50
20261007T093209523851Z_514805ef_s2,resnet,resnet / recipe 4aad7661ef / IDs32,liberties,4,2,9,4.0,0,4,120,0.9912192444891612,0.9911141000431745,0.87109375,96,46,50
20261007T093209523851Z_514805ef_s2,resnet,resnet / recipe 4aad7661ef / IDs32,liberties,4,2,9,0.5,1,1,15,0.9908533796762097,0.990727943677734,0.8671875,100,48,52
20261007T093209523851Z_514805ef_s2,resnet,resnet / recipe 4aad7661ef / IDs32,liberties,4,2,9,1.0,1,1,30,0.9908533796762097,0.990727943677734,0.8671875,100,48,52
20261007T093209523851Z_514805ef_s2,resnet,resnet / recipe 4aad7661ef / IDs32,liberties,4,2,9,2.0,1,2,60,0.9908533796762097,0.990727943677734,0.8671875,100,48,52
20261007T093209523851Z_514805ef_s2,resnet,resnet / recipe 4aad7661ef / IDs32,liberties,4,2,9,4.0,1,4,120,0.9908533796762097,0.990727943677734,0.8671875,100,48,52
20261007T093209523851Z_514805ef_s2,resnet,resnet / recipe 4aad7661ef / IDs32,liberties,4,2,9,0.5,2,1,15,0.9908533796762097,0.9908785835381281,0.87109375,100,48,52
20261007T093209523851Z_514805ef_s2,resnet,resnet / recipe 4aad7661ef / IDs32,liberties,4,2,9,1.0,2,1,30,0.9908533796762097,0.9908785835381281,0.87109375,100,48,52
20261007T093209523851Z_514805ef_s2,resnet,resnet / recipe 4aad7661ef / IDs32,liberties,4,2,9,2.0,2,2,60,0.9908533796762097,0.9908785835381281,0.87109375,100,48,52
20261007T093209523851Z_514805ef_s2,resnet,resnet / recipe 4aad7661ef / IDs32,liberties,4,2,9,4.0,2,4,120,0.9908533796762097,0.9908785835381281,0.87109375,100,48,52
20261007T093209523851Z_514805ef_s2,resnet,resnet / recipe 4aad7661ef / IDs32,liberties,4,2,9,0.5,3,1,15,0.9906704472697339,0.9905600523615091,0.8671875,102,50,52
20261007T093209523851Z_514805ef_s2,resnet,resnet / recipe 4aad7661ef / IDs32,liberties,4,2,9,1.0,3,1,30,0.9906704472697339,0.9905600523615091,0.8671875,102,50,52
20261007T093209523851Z_514805ef_s2,resnet,resnet / recipe 4aad7661ef / IDs32,liberties,4,2,9,2.0,3,2,60,0.9906704472697339,0.9905600523615091,0.8671875,102,50,52
20261007T093209523851Z_514805ef_s2,resnet,resnet / recipe 4aad7661ef / IDs32,liberties,4,2,9,4.0,3,4,120,0.9906704472697339,0.9905600523615091,0.8671875,102,50,52
20261007T093209523851Z_514805ef_s2,resnet,resnet / recipe 4aad7661ef / IDs32,liberties,4,2,9,0.5,4,1,15,0.9897557852373547,0.9895520859991435,0.8515625,112,53,59
20261007T093209523851Z_514805ef_s2,resnet,resnet / recipe 4aad7661ef / IDs32,liberties,4,2,9,1.0,4,1,30,0.9897557852373547,0.9895520859991435,0.8515625,112,53,59
20261007T093209523851Z_514805ef_s2,resnet,resnet / recipe 4aad7661ef / IDs32,liberties,4,2,9,2.0,4,2,60,0.9897557852373547,0.9895520859991435,0.8515625,112,53,59
20261007T093209523851Z_514805ef_s2,resnet,resnet / recipe 4aad7661ef / IDs32,liberties,4,2,9,4.0,4,4,120,0.9897557852373547,0.9895520859991435,0.8515625,112,53,59
20261007T093209523851Z_514805ef_s2,resnet,resnet / recipe 4aad7661ef / IDs32,liberties,4,2,9,0.5,5,1,15,0.9908533796762097,0.9905075258893068,0.87109375,100,51,49
20261007T093209523851Z_514805ef_s2,resnet,resnet / recipe 4aad7661ef / IDs32,liberties,4,2,9,1.0,5,1,30,0.9908533796762097,0.9905075258893068,0.87109375,100,51,49
20261007T093209523851Z_514805ef_s2,resnet,resnet / recipe 4aad7661ef / IDs32,liberties,4,2,9,2.0,5,2,60,0.9908533796762097,0.9905075258893068,0.87109375,100,51,49
20261007T093209523851Z_514805ef_s2,resnet,resnet / recipe 4aad7661ef / IDs32,liberties,4,2,9,4.0,5,4,120,0.9908533796762097,0.9905075258893068,0.87109375,100,51,49
20261007T093209523851Z_514805ef_s2,resnet,resnet / recipe 4aad7661ef / IDs32,liberties,4,2,9,0.5,6,1,15,0.9898472514405927,0.9897752069856539,0.859375,111,52,59
20261007T093209523851Z_514805ef_s2,resnet,resnet / recipe 4aad7661ef / IDs32,liberties,4,2,9,1.0,6,1,30,0.9898472514405927,0.9897752069856539,0.859375,111,52,59
20261007T093209523851Z_514805ef_s2,resnet,resnet / recipe 4aad7661ef / IDs32,liberties,4,2,9,2.0,6,2,60,0.9898472514405927,0.9897752069856539,0.859375,111,52,59
20261007T093209523851Z_514805ef_s2,resnet,resnet / recipe 4aad7661ef / IDs32,liberties,4,2,9,4.0,6,4,120,0.9898472514405927,0.9897752069856539,0.859375,111,52,59
20261007T093209523851Z_514805ef_s2,resnet,resnet / recipe 4aad7661ef / IDs32,liberties,4,2,9,0.5,7,1,15,0.9900301838470685,0.9900541876531097,0.859375,109,52,57
20261007T093209523851Z_514805ef_s2,resnet,resnet / recipe 4aad7661ef / IDs32,liberties,4,2,9,1.0,7,1,30,0.9900301838470685,0.9900541876531097,0.859375,109,52,57
20261007T093209523851Z_514805ef_s2,resnet,resnet / recipe 4aad7661ef / IDs32,liberties,4,2,9,2.0,7,2,60,0.9900301838470685,0.9900541876531097,0.859375,109,52,57
20261007T093209523851Z_514805ef_s2,resnet,resnet / recipe 4aad7661ef / IDs32,liberties,4,2,9,4.0,7,4,120,0.9900301838470685,0.9900541876531097,0.859375,109,52,57
20261007T093209523851Z_514805ef_s2,resnet,resnet / recipe 4aad7661ef / IDs32,liberties,4,2,13,0.5,0,1,35,0.8789641034223078,0.8909468379133071,0.5390625,2893,129,2764
20261007T093209523851Z_514805ef_s2,resnet,resnet / recipe 4aad7661ef / IDs32,liberties,4,2,13,1.0,0,1,70,0.8789641034223078,0.8909468379133071,0.5390625,2893,129,2764
20261007T093209523851Z_514805ef_s2,resnet,resnet / recipe 4aad7661ef / IDs32,liberties,4,2,13,2.0,0,2,140,0.8789641034223078,0.8909468379133071,0.5390625,2893,129,2764
20261007T093209523851Z_514805ef_s2,resnet,resnet / recipe 4aad7661ef / IDs32,liberties,4,2,13,4.0,0,4,280,0.8789641034223078,0.8909468379133071,0.5390625,2893,129,2764
20261007T093209523851Z_514805ef_s2,resnet,resnet / recipe 4aad7661ef / IDs32,liberties,4,2,13,0.5,1,1,35,0.87892226591917,0.8911798483267173,0.515625,2894,129,2765
20261007T093209523851Z_514805ef_s2,resnet,resnet / recipe 4aad7661ef / IDs32,liberties,4,2,13,1.0,1,1,70,0.87892226591917,0.8911798483267173,0.515625,2894,129,2765
20261007T093209523851Z_514805ef_s2,resnet,resnet / recipe 4aad7661ef / IDs32,liberties,4,2,13,2.0,1,2,140,0.87892226591917,0.8911798483267173,0.515625,2894,129,2765
20261007T093209523851Z_514805ef_s2,resnet,resnet / recipe 4aad7661ef / IDs32,liberties,4,2,13,4.0,1,4,280,0.87892226591917,0.8911798483267173,0.515625,2894,129,2765
20261007T093209523851Z_514805ef_s2,resnet,resnet / recipe 4aad7661ef / IDs32,liberties,4,2,13,0.5,2,1,35,0.8783365408752406,0.8901228141558568,0.5390625,2908,125,2783
20261007T093209523851Z_514805ef_s2,resnet,resnet / recipe 4aad7661ef / IDs32,liberties,4,2,13,1.0,2,1,70,0.8783365408752406,0.8901228141558568,0.5390625,2908,125,2783
20261007T093209523851Z_514805ef_s2,resnet,resnet / recipe 4aad7661ef / IDs32,liberties,4,2,13,2.0,2,2,140,0.8783365408752406,0.8901228141558568,0.5390625,2908,125,2783
20261007T093209523851Z_514805ef_s2,resnet,resnet / recipe 4aad7661ef / IDs32,liberties,4,2,13,4.0,2,4,280,0.8783365408752406,0.8901228141558568,0.5390625,2908,125,2783
20261007T093209523851Z_514805ef_s2,resnet,resnet / recipe 4aad7661ef / IDs32,liberties,4,2,13,0.5,3,1,35,0.8795498284662371,0.8917180003818854,0.5234375,2879,126,2753
20261007T093209523851Z_514805ef_s2,resnet,resnet / recipe 4aad7661ef / IDs32,liberties,4,2,13,1.0,3,1,70,0.8795498284662371,0.8917180003818854,0.5234375,2879,126,2753
20261007T093209523851Z_514805ef_s2,resnet,resnet / recipe 4aad7661ef / IDs32,liberties,4,2,13,2.0,3,2,140,0.8795498284662371,0.8917180003818854,0.5234375,2879,126,2753
20261007T093209523851Z_514805ef_s2,resnet,resnet / recipe 4aad7661ef / IDs32,liberties,4,2,13,4.0,3,4,280,0.8795498284662371,0.8917180003818854,0.5234375,2879,126,2753
20261007T093209523851Z_514805ef_s2,resnet,resnet / recipe 4aad7661ef / IDs32,liberties,4,2,13,0.5,4,1,35,0.8799682034976153,0.8919499762393188,0.53515625,2869,131,2738
20261007T093209523851Z_514805ef_s2,resnet,resnet / recipe 4aad7661ef / IDs32,liberties,4,2,13,1.0,4,1,70,0.8799682034976153,0.8919499762393188,0.53515625,2869,131,2738
20261007T093209523851Z_514805ef_s2,resnet,resnet / recipe 4aad7661ef / IDs32,liberties,4,2,13,2.0,4,2,140,0.8799682034976153,0.8919499762393188,0.53515625,2869,131,2738
20261007T093209523851Z_514805ef_s2,resnet,resnet / recipe 4aad7661ef / IDs32,liberties,4,2,13,4.0,4,4,280,0.8799682034976153,0.8919499762393188,0.53515625,2869,131,2738
20261007T093209523851Z_514805ef_s2,resnet,resnet / recipe 4aad7661ef / IDs32,liberties,4,2,13,0.5,5,1,35,0.8772487657936574,0.8898656975437078,0.51953125,2934,130,2804
20261007T093209523851Z_514805ef_s2,resnet,resnet / recipe 4aad7661ef / IDs32,liberties,4,2,13,1.0,5,1,70,0.8772487657936574,0.8898656975437078,0.51953125,2934,130,2804
20261007T093209523851Z_514805ef_s2,resnet,resnet / recipe 4aad7661ef / IDs32,liberties,4,2,13,2.0,5,2,140,0.8772487657936574,0.8898656975437078,0.51953125,2934,130,2804
20261007T093209523851Z_514805ef_s2,resnet,resnet / recipe 4aad7661ef / IDs32,liberties,4,2,13,4.0,5,4,280,0.8772487657936574,0.8898656975437078,0.51953125,2934,130,2804
20261007T093209523851Z_514805ef_s2,resnet,resnet / recipe 4aad7661ef / IDs32,liberties,4,2,13,0.5,6,1,35,0.8813070035980253,0.8931739777111906,0.53125,2837,128,2709
20261007T093209523851Z_514805ef_s2,resnet,resnet / recipe 4aad7661ef / IDs32,liberties,4,2,13,1.0,6,1,70,0.8813070035980253,0.8931739777111906,0.53125,2837,128,2709
20261007T093209523851Z_514805ef_s2,resnet,resnet / recipe 4aad7661ef / IDs32,liberties,4,2,13,2.0,6,2,140,0.8813070035980253,0.8931739777111906,0.53125,2837,128,2709
20261007T093209523851Z_514805ef_s2,resnet,resnet / recipe 4aad7661ef / IDs32,liberties,4,2,13,4.0,6,4,280,0.8813070035980253,0.8931739777111906,0.53125,2837,128,2709
20261007T093209523851Z_514805ef_s2,resnet,resnet / recipe 4aad7661ef / IDs32,liberties,4,2,13,0.5,7,1,35,0.8788385909128943,0.8904279579382256,0.54296875,2896,138,2758
20261007T093209523851Z_514805ef_s2,resnet,resnet / recipe 4aad7661ef / IDs32,liberties,4,2,13,1.0,7,1,70,0.8788385909128943,0.8904279579382256,0.54296875,2896,138,2758
20261007T093209523851Z_514805ef_s2,resnet,resnet / recipe 4aad7661ef / IDs32,liberties,4,2,13,2.0,7,2,140,0.8788385909128943,0.8904279579382256,0.54296875,2896,138,2758
20261007T093209523851Z_514805ef_s2,resnet,resnet / recipe 4aad7661ef / IDs32,liberties,4,2,13,4.0,7,4,280,0.8788385909128943,0.8904279579382256,0.54296875,2896,138,2758
20261007T093209523851Z_514805ef_s2,resnet,resnet / recipe 4aad7661ef / IDs32,liberties,4,2,19,0.5,0,1,80,0.7763482876838574,0.770134648433958,0.34375,12134,422,11712
20261007T093209523851Z_514805ef_s2,resnet,resnet / recipe 4aad7661ef / IDs32,liberties,4,2,19,1.0,0,1,160,0.7763482876838574,0.770134648433958,0.34375,12134,422,11712
20261007T093209523851Z_514805ef_s2,resnet,resnet / recipe 4aad7661ef / IDs32,liberties,4,2,19,2.0,0,2,320,0.7763482876838574,0.770134648433958,0.34375,12134,422,11712
20261007T093209523851Z_514805ef_s2,resnet,resnet / recipe 4aad7661ef / IDs32,liberties,4,2,19,4.0,0,4,640,0.7763482876838574,0.770134648433958,0.34375,12134,422,11712
20261007T093209523851Z_514805ef_s2,resnet,resnet / recipe 4aad7661ef / IDs32,liberties,4,2,19,0.5,1,1,80,0.7759059239871714,0.7696006006853628,0.3359375,12158,435,11723
20261007T093209523851Z_514805ef_s2,resnet,resnet / recipe 4aad7661ef / IDs32,liberties,4,2,19,1.0,1,1,160,0.7759059239871714,0.7696006006853628,0.3359375,12158,435,11723
20261007T093209523851Z_514805ef_s2,resnet,resnet / recipe 4aad7661ef / IDs32,liberties,4,2,19,2.0,1,2,320,0.7759059239871714,0.7696006006853628,0.3359375,12158,435,11723
20261007T093209523851Z_514805ef_s2,resnet,resnet / recipe 4aad7661ef / IDs32,liberties,4,2,19,4.0,1,4,640,0.7759059239871714,0.7696006006853628,0.3359375,12158,435,11723
20261007T093209523851Z_514805ef_s2,resnet,resnet / recipe 4aad7661ef / IDs32,liberties,4,2,19,0.5,2,1,80,0.7756110148560474,0.769216620961263,0.34765625,12174,422,11752
20261007T093209523851Z_514805ef_s2,resnet,resnet / recipe 4aad7661ef / IDs32,liberties,4,2,19,1.0,2,1,160,0.7756110148560474,0.769216620961263,0.34765625,12174,422,11752
20261007T093209523851Z_514805ef_s2,resnet,resnet / recipe 4aad7661ef / IDs32,liberties,4,2,19,2.0,2,2,320,0.7756110148560474,0.769216620961263,0.34765625,12174,422,11752
20261007T093209523851Z_514805ef_s2,resnet,resnet / recipe 4aad7661ef / IDs32,liberties,4,2,19,4.0,2,4,640,0.7756110148560474,0.769216620961263,0.34765625,12174,422,11752
20261007T093209523851Z_514805ef_s2,resnet,resnet / recipe 4aad7661ef / IDs32,liberties,4,2,19,0.5,3,1,80,0.7760902421941239,0.769661035954294,0.34765625,12148,431,11717
20261007T093209523851Z_514805ef_s2,resnet,resnet / recipe 4aad7661ef / IDs32,liberties,4,2,19,1.0,3,1,160,0.7760902421941239,0.769661035954294,0.34765625,12148,431,11717
20261007T093209523851Z_514805ef_s2,resnet,resnet / recipe 4aad7661ef / IDs32,liberties,4,2,19,2.0,3,2,320,0.7760902421941239,0.769661035954294,0.34765625,12148,431,11717
20261007T093209523851Z_514805ef_s2,resnet,resnet / recipe 4aad7661ef / IDs32,liberties,4,2,19,4.0,3,4,640,0.7760902421941239,0.769661035954294,0.34765625,12148,431,11717
20261007T093209523851Z_514805ef_s2,resnet,resnet / recipe 4aad7661ef / IDs32,liberties,4,2,19,0.5,4,1,80,0.7756847421388284,0.7693158491413524,0.3515625,12170,443,11727
20261007T093209523851Z_514805ef_s2,resnet,resnet / recipe 4aad7661ef / IDs32,liberties,4,2,19,1.0,4,1,160,0.7756847421388284,0.7693158491413524,0.3515625,12170,443,11727
20261007T093209523851Z_514805ef_s2,resnet,resnet / recipe 4aad7661ef / IDs32,liberties,4,2,19,2.0,4,2,320,0.7756847421388284,0.7693158491413524,0.3515625,12170,443,11727
20261007T093209523851Z_514805ef_s2,resnet,resnet / recipe 4aad7661ef / IDs32,liberties,4,2,19,4.0,4,4,640,0.7756847421388284,0.7693158491413524,0.3515625,12170,443,11727
20261007T093209523851Z_514805ef_s2,resnet,resnet / recipe 4aad7661ef / IDs32,liberties,4,2,19,0.5,5,1,80,0.7766431968149814,0.7702530864788414,0.3359375,12118,419,11699
20261007T093209523851Z_514805ef_s2,resnet,resnet / recipe 4aad7661ef / IDs32,liberties,4,2,19,1.0,5,1,160,0.7766431968149814,0.7702530864788414,0.3359375,12118,419,11699
20261007T093209523851Z_514805ef_s2,resnet,resnet / recipe 4aad7661ef / IDs32,liberties,4,2,19,2.0,5,2,320,0.7766431968149814,0.7702530864788414,0.3359375,12118,419,11699
20261007T093209523851Z_514805ef_s2,resnet,resnet / recipe 4aad7661ef / IDs32,liberties,4,2,19,4.0,5,4,640,0.7766431968149814,0.7702530864788414,0.3359375,12118,419,11699
20261007T093209523851Z_514805ef_s2,resnet,resnet / recipe 4aad7661ef / IDs32,liberties,4,2,19,0.5,6,1,80,0.7764957422494194,0.7702192083995181,0.34375,12126,423,11703
20261007T093209523851Z_514805ef_s2,resnet,resnet / recipe 4aad7661ef / IDs32,liberties,4,2,19,1.0,6,1,160,0.7764957422494194,0.7702192083995181,0.34375,12126,423,11703
20261007T093209523851Z_514805ef_s2,resnet,resnet / recipe 4aad7661ef / IDs32,liberties,4,2,19,2.0,6,2,320,0.7764957422494194,0.7702192083995181,0.34375,12126,423,11703
20261007T093209523851Z_514805ef_s2,resnet,resnet / recipe 4aad7661ef / IDs32,liberties,4,2,19,4.0,6,4,640,0.7764957422494194,0.7702192083995181,0.34375,12126,423,11703
20261007T093209523851Z_514805ef_s2,resnet,resnet / recipe 4aad7661ef / IDs32,liberties,4,2,19,0.5,7,1,80,0.7761639694769049,0.769854541078033,0.33984375,12144,415,11729
20261007T093209523851Z_514805ef_s2,resnet,resnet / recipe 4aad7661ef / IDs32,liberties,4,2,19,1.0,7,1,160,0.7761639694769049,0.769854541078033,0.33984375,12144,415,11729
20261007T093209523851Z_514805ef_s2,resnet,resnet / recipe 4aad7661ef / IDs32,liberties,4,2,19,2.0,7,2,320,0.7761639694769049,0.769854541078033,0.33984375,12144,415,11729
20261007T093209523851Z_514805ef_s2,resnet,resnet / recipe 4aad7661ef / IDs32,liberties,4,2,19,4.0,7,4,640,0.7761639694769049,0.769854541078033,0.33984375,12144,415,11729
20261007T093209523851Z_514805ef_s2,resnet,resnet / recipe 4aad7661ef / IDs32,liberties,4,2,25,0.5,0,1,143,0.7382497230574459,0.7140143619990442,0.25390625,24810,618,24192
20261007T093209523851Z_514805ef_s2,resnet,resnet / recipe 4aad7661ef / IDs32,liberties,4,2,25,1.0,0,1,286,0.7382497230574459,0.7140143619990442,0.25390625,24810,618,24192
20261007T093209523851Z_514805ef_s2,resnet,resnet / recipe 4aad7661ef / IDs32,liberties,4,2,25,2.0,0,2,572,0.7382497230574459,0.7140143619990442,0.25390625,24810,618,24192
20261007T093209523851Z_514805ef_s2,resnet,resnet / recipe 4aad7661ef / IDs32,liberties,4,2,25,4.0,0,4,1144,0.7382497230574459,0.7140143619990442,0.25390625,24810,618,24192
20261007T093209523851Z_514805ef_s2,resnet,resnet / recipe 4aad7661ef / IDs32,liberties,4,2,25,0.5,1,1,143,0.7378910165110514,0.713546385526905,0.2578125,24844,612,24232
20261007T093209523851Z_514805ef_s2,resnet,resnet / recipe 4aad7661ef / IDs32,liberties,4,2,25,1.0,1,1,286,0.7378910165110514,0.713546385526905,0.2578125,24844,612,24232
20261007T093209523851Z_514805ef_s2,resnet,resnet / recipe 4aad7661ef / IDs32,liberties,4,2,25,2.0,1,2,572,0.7378910165110514,0.713546385526905,0.2578125,24844,612,24232
20261007T093209523851Z_514805ef_s2,resnet,resnet / recipe 4aad7661ef / IDs32,liberties,4,2,25,4.0,1,4,1144,0.7378910165110514,0.713546385526905,0.2578125,24844,612,24232
20261007T093209523851Z_514805ef_s2,resnet,resnet / recipe 4aad7661ef / IDs32,liberties,4,2,25,0.5,2,1,143,0.7378488157408872,0.7134999016834009,0.24609375,24848,609,24239
20261007T093209523851Z_514805ef_s2,resnet,resnet / recipe 4aad7661ef / IDs32,liberties,4,2,25,1.0,2,1,286,0.7378488157408872,0.7134999016834009,0.24609375,24848,609,24239
20261007T093209523851Z_514805ef_s2,resnet,resnet / recipe 4aad7661ef / IDs32,liberties,4,2,25,2.0,2,2,572,0.7378488157408872,0.7134999016834009,0.24609375,24848,609,24239
20261007T093209523851Z_514805ef_s2,resnet,resnet / recipe 4aad7661ef / IDs32,liberties,4,2,25,4.0,2,4,1144,0.7378488157408872,0.7134999016834009,0.24609375,24848,609,24239
20261007T093209523851Z_514805ef_s2,resnet,resnet / recipe 4aad7661ef / IDs32,liberties,4,2,25,0.5,3,1,143,0.7378699161259693,0.7134047442264162,0.2578125,24846,598,24248
20261007T093209523851Z_514805ef_s2,resnet,resnet / recipe 4aad7661ef / IDs32,liberties,4,2,25,1.0,3,1,286,0.7378699161259693,0.7134047442264162,0.2578125,24846,598,24248
20261007T093209523851Z_514805ef_s2,resnet,resnet / recipe 4aad7661ef / IDs32,liberties,4,2,25,2.0,3,2,572,0.7378699161259693,0.7134047442264162,0.2578125,24846,598,24248
20261007T093209523851Z_514805ef_s2,resnet,resnet / recipe 4aad7661ef / IDs32,liberties,4,2,25,4.0,3,4,1144,0.7378699161259693,0.7134047442264162,0.2578125,24846,598,24248
20261007T093209523851Z_514805ef_s2,resnet,resnet / recipe 4aad7661ef / IDs32,liberties,4,2,25,0.5,4,1,143,0.7384923774858891,0.7141053888491442,0.2578125,24787,603,24184
20261007T093209523851Z_514805ef_s2,resnet,resnet / recipe 4aad7661ef / IDs32,liberties,4,2,25,1.0,4,1,286,0.7384923774858891,0.7141053888491442,0.2578125,24787,603,24184
20261007T093209523851Z_514805ef_s2,resnet,resnet / recipe 4aad7661ef / IDs32,liberties,4,2,25,2.0,4,2,572,0.7384923774858891,0.7141053888491442,0.2578125,24787,603,24184
20261007T093209523851Z_514805ef_s2,resnet,resnet / recipe 4aad7661ef / IDs32,liberties,4,2,25,4.0,4,4,1144,0.7384923774858891,0.7141053888491442,0.2578125,24787,603,24184
20261007T093209523851Z_514805ef_s2,resnet,resnet / recipe 4aad7661ef / IDs32,liberties,4,2,25,0.5,5,1,143,0.7380281690140845,0.713585826306557,0.25,24831,596,24235
20261007T093209523851Z_514805ef_s2,resnet,resnet / recipe 4aad7661ef / IDs32,liberties,4,2,25,1.0,5,1,286,0.7380281690140845,0.713585826306557,0.25,24831,596,24235
20261007T093209523851Z_514805ef_s2,resnet,resnet / recipe 4aad7661ef / IDs32,liberties,4,2,25,2.0,5,2,572,0.7380281690140845,0.713585826306557,0.25,24831,596,24235
20261007T093209523851Z_514805ef_s2,resnet,resnet / recipe 4aad7661ef / IDs32,liberties,4,2,25,4.0,5,4,1144,0.7380281690140845,0.713585826306557,0.25,24831,596,24235
20261007T093209523851Z_514805ef_s2,resnet,resnet / recipe 4aad7661ef / IDs32,liberties,4,2,25,0.5,6,1,143,0.73766946246769,0.7131905182097782,0.25,24865,613,24252
20261007T093209523851Z_514805ef_s2,resnet,resnet / recipe 4aad7661ef / IDs32,liberties,4,2,25,1.0,6,1,286,0.73766946246769,0.7131905182097782,0.25,24865,613,24252
20261007T093209523851Z_514805ef_s2,resnet,resnet / recipe 4aad7661ef / IDs32,liberties,4,2,25,2.0,6,2,572,0.73766946246769,0.7131905182097782,0.25,24865,613,24252
20261007T093209523851Z_514805ef_s2,resnet,resnet / recipe 4aad7661ef / IDs32,liberties,4,2,25,4.0,6,4,1144,0.73766946246769,0.7131905182097782,0.25,24865,613,24252
20261007T093209523851Z_514805ef_s2,resnet,resnet / recipe 4aad7661ef / IDs32,liberties,4,2,25,0.5,7,1,143,0.7379965184364614,0.7136120177468098,0.25,24834,628,24206
20261007T093209523851Z_514805ef_s2,resnet,resnet / recipe 4aad7661ef / IDs32,liberties,4,2,25,1.0,7,1,286,0.7379965184364614,0.7136120177468098,0.25,24834,628,24206
20261007T093209523851Z_514805ef_s2,resnet,resnet / recipe 4aad7661ef / IDs32,liberties,4,2,25,2.0,7,2,572,0.7379965184364614,0.7136120177468098,0.25,24834,628,24206
20261007T093209523851Z_514805ef_s2,resnet,resnet / recipe 4aad7661ef / IDs32,liberties,4,2,25,4.0,7,4,1144,0.7379965184364614,0.7136120177468098,0.25,24834,628,24206
20261007T093209523851Z_514805ef_s2,resnet,resnet / recipe 4aad7661ef / IDs32,liberties,4,2,37,0.5,0,2,323,0.7201965027657963,0.700026035092471,0.234375,56501,883,55618
20261007T093209523851Z_514805ef_s2,resnet,resnet / recipe 4aad7661ef / IDs32,liberties,4,2,37,1.0,0,3,646,0.7201965027657963,0.700026035092471,0.234375,56501,883,55618
20261007T093209523851Z_514805ef_s2,resnet,resnet / recipe 4aad7661ef / IDs32,liberties,4,2,37,2.0,0,6,1292,0.7201965027657963,0.700026035092471,0.234375,56501,883,55618
20261007T093209523851Z_514805ef_s2,resnet,resnet / recipe 4aad7661ef / IDs32,liberties,4,2,37,4.0,0,12,2584,0.7201965027657963,0.700026035092471,0.234375,56501,883,55618
20261007T093209523851Z_514805ef_s2,resnet,resnet / recipe 4aad7661ef / IDs32,liberties,4,2,37,0.5,1,2,323,0.7203104030584705,0.7001030357071437,0.2421875,56478,902,55576
20261007T093209523851Z_514805ef_s2,resnet,resnet / recipe 4aad7661ef / IDs32,liberties,4,2,37,1.0,1,3,646,0.7203104030584705,0.7001030357071437,0.2421875,56478,902,55576
20261007T093209523851Z_514805ef_s2,resnet,resnet / recipe 4aad7661ef / IDs32,liberties,4,2,37,2.0,1,6,1292,0.7203104030584705,0.7001030357071437,0.2421875,56478,902,55576
20261007T093209523851Z_514805ef_s2,resnet,resnet / recipe 4aad7661ef / IDs32,liberties,4,2,37,4.0,1,12,2584,0.7203104030584705,0.7001030357071437,0.2421875,56478,902,55576
20261007T093209523851Z_514805ef_s2,resnet,resnet / recipe 4aad7661ef / IDs32,liberties,4,2,37,0.5,2,2,323,0.72008755465976,0.6999087081293025,0.21875,56523,910,55613
20261007T093209523851Z_514805ef_s2,resnet,resnet / recipe 4aad7661ef / IDs32,liberties,4,2,37,1.0,2,3,646,0.72008755465976,0.6999087081293025,0.21875,56523,910,55613
20261007T093209523851Z_514805ef_s2,resnet,resnet / recipe 4aad7661ef / IDs32,liberties,4,2,37,2.0,2,6,1292,0.72008755465976,0.6999087081293025,0.21875,56523,910,55613
20261007T093209523851Z_514805ef_s2,resnet,resnet / recipe 4aad7661ef / IDs32,liberties,4,2,37,4.0,2,12,2584,0.72008755465976,0.6999087081293025,0.21875,56523,910,55613
20261007T093209523851Z_514805ef_s2,resnet,resnet / recipe 4aad7661ef / IDs32,liberties,4,2,37,0.5,3,2,323,0.7203945902313167,0.7002006911775798,0.22265625,56461,884,55577
20261007T093209523851Z_514805ef_s2,resnet,resnet / recipe 4aad7661ef / IDs32,liberties,4,2,37,1.0,3,3,646,0.7203945902313167,0.7002006911775798,0.22265625,56461,884,55577
20261007T093209523851Z_514805ef_s2,resnet,resnet / recipe 4aad7661ef / IDs32,liberties,4,2,37,2.0,3,6,1292,0.7203945902313167,0.7002006911775798,0.22265625,56461,884,55577
20261007T093209523851Z_514805ef_s2,resnet,resnet / recipe 4aad7661ef / IDs32,liberties,4,2,37,4.0,3,12,2584,0.7203945902313167,0.7002006911775798,0.22265625,56461,884,55577
20261007T093209523851Z_514805ef_s2,resnet,resnet / recipe 4aad7661ef / IDs32,liberties,4,2,37,0.5,4,2,323,0.7202410724455384,0.7000197294659463,0.23046875,56492,888,55604
20261007T093209523851Z_514805ef_s2,resnet,resnet / recipe 4aad7661ef / IDs32,liberties,4,2,37,1.0,4,3,646,0.7202410724455384,0.7000197294659463,0.23046875,56492,888,55604
20261007T093209523851Z_514805ef_s2,resnet,resnet / recipe 4aad7661ef / IDs32,liberties,4,2,37,2.0,4,6,1292,0.7202410724455384,0.7000197294659463,0.23046875,56492,888,55604
20261007T093209523851Z_514805ef_s2,resnet,resnet / recipe 4aad7661ef / IDs32,liberties,4,2,37,4.0,4,12,2584,0.7202410724455384,0.7000197294659463,0.23046875,56492,888,55604
20261007T093209523851Z_514805ef_s2,resnet,resnet / recipe 4aad7661ef / IDs32,liberties,4,2,37,0.5,5,2,323,0.7203450683649365,0.7001307525179787,0.2265625,56471,874,55597
20261007T093209523851Z_514805ef_s2,resnet,resnet / recipe 4aad7661ef / IDs32,liberties,4,2,37,1.0,5,3,646,0.7203450683649365,0.7001307525179787,0.2265625,56471,874,55597
20261007T093209523851Z_514805ef_s2,resnet,resnet / recipe 4aad7661ef / IDs32,liberties,4,2,37,2.0,5,6,1292,0.7203450683649365,0.7001307525179787,0.2265625,56471,874,55597
20261007T093209523851Z_514805ef_s2,resnet,resnet / recipe 4aad7661ef / IDs32,liberties,4,2,37,4.0,5,12,2584,0.7203450683649365,0.7001307525179787,0.2265625,56471,874,55597
20261007T093209523851Z_514805ef_s2,resnet,resnet / recipe 4aad7661ef / IDs32,liberties,4,2,37,0.5,6,2,323,0.7202608811920904,0.7000244357181402,0.23046875,56488,876,55612
20261007T093209523851Z_514805ef_s2,resnet,resnet / recipe 4aad7661ef / IDs32,liberties,4,2,37,1.0,6,3,646,0.7202608811920904,0.7000244357181402,0.23046875,56488,876,55612
20261007T093209523851Z_514805ef_s2,resnet,resnet / recipe 4aad7661ef / IDs32,liberties,4,2,37,2.0,6,6,1292,0.7202608811920904,0.7000244357181402,0.23046875,56488,876,55612
20261007T093209523851Z_514805ef_s2,resnet,resnet / recipe 4aad7661ef / IDs32,liberties,4,2,37,4.0,6,12,2584,0.7202608811920904,0.7000244357181402,0.23046875,56488,876,55612
20261007T093209523851Z_514805ef_s2,resnet,resnet / recipe 4aad7661ef / IDs32,liberties,4,2,37,0.5,7,2,323,0.7203252596183845,0.7001598136626455,0.23828125,56475,882,55593
20261007T093209523851Z_514805ef_s2,resnet,resnet / recipe 4aad7661ef / IDs32,liberties,4,2,37,1.0,7,3,646,0.7203252596183845,0.7001598136626455,0.23828125,56475,882,55593
20261007T093209523851Z_514805ef_s2,resnet,resnet / recipe 4aad7661ef / IDs32,liberties,4,2,37,2.0,7,6,1292,0.7203252596183845,0.7001598136626455,0.23828125,56475,882,55593
20261007T093209523851Z_514805ef_s2,resnet,resnet / recipe 4aad7661ef / IDs32,liberties,4,2,37,4.0,7,12,2584,0.7203252596183845,0.7001598136626455,0.23828125,56475,882,55593
20261007T093209548720Z_3e9162f4_s1,resnet,resnet / recipe 4aad7661ef / IDs32,liberties,4,1,9,0.5,0,1,15,0.9874691301564072,0.986858604209724,0.7890625,137,64,73
20261007T093209548720Z_3e9162f4_s1,resnet,resnet / recipe 4aad7661ef / IDs32,liberties,4,1,9,1.0,0,1,30,0.9874691301564072,0.986858604209724,0.7890625,137,64,73
20261007T093209548720Z_3e9162f4_s1,resnet,resnet / recipe 4aad7661ef / IDs32,liberties,4,1,9,2.0,0,2,60,0.9874691301564072,0.986858604209724,0.7890625,137,64,73
20261007T093209548720Z_3e9162f4_s1,resnet,resnet / recipe 4aad7661ef / IDs32,liberties,4,1,9,4.0,0,4,120,0.9874691301564072,0.986858604209724,0.7890625,137,64,73
20261007T093209548720Z_3e9162f4_s1,resnet,resnet / recipe 4aad7661ef / IDs32,liberties,4,1,9,0.5,1,1,15,0.9871947315466935,0.9866917892631047,0.80859375,140,64,76
20261007T093209548720Z_3e9162f4_s1,resnet,resnet / recipe 4aad7661ef / IDs32,liberties,4,1,9,1.0,1,1,30,0.9871947315466935,0.9866917892631047,0.80859375,140,64,76
20261007T093209548720Z_3e9162f4_s1,resnet,resnet / recipe 4aad7661ef / IDs32,liberties,4,1,9,2.0,1,2,60,0.9871947315466935,0.9866917892631047,0.80859375,140,64,76
20261007T093209548720Z_3e9162f4_s1,resnet,resnet / recipe 4aad7661ef / IDs32,liberties,4,1,9,4.0,1,4,120,0.9871947315466935,0.9866917892631047,0.80859375,140,64,76
20261007T093209548720Z_3e9162f4_s1,resnet,resnet / recipe 4aad7661ef / IDs32,liberties,4,1,9,0.5,2,1,15,0.9879264611725967,0.9874248092244426,0.8046875,132,61,71
20261007T093209548720Z_3e9162f4_s1,resnet,resnet / recipe 4aad7661ef / IDs32,liberties,4,1,9,1.0,2,1,30,0.9879264611725967,0.9874248092244426,0.8046875,132,61,71
20261007T093209548720Z_3e9162f4_s1,resnet,resnet / recipe 4aad7661ef / IDs32,liberties,4,1,9,2.0,2,2,60,0.9879264611725967,0.9874248092244426,0.8046875,132,61,71
20261007T093209548720Z_3e9162f4_s1,resnet,resnet / recipe 4aad7661ef / IDs32,liberties,4,1,9,4.0,2,4,120,0.9879264611725967,0.9874248092244426,0.8046875,132,61,71
20261007T093209548720Z_3e9162f4_s1,resnet,resnet / recipe 4aad7661ef / IDs32,liberties,4,1,9,0.5,3,1,15,0.9874691301564072,0.9867454962048386,0.80078125,137,63,74
20261007T093209548720Z_3e9162f4_s1,resnet,resnet / recipe 4aad7661ef / IDs32,liberties,4,1,9,1.0,3,1,30,0.9874691301564072,0.9867454962048386,0.80078125,137,63,74
20261007T093209548720Z_3e9162f4_s1,resnet,resnet / recipe 4aad7661ef / IDs32,liberties,4,1,9,2.0,3,2,60,0.9874691301564072,0.9867454962048386,0.80078125,137,63,74
20261007T093209548720Z_3e9162f4_s1,resnet,resnet / recipe 4aad7661ef / IDs32,liberties,4,1,9,4.0,3,4,120,0.9874691301564072,0.9867454962048386,0.80078125,137,63,74
20261007T093209548720Z_3e9162f4_s1,resnet,resnet / recipe 4aad7661ef / IDs32,liberties,4,1,9,0.5,4,1,15,0.9865544681240281,0.9862592273516886,0.79296875,147,64,83
20261007T093209548720Z_3e9162f4_s1,resnet,resnet / recipe 4aad7661ef / IDs32,liberties,4,1,9,1.0,4,1,30,0.9865544681240281,0.9862592273516886,0.79296875,147,64,83
20261007T093209548720Z_3e9162f4_s1,resnet,resnet / recipe 4aad7661ef / IDs32,liberties,4,1,9,2.0,4,2,60,0.9865544681240281,0.9862592273516886,0.79296875,147,64,83
20261007T093209548720Z_3e9162f4_s1,resnet,resnet / recipe 4aad7661ef / IDs32,liberties,4,1,9,4.0,4,4,120,0.9865544681240281,0.9862592273516886,0.79296875,147,64,83
20261007T093209548720Z_3e9162f4_s1,resnet,resnet / recipe 4aad7661ef / IDs32,liberties,4,1,9,0.5,5,1,15,0.987652062562883,0.9870433716698588,0.7890625,135,61,74
20261007T093209548720Z_3e9162f4_s1,resnet,resnet / recipe 4aad7661ef / IDs32,liberties,4,1,9,1.0,5,1,30,0.987652062562883,0.9870433716698588,0.7890625,135,61,74
20261007T093209548720Z_3e9162f4_s1,resnet,resnet / recipe 4aad7661ef / IDs32,liberties,4,1,9,2.0,5,2,60,0.987652062562883,0.9870433716698588,0.7890625,135,61,74
20261007T093209548720Z_3e9162f4_s1,resnet,resnet / recipe 4aad7661ef / IDs32,liberties,4,1,9,4.0,5,4,120,0.987652062562883,0.9870433716698588,0.7890625,135,61,74
20261007T093209548720Z_3e9162f4_s1,resnet,resnet / recipe 4aad7661ef / IDs32,liberties,4,1,9,0.5,6,1,15,0.9871032653434556,0.9867661684296937,0.8046875,141,65,76
20261007T093209548720Z_3e9162f4_s1,resnet,resnet / recipe 4aad7661ef / IDs32,liberties,4,1,9,1.0,6,1,30,0.9871032653434556,0.9867661684296937,0.8046875,141,65,76
20261007T093209548720Z_3e9162f4_s1,resnet,resnet / recipe 4aad7661ef / IDs32,liberties,4,1,9,2.0,6,2,60,0.9871032653434556,0.9867661684296937,0.8046875,141,65,76
20261007T093209548720Z_3e9162f4_s1,resnet,resnet / recipe 4aad7661ef / IDs32,liberties,4,1,9,4.0,6,4,120,0.9871032653434556,0.9867661684296937,0.8046875,141,65,76
20261007T093209548720Z_3e9162f4_s1,resnet,resnet / recipe 4aad7661ef / IDs32,liberties,4,1,9,0.5,7,1,15,0.9874691301564072,0.9869903492725538,0.80078125,137,63,74
20261007T093209548720Z_3e9162f4_s1,resnet,resnet / recipe 4aad7661ef / IDs32,liberties,4,1,9,1.0,7,1,30,0.9874691301564072,0.9869903492725538,0.80078125,137,63,74
20261007T093209548720Z_3e9162f4_s1,resnet,resnet / recipe 4aad7661ef / IDs32,liberties,4,1,9,2.0,7,2,60,0.9874691301564072,0.9869903492725538,0.80078125,137,63,74
20261007T093209548720Z_3e9162f4_s1,resnet,resnet / recipe 4aad7661ef / IDs32,liberties,4,1,9,4.0,7,4,120,0.9874691301564072,0.9869903492725538,0.80078125,137,63,74
20261007T093209548720Z_3e9162f4_s1,resnet,resnet / recipe 4aad7661ef / IDs32,liberties,4,1,13,0.5,0,1,35,0.9046523303489248,0.9058143225369063,0.4453125,2279,508,1771
20261007T093209548720Z_3e9162f4_s1,resnet,resnet / recipe 4aad7661ef / IDs32,liberties,4,1,13,1.0,0,1,70,0.9046523303489248,0.9058143225369063,0.4453125,2279,508,1771
20261007T093209548720Z_3e9162f4_s1,resnet,resnet / recipe 4aad7661ef / IDs32,liberties,4,1,13,2.0,0,2,140,0.9046523303489248,0.9058143225369063,0.4453125,2279,508,1771
20261007T093209548720Z_3e9162f4_s1,resnet,resnet / recipe 4aad7661ef / IDs32,liberties,4,1,13,4.0,0,4,280,0.9046523303489248,0.9058143225369063,0.4453125,2279,508,1771
20261007T093209548720Z_3e9162f4_s1,resnet,resnet / recipe 4aad7661ef / IDs32,liberties,4,1,13,0.5,1,1,35,0.9072044180403314,0.9093260289234923,0.4609375,2218,450,1768
20261007T093209548720Z_3e9162f4_s1,resnet,resnet / recipe 4aad7661ef / IDs32,liberties,4,1,13,1.0,1,1,70,0.9072044180403314,0.9093260289234923,0.4609375,2218,450,1768
20261007T093209548720Z_3e9162f4_s1,resnet,resnet / recipe 4aad7661ef / IDs32,liberties,4,1,13,2.0,1,2,140,0.9072044180403314,0.9093260289234923,0.4609375,2218,450,1768
20261007T093209548720Z_3e9162f4_s1,resnet,resnet / recipe 4aad7661ef / IDs32,liberties,4,1,13,4.0,1,4,280,0.9072044180403314,0.9093260289234923,0.4609375,2218,450,1768
20261007T093209548720Z_3e9162f4_s1,resnet,resnet / recipe 4aad7661ef / IDs32,liberties,4,1,13,0.5,2,1,35,0.9031461802359635,0.9047635232407869,0.4609375,2315,529,1786
20261007T093209548720Z_3e9162f4_s1,resnet,resnet / recipe 4aad7661ef / IDs32,liberties,4,1,13,1.0,2,1,70,0.9031461802359635,0.9047635232407869,0.4609375,2315,529,1786
20261007T093209548720Z_3e9162f4_s1,resnet,resnet / recipe 4aad7661ef / IDs32,liberties,4,1,13,2.0,2,2,140,0.9031461802359635,0.9047635232407869,0.4609375,2315,529,1786
20261007T093209548720Z_3e9162f4_s1,resnet,resnet / recipe 4aad7661ef / IDs32,liberties,4,1,13,4.0,2,4,280,0.9031461802359635,0.9047635232407869,0.4609375,2315,529,1786
20261007T093209548720Z_3e9162f4_s1,resnet,resnet / recipe 4aad7661ef / IDs32,liberties,4,1,13,0.5,3,1,35,0.9064095054807129,0.9083301970931943,0.46875,2237,496,1741
20261007T093209548720Z_3e9162f4_s1,resnet,resnet / recipe 4aad7661ef / IDs32,liberties,4,1,13,1.0,3,1,70,0.9064095054807129,0.9083301970931943,0.46875,2237,496,1741
20261007T093209548720Z_3e9162f4_s1,resnet,resnet / recipe 4aad7661ef / IDs32,liberties,4,1,13,2.0,3,2,140,0.9064095054807129,0.9083301970931943,0.46875,2237,496,1741
20261007T093209548720Z_3e9162f4_s1,resnet,resnet / recipe 4aad7661ef / IDs32,liberties,4,1,13,4.0,3,4,280,0.9064095054807129,0.9083301970931943,0.46875,2237,496,1741
20261007T093209548720Z_3e9162f4_s1,resnet,resnet / recipe 4aad7661ef / IDs32,liberties,4,1,13,0.5,4,1,35,0.9057401054305079,0.9077006690422975,0.46484375,2253,509,1744
20261007T093209548720Z_3e9162f4_s1,resnet,resnet / recipe 4aad7661ef / IDs32,liberties,4,1,13,1.0,4,1,70,0.9057401054305079,0.9077006690422975,0.46484375,2253,509,1744
20261007T093209548720Z_3e9162f4_s1,resnet,resnet / recipe 4aad7661ef / IDs32,liberties,4,1,13,2.0,4,2,140,0.9057401054305079,0.9077006690422975,0.46484375,2253,509,1744
20261007T093209548720Z_3e9162f4_s1,resnet,resnet / recipe 4aad7661ef / IDs32,liberties,4,1,13,4.0,4,4,280,0.9057401054305079,0.9077006690422975,0.46484375,2253,509,1744
20261007T093209548720Z_3e9162f4_s1,resnet,resnet / recipe 4aad7661ef / IDs32,liberties,4,1,13,0.5,5,1,35,0.9063676679775751,0.9092057191855653,0.46875,2238,464,1774
20261007T093209548720Z_3e9162f4_s1,resnet,resnet / recipe 4aad7661ef / IDs32,liberties,4,1,13,1.0,5,1,70,0.9063676679775751,0.9092057191855653,0.46875,2238,464,1774
20261007T093209548720Z_3e9162f4_s1,resnet,resnet / recipe 4aad7661ef / IDs32,liberties,4,1,13,2.0,5,2,140,0.9063676679775751,0.9092057191855653,0.46875,2238,464,1774
20261007T093209548720Z_3e9162f4_s1,resnet,resnet / recipe 4aad7661ef / IDs32,liberties,4,1,13,4.0,5,4,280,0.9063676679775751,0.9092057191855653,0.46875,2238,464,1774
20261007T093209548720Z_3e9162f4_s1,resnet,resnet / recipe 4aad7661ef / IDs32,liberties,4,1,13,0.5,6,1,35,0.9049451928708895,0.9062649248005782,0.45703125,2272,492,1780
20261007T093209548720Z_3e9162f4_s1,resnet,resnet / recipe 4aad7661ef / IDs32,liberties,4,1,13,1.0,6,1,70,0.9049451928708895,0.9062649248005782,0.45703125,2272,492,1780
20261007T093209548720Z_3e9162f4_s1,resnet,resnet / recipe 4aad7661ef / IDs32,liberties,4,1,13,2.0,6,2,140,0.9049451928708895,0.9062649248005782,0.45703125,2272,492,1780
20261007T093209548720Z_3e9162f4_s1,resnet,resnet / recipe 4aad7661ef / IDs32,liberties,4,1,13,4.0,6,4,280,0.9049451928708895,0.9062649248005782,0.45703125,2272,492,1780
20261007T093209548720Z_3e9162f4_s1,resnet,resnet / recipe 4aad7661ef / IDs32,liberties,4,1,13,0.5,7,1,35,0.9039829302987198,0.9059340836812212,0.46875,2295,525,1770
20261007T093209548720Z_3e9162f4_s1,resnet,resnet / recipe 4aad7661ef / IDs32,liberties,4,1,13,1.0,7,1,70,0.9039829302987198,0.9059340836812212,0.46875,2295,525,1770
20261007T093209548720Z_3e9162f4_s1,resnet,resnet / recipe 4aad7661ef / IDs32,liberties,4,1,13,2.0,7,2,140,0.9039829302987198,0.9059340836812212,0.46875,2295,525,1770
20261007T093209548720Z_3e9162f4_s1,resnet,resnet / recipe 4aad7661ef / IDs32,liberties,4,1,13,4.0,7,4,280,0.9039829302987198,0.9059340836812212,0.46875,2295,525,1770
20261007T093209548720Z_3e9162f4_s1,resnet,resnet / recipe 4aad7661ef / IDs32,liberties,4,1,19,0.5,0,1,80,0.8065764736240646,0.7971246355943507,0.2890625,10494,2736,7758
20261007T093209548720Z_3e9162f4_s1,resnet,resnet / recipe 4aad7661ef / IDs32,liberties,4,1,19,1.0,0,1,160,0.8065764736240646,0.7971246355943507,0.2890625,10494,2736,7758
20261007T093209548720Z_3e9162f4_s1,resnet,resnet / recipe 4aad7661ef / IDs32,liberties,4,1,19,2.0,0,2,320,0.8065764736240646,0.7971246355943507,0.2890625,10494,2736,7758
20261007T093209548720Z_3e9162f4_s1,resnet,resnet / recipe 4aad7661ef / IDs32,liberties,4,1,19,4.0,0,4,640,0.8065764736240646,0.7971246355943507,0.2890625,10494,2736,7758
20261007T093209548720Z_3e9162f4_s1,resnet,resnet / recipe 4aad7661ef / IDs32,liberties,4,1,19,0.5,1,1,80,0.8057654735134736,0.7958264204893604,0.2890625,10538,2746,7792
20261007T093209548720Z_3e9162f4_s1,resnet,resnet / recipe 4aad7661ef / IDs32,liberties,4,1,19,1.0,1,1,160,0.8057654735134736,0.7958264204893604,0.2890625,10538,2746,7792
20261007T093209548720Z_3e9162f4_s1,resnet,resnet / recipe 4aad7661ef / IDs32,liberties,4,1,19,2.0,1,2,320,0.8057654735134736,0.7958264204893604,0.2890625,10538,2746,7792
20261007T093209548720Z_3e9162f4_s1,resnet,resnet / recipe 4aad7661ef / IDs32,liberties,4,1,19,4.0,1,4,640,0.8057654735134736,0.7958264204893604,0.2890625,10538,2746,7792
20261007T093209548720Z_3e9162f4_s1,resnet,resnet / recipe 4aad7661ef / IDs32,liberties,4,1,19,0.5,2,1,80,0.8060050871825118,0.7959064333824903,0.28125,10525,2703,7822
20261007T093209548720Z_3e9162f4_s1,resnet,resnet / recipe 4aad7661ef / IDs32,liberties,4,1,19,1.0,2,1,160,0.8060050871825118,0.7959064333824903,0.28125,10525,2703,7822
20261007T093209548720Z_3e9162f4_s1,resnet,resnet / recipe 4aad7661ef / IDs32,liberties,4,1,19,2.0,2,2,320,0.8060050871825118,0.7959064333824903,0.28125,10525,2703,7822
20261007T093209548720Z_3e9162f4_s1,resnet,resnet / recipe 4aad7661ef / IDs32,liberties,4,1,19,4.0,2,4,640,0.8060050871825118,0.7959064333824903,0.28125,10525,2703,7822
20261007T093209548720Z_3e9162f4_s1,resnet,resnet / recipe 4aad7661ef / IDs32,liberties,4,1,19,0.5,3,1,80,0.8035905186714344,0.793378736242018,0.27734375,10656,2796,7860
20261007T093209548720Z_3e9162f4_s1,resnet,resnet / recipe 4aad7661ef / IDs32,liberties,4,1,19,1.0,3,1,160,0.8035905186714344,0.793378736242018,0.27734375,10656,2796,7860
20261007T093209548720Z_3e9162f4_s1,resnet,resnet / recipe 4aad7661ef / IDs32,liberties,4,1,19,2.0,3,2,320,0.8035905186714344,0.793378736242018,0.27734375,10656,2796,7860
20261007T093209548720Z_3e9162f4_s1,resnet,resnet / recipe 4aad7661ef / IDs32,liberties,4,1,19,4.0,3,4,640,0.8035905186714344,0.793378736242018,0.27734375,10656,2796,7860
20261007T093209548720Z_3e9162f4_s1,resnet,resnet / recipe 4aad7661ef / IDs32,liberties,4,1,19,0.5,4,1,80,0.8059313598997309,0.7958024458908589,0.28515625,10529,2715,7814
20261007T093209548720Z_3e9162f4_s1,resnet,resnet / recipe 4aad7661ef / IDs32,liberties,4,1,19,1.0,4,1,160,0.8059313598997309,0.7958024458908589,0.28515625,10529,2715,7814
20261007T093209548720Z_3e9162f4_s1,resnet,resnet / recipe 4aad7661ef / IDs32,liberties,4,1,19,2.0,4,2,320,0.8059313598997309,0.7958024458908589,0.28515625,10529,2715,7814
20261007T093209548720Z_3e9162f4_s1,resnet,resnet / recipe 4aad7661ef / IDs32,liberties,4,1,19,4.0,4,4,640,0.8059313598997309,0.7958024458908589,0.28515625,10529,2715,7814
20261007T093209548720Z_3e9162f4_s1,resnet,resnet / recipe 4aad7661ef / IDs32,liberties,4,1,19,0.5,5,1,80,0.8047148597338445,0.7949281540502708,0.28515625,10595,2734,7861
20261007T093209548720Z_3e9162f4_s1,resnet,resnet / recipe 4aad7661ef / IDs32,liberties,4,1,19,1.0,5,1,160,0.8047148597338445,0.7949281540502708,0.28515625,10595,2734,7861
20261007T093209548720Z_3e9162f4_s1,resnet,resnet / recipe 4aad7661ef / IDs32,liberties,4,1,19,2.0,5,2,320,0.8047148597338445,0.7949281540502708,0.28515625,10595,2734,7861
20261007T093209548720Z_3e9162f4_s1,resnet,resnet / recipe 4aad7661ef / IDs32,liberties,4,1,19,4.0,5,4,640,0.8047148597338445,0.7949281540502708,0.28515625,10595,2734,7861
20261007T093209548720Z_3e9162f4_s1,resnet,resnet / recipe 4aad7661ef / IDs32,liberties,4,1,19,0.5,6,1,80,0.8058392007962547,0.7962294887511064,0.28515625,10534,2732,7802
20261007T093209548720Z_3e9162f4_s1,resnet,resnet / recipe 4aad7661ef / IDs32,liberties,4,1,19,1.0,6,1,160,0.8058392007962547,0.7962294887511064,0.28515625,10534,2732,7802
20261007T093209548720Z_3e9162f4_s1,resnet,resnet / recipe 4aad7661ef / IDs32,liberties,4,1,19,2.0,6,2,320,0.8058392007962547,0.7962294887511064,0.28515625,10534,2732,7802
20261007T093209548720Z_3e9162f4_s1,resnet,resnet / recipe 4aad7661ef / IDs32,liberties,4,1,19,4.0,6,4,640,0.8058392007962547,0.7962294887511064,0.28515625,10534,2732,7802
20261007T093209548720Z_3e9162f4_s1,resnet,resnet / recipe 4aad7661ef / IDs32,liberties,4,1,19,0.5,7,1,80,0.8058944962583404,0.795564130286939,0.28125,10531,2754,7777
20261007T093209548720Z_3e9162f4_s1,resnet,resnet / recipe 4aad7661ef / IDs32,liberties,4,1,19,1.0,7,1,160,0.8058944962583404,0.795564130286939,0.28125,10531,2754,7777
20261007T093209548720Z_3e9162f4_s1,resnet,resnet / recipe 4aad7661ef / IDs32,liberties,4,1,19,2.0,7,2,320,0.8058944962583404,0.795564130286939,0.28125,10531,2754,7777
20261007T093209548720Z_3e9162f4_s1,resnet,resnet / recipe 4aad7661ef / IDs32,liberties,4,1,19,4.0,7,4,640,0.8058944962583404,0.795564130286939,0.28125,10531,2754,7777
20261007T093209548720Z_3e9162f4_s1,resnet,resnet / recipe 4aad7661ef / IDs32,liberties,4,1,25,0.5,0,1,143,0.7541594134092947,0.7369313511173168,0.23046875,23302,6133,17169
20261007T093209548720Z_3e9162f4_s1,resnet,resnet / recipe 4aad7661ef / IDs32,liberties,4,1,25,1.0,0,1,286,0.7541594134092947,0.7369313511173168,0.23046875,23302,6133,17169
20261007T093209548720Z_3e9162f4_s1,resnet,resnet / recipe 4aad7661ef / IDs32,liberties,4,1,25,2.0,0,2,572,0.7541594134092947,0.7369313511173168,0.23046875,23302,6133,17169
20261007T093209548720Z_3e9162f4_s1,resnet,resnet / recipe 4aad7661ef / IDs32,liberties,4,1,25,4.0,0,4,1144,0.7541594134092947,0.7369313511173168,0.23046875,23302,6133,17169
20261007T093209548720Z_3e9162f4_s1,resnet,resnet / recipe 4aad7661ef / IDs32,liberties,4,1,25,0.5,1,1,143,0.7534736508941288,0.7361165219528547,0.2265625,23367,6163,17204
20261007T093209548720Z_3e9162f4_s1,resnet,resnet / recipe 4aad7661ef / IDs32,liberties,4,1,25,1.0,1,1,286,0.7534736508941288,0.7361165219528547,0.2265625,23367,6163,17204
20261007T093209548720Z_3e9162f4_s1,resnet,resnet / recipe 4aad7661ef / IDs32,liberties,4,1,25,2.0,1,2,572,0.7534736508941288,0.7361165219528547,0.2265625,23367,6163,17204
20261007T093209548720Z_3e9162f4_s1,resnet,resnet / recipe 4aad7661ef / IDs32,liberties,4,1,25,4.0,1,4,1144,0.7534736508941288,0.7361165219528547,0.2265625,23367,6163,17204
20261007T093209548720Z_3e9162f4_s1,resnet,resnet / recipe 4aad7661ef / IDs32,liberties,4,1,25,0.5,2,1,143,0.7541383130242126,0.7365828936391593,0.22265625,23304,6162,17142
20261007T093209548720Z_3e9162f4_s1,resnet,resnet / recipe 4aad7661ef / IDs32,liberties,4,1,25,1.0,2,1,286,0.7541383130242126,0.7365828936391593,0.22265625,23304,6162,17142
20261007T093209548720Z_3e9162f4_s1,resnet,resnet / recipe 4aad7661ef / IDs32,liberties,4,1,25,2.0,2,2,572,0.7541383130242126,0.7365828936391593,0.22265625,23304,6162,17142
20261007T093209548720Z_3e9162f4_s1,resnet,resnet / recipe 4aad7661ef / IDs32,liberties,4,1,25,4.0,2,4,1144,0.7541383130242126,0.7365828936391593,0.22265625,23304,6162,17142
20261007T093209548720Z_3e9162f4_s1,resnet,resnet / recipe 4aad7661ef / IDs32,liberties,4,1,25,0.5,3,1,143,0.7538745582106874,0.7363862746769134,0.22265625,23329,6239,17090
20261007T093209548720Z_3e9162f4_s1,resnet,resnet / recipe 4aad7661ef / IDs32,liberties,4,1,25,1.0,3,1,286,0.7538745582106874,0.7363862746769134,0.22265625,23329,6239,17090
20261007T093209548720Z_3e9162f4_s1,resnet,resnet / recipe 4aad7661ef / IDs32,liberties,4,1,25,2.0,3,2,572,0.7538745582106874,0.7363862746769134,0.22265625,23329,6239,17090
20261007T093209548720Z_3e9162f4_s1,resnet,resnet / recipe 4aad7661ef / IDs32,liberties,4,1,25,4.0,3,4,1144,0.7538745582106874,0.7363862746769134,0.22265625,23329,6239,17090
20261007T093209548720Z_3e9162f4_s1,resnet,resnet / recipe 4aad7661ef / IDs32,liberties,4,1,25,0.5,4,1,143,0.7539378593659334,0.7364691127769257,0.22265625,23323,6182,17141
20261007T093209548720Z_3e9162f4_s1,resnet,resnet / recipe 4aad7661ef / IDs32,liberties,4,1,25,1.0,4,1,286,0.7539378593659334,0.7364691127769257,0.22265625,23323,6182,17141
20261007T093209548720Z_3e9162f4_s1,resnet,resnet / recipe 4aad7661ef / IDs32,liberties,4,1,25,2.0,4,2,572,0.7539378593659334,0.7364691127769257,0.22265625,23323,6182,17141
20261007T093209548720Z_3e9162f4_s1,resnet,resnet / recipe 4aad7661ef / IDs32,liberties,4,1,25,4.0,4,4,1144,0.7539378593659334,0.7364691127769257,0.22265625,23323,6182,17141
20261007T093209548720Z_3e9162f4_s1,resnet,resnet / recipe 4aad7661ef / IDs32,liberties,4,1,25,0.5,5,1,143,0.7541383130242126,0.7369422310896105,0.22265625,23304,6114,17190
20261007T093209548720Z_3e9162f4_s1,resnet,resnet / recipe 4aad7661ef / IDs32,liberties,4,1,25,1.0,5,1,286,0.7541383130242126,0.7369422310896105,0.22265625,23304,6114,17190
20261007T093209548720Z_3e9162f4_s1,resnet,resnet / recipe 4aad7661ef / IDs32,liberties,4,1,25,2.0,5,2,572,0.7541383130242126,0.7369422310896105,0.22265625,23304,6114,17190
20261007T093209548720Z_3e9162f4_s1,resnet,resnet / recipe 4aad7661ef / IDs32,liberties,4,1,25,4.0,5,4,1144,0.7541383130242126,0.7369422310896105,0.22265625,23304,6114,17190
20261007T093209548720Z_3e9162f4_s1,resnet,resnet / recipe 4aad7661ef / IDs32,liberties,4,1,25,0.5,6,1,143,0.7539906103286385,0.7367484798292245,0.22265625,23318,6248,17070
20261007T093209548720Z_3e9162f4_s1,resnet,resnet / recipe 4aad7661ef / IDs32,liberties,4,1,25,1.0,6,1,286,0.7539906103286385,0.7367484798292245,0.22265625,23318,6248,17070
20261007T093209548720Z_3e9162f4_s1,resnet,resnet / recipe 4aad7661ef / IDs32,liberties,4,1,25,2.0,6,2,572,0.7539906103286385,0.7367484798292245,0.22265625,23318,6248,17070
20261007T093209548720Z_3e9162f4_s1,resnet,resnet / recipe 4aad7661ef / IDs32,liberties,4,1,25,4.0,6,4,1144,0.7539906103286385,0.7367484798292245,0.22265625,23318,6248,17070
20261007T093209548720Z_3e9162f4_s1,resnet,resnet / recipe 4aad7661ef / IDs32,liberties,4,1,25,0.5,7,1,143,0.753568602626998,0.7362711546430679,0.2265625,23358,6232,17126
20261007T093209548720Z_3e9162f4_s1,resnet,resnet / recipe 4aad7661ef / IDs32,liberties,4,1,25,1.0,7,1,286,0.753568602626998,0.7362711546430679,0.2265625,23358,6232,17126
20261007T093209548720Z_3e9162f4_s1,resnet,resnet / recipe 4aad7661ef / IDs32,liberties,4,1,25,2.0,7,2,572,0.753568602626998,0.7362711546430679,0.2265625,23358,6232,17126
20261007T093209548720Z_3e9162f4_s1,resnet,resnet / recipe 4aad7661ef / IDs32,liberties,4,1,25,4.0,7,4,1144,0.753568602626998,0.7362711546430679,0.2265625,23358,6232,17126
20261007T093209548720Z_3e9162f4_s1,resnet,resnet / recipe 4aad7661ef / IDs32,liberties,4,1,37,0.5,0,2,323,0.7122432910251522,0.6934861649454016,0.171875,58107,13913,44194
20261007T093209548720Z_3e9162f4_s1,resnet,resnet / recipe 4aad7661ef / IDs32,liberties,4,1,37,1.0,0,3,646,0.7122432910251522,0.6934861649454016,0.171875,58107,13913,44194
20261007T093209548720Z_3e9162f4_s1,resnet,resnet / recipe 4aad7661ef / IDs32,liberties,4,1,37,2.0,0,6,1292,0.7122432910251522,0.6934861649454016,0.171875,58107,13913,44194
20261007T093209548720Z_3e9162f4_s1,resnet,resnet / recipe 4aad7661ef / IDs32,liberties,4,1,37,4.0,0,12,2584,0.7122432910251522,0.6934861649454016,0.171875,58107,13913,44194
20261007T093209548720Z_3e9162f4_s1,resnet,resnet / recipe 4aad7661ef / IDs32,liberties,4,1,37,0.5,1,2,323,0.7130455452605098,0.6942940107068025,0.1796875,57945,13834,44111
20261007T093209548720Z_3e9162f4_s1,resnet,resnet / recipe 4aad7661ef / IDs32,liberties,4,1,37,1.0,1,3,646,0.7130455452605098,0.6942940107068025,0.1796875,57945,13834,44111
20261007T093209548720Z_3e9162f4_s1,resnet,resnet / recipe 4aad7661ef / IDs32,liberties,4,1,37,2.0,1,6,1292,0.7130455452605098,0.6942940107068025,0.1796875,57945,13834,44111
20261007T093209548720Z_3e9162f4_s1,resnet,resnet / recipe 4aad7661ef / IDs32,liberties,4,1,37,4.0,1,12,2584,0.7130455452605098,0.6942940107068025,0.1796875,57945,13834,44111
20261007T093209548720Z_3e9162f4_s1,resnet,resnet / recipe 4aad7661ef / IDs32,liberties,4,1,37,0.5,2,2,323,0.7112825668173782,0.6923124251404942,0.17578125,58301,13966,44335
20261007T093209548720Z_3e9162f4_s1,resnet,resnet / recipe 4aad7661ef / IDs32,liberties,4,1,37,1.0,2,3,646,0.7112825668173782,0.6923124251404942,0.17578125,58301,13966,44335
20261007T093209548720Z_3e9162f4_s1,resnet,resnet / recipe 4aad7661ef / IDs32,liberties,4,1,37,2.0,2,6,1292,0.7112825668173782,0.6923124251404942,0.17578125,58301,13966,44335
20261007T093209548720Z_3e9162f4_s1,resnet,resnet / recipe 4aad7661ef / IDs32,liberties,4,1,37,4.0,2,12,2584,0.7112825668173782,0.6923124251404942,0.17578125,58301,13966,44335
20261007T093209548720Z_3e9162f4_s1,resnet,resnet / recipe 4aad7661ef / IDs32,liberties,4,1,37,0.5,3,2,323,0.7117084548682471,0.6926904659217654,0.17578125,58215,13958,44257
20261007T093209548720Z_3e9162f4_s1,resnet,resnet / recipe 4aad7661ef / IDs32,liberties,4,1,37,1.0,3,3,646,0.7117084548682471,0.6926904659217654,0.17578125,58215,13958,44257
20261007T093209548720Z_3e9162f4_s1,resnet,resnet / recipe 4aad7661ef / IDs32,liberties,4,1,37,2.0,3,6,1292,0.7117084548682471,0.6926904659217654,0.17578125,58215,13958,44257
20261007T093209548720Z_3e9162f4_s1,resnet,resnet / recipe 4aad7661ef / IDs32,liberties,4,1,37,4.0,3,12,2584,0.7117084548682471,0.6926904659217654,0.17578125,58215,13958,44257
20261007T093209548720Z_3e9162f4_s1,resnet,resnet / recipe 4aad7661ef / IDs32,liberties,4,1,37,0.5,4,2,323,0.7126048006497269,0.6938480079010163,0.18359375,58034,13825,44209
20261007T093209548720Z_3e9162f4_s1,resnet,resnet / recipe 4aad7661ef / IDs32,liberties,4,1,37,1.0,4,3,646,0.7126048006497269,0.6938480079010163,0.18359375,58034,13825,44209
20261007T093209548720Z_3e9162f4_s1,resnet,resnet / recipe 4aad7661ef / IDs32,liberties,4,1,37,2.0,4,6,1292,0.7126048006497269,0.6938480079010163,0.18359375,58034,13825,44209
20261007T093209548720Z_3e9162f4_s1,resnet,resnet / recipe 4aad7661ef / IDs32,liberties,4,1,37,4.0,4,12,2584,0.7126048006497269,0.6938480079010163,0.18359375,58034,13825,44209
20261007T093209548720Z_3e9162f4_s1,resnet,resnet / recipe 4aad7661ef / IDs32,liberties,4,1,37,0.5,5,2,323,0.7117728332945412,0.692926452955618,0.17578125,58202,14028,44174
20261007T093209548720Z_3e9162f4_s1,resnet,resnet / recipe 4aad7661ef / IDs32,liberties,4,1,37,1.0,5,3,646,0.7117728332945412,0.692926452955618,0.17578125,58202,14028,44174
20261007T093209548720Z_3e9162f4_s1,resnet,resnet / recipe 4aad7661ef / IDs32,liberties,4,1,37,2.0,5,6,1292,0.7117728332945412,0.692926452955618,0.17578125,58202,14028,44174
20261007T093209548720Z_3e9162f4_s1,resnet,resnet / recipe 4aad7661ef / IDs32,liberties,4,1,37,4.0,5,12,2584,0.7117728332945412,0.692926452955618,0.17578125,58202,14028,44174
20261007T093209548720Z_3e9162f4_s1,resnet,resnet / recipe 4aad7661ef / IDs32,liberties,4,1,37,0.5,6,2,323,0.7122383388385142,0.6934642602529063,0.1875,58108,13944,44164
20261007T093209548720Z_3e9162f4_s1,resnet,resnet / recipe 4aad7661ef / IDs32,liberties,4,1,37,1.0,6,3,646,0.7122383388385142,0.6934642602529063,0.1875,58108,13944,44164
20261007T093209548720Z_3e9162f4_s1,resnet,resnet / recipe 4aad7661ef / IDs32,liberties,4,1,37,2.0,6,6,1292,0.7122383388385142,0.6934642602529063,0.1875,58108,13944,44164
20261007T093209548720Z_3e9162f4_s1,resnet,resnet / recipe 4aad7661ef / IDs32,liberties,4,1,37,4.0,6,12,2584,0.7122383388385142,0.6934642602529063,0.1875,58108,13944,44164
20261007T093209548720Z_3e9162f4_s1,resnet,resnet / recipe 4aad7661ef / IDs32,liberties,4,1,37,0.5,7,2,323,0.7130405930738718,0.694378445680642,0.1640625,57946,13821,44125
20261007T093209548720Z_3e9162f4_s1,resnet,resnet / recipe 4aad7661ef / IDs32,liberties,4,1,37,1.0,7,3,646,0.7130405930738718,0.694378445680642,0.1640625,57946,13821,44125
20261007T093209548720Z_3e9162f4_s1,resnet,resnet / recipe 4aad7661ef / IDs32,liberties,4,1,37,2.0,7,6,1292,0.7130405930738718,0.694378445680642,0.1640625,57946,13821,44125
20261007T093209548720Z_3e9162f4_s1,resnet,resnet / recipe 4aad7661ef / IDs32,liberties,4,1,37,4.0,7,12,2584,0.7130405930738718,0.694378445680642,0.1640625,57946,13821,44125
20261007T093209656936Z_8648cf07_s1,gnn_max,gnn_max / recipe 4aad7661ef / IDs32,liberties,4,1,9,0.5,0,1,15,0.4989481386627641,0.5117779775059931,0.0,5478,2738,2740
20261007T093209656936Z_8648cf07_s1,gnn_max,gnn_max / recipe 4aad7661ef / IDs32,liberties,4,1,9,1.0,0,1,30,0.6837098692033293,0.7029422370214777,0.0,3458,1840,1618
20261007T093209656936Z_8648cf07_s1,gnn_max,gnn_max / recipe 4aad7661ef / IDs32,liberties,4,1,9,2.0,0,2,60,0.8611543034848623,0.8703122519229125,0.27734375,1518,816,702
20261007T093209656936Z_8648cf07_s1,gnn_max,gnn_max / recipe 4aad7661ef / IDs32,liberties,4,1,9,4.0,0,4,120,0.9387176438306046,0.9458687612553391,0.72265625,670,252,418
20261007T093209656936Z_8648cf07_s1,gnn_max,gnn_max / recipe 4aad7661ef / IDs32,liberties,4,1,9,0.5,1,1,15,0.5010518613372359,0.5146519512627554,0.0,5455,2740,2715
20261007T093209656936Z_8648cf07_s1,gnn_max,gnn_max / recipe 4aad7661ef / IDs32,liberties,4,1,9,1.0,1,1,30,0.6824293423579987,0.7008581366839353,0.0,3472,1846,1626
20261007T093209656936Z_8648cf07_s1,gnn_max,gnn_max / recipe 4aad7661ef / IDs32,liberties,4,1,9,2.0,1,2,60,0.8587761822006769,0.8663207471342257,0.265625,1544,815,729
20261007T093209656936Z_8648cf07_s1,gnn_max,gnn_max / recipe 4aad7661ef / IDs32,liberties,4,1,9,4.0,1,4,120,0.9439312174151651,0.9490034650356859,0.71875,613,250,363
20261007T093209656936Z_8648cf07_s1,gnn_max,gnn_max / recipe 4aad7661ef / IDs32,liberties,4,1,9,0.5,2,1,15,0.5020579895728529,0.515868435820115,0.0,5444,2726,2718
20261007T093209656936Z_8648cf07_s1,gnn_max,gnn_max / recipe 4aad7661ef / IDs32,liberties,4,1,9,1.0,2,1,30,0.6832525381871398,0.7019087485787242,0.0,3463,1848,1615
20261007T093209656936Z_8648cf07_s1,gnn_max,gnn_max / recipe 4aad7661ef / IDs32,liberties,4,1,9,2.0,2,2,60,0.8610628372816245,0.8692840266681261,0.28515625,1519,806,713
20261007T093209656936Z_8648cf07_s1,gnn_max,gnn_max / recipe 4aad7661ef / IDs32,liberties,4,1,9,4.0,2,4,120,0.9433824201957377,0.9484743650716672,0.70703125,619,249,370
20261007T093209656936Z_8648cf07_s1,gnn_max,gnn_max / recipe 4aad7661ef / IDs32,liberties,4,1,9,0.5,3,1,15,0.5017835909631391,0.5157769392832524,0.0,5447,2724,2723
20261007T093209656936Z_8648cf07_s1,gnn_max,gnn_max / recipe 4aad7661ef / IDs32,liberties,4,1,9,1.0,3,1,30,0.6820634775450471,0.7007440172747075,0.00390625,3476,1860,1616
20261007T093209656936Z_8648cf07_s1,gnn_max,gnn_max / recipe 4aad7661ef / IDs32,liberties,4,1,9,2.0,3,2,60,0.8574041891521083,0.8665167070219578,0.2578125,1559,822,737
20261007T093209656936Z_8648cf07_s1,gnn_max,gnn_max / recipe 4aad7661ef / IDs32,liberties,4,1,9,4.0,3,4,120,0.9414616299277417,0.9473456954752563,0.70703125,640,241,399
20261007T093209656936Z_8648cf07_s1,gnn_max,gnn_max / recipe 4aad7661ef / IDs32,liberties,4,1,9,0.5,4,1,15,0.5012347937437117,0.5150533599845093,0.0,5453,2737,2716
20261007T093209656936Z_8648cf07_s1,gnn_max,gnn_max / recipe 4aad7661ef / IDs32,liberties,4,1,9,1.0,4,1,30,0.6852647946583738,0.7039623276903845,0.0078125,3441,1836,1605
20261007T093209656936Z_8648cf07_s1,gnn_max,gnn_max / recipe 4aad7661ef / IDs32,liberties,4,1,9,2.0,4,2,60,0.8592335132168664,0.8692538757337742,0.2734375,1539,786,753
20261007T093209656936Z_8648cf07_s1,gnn_max,gnn_max / recipe 4aad7661ef / IDs32,liberties,4,1,9,4.0,4,4,120,0.9379859142047013,0.9447004461988708,0.7109375,678,244,434
20261007T093209656936Z_8648cf07_s1,gnn_max,gnn_max / recipe 4aad7661ef / IDs32,liberties,4,1,9,0.5,5,1,15,0.49977133449190525,0.5140505753052024,0.0,5469,2720,2749
20261007T093209656936Z_8648cf07_s1,gnn_max,gnn_max / recipe 4aad7661ef / IDs32,liberties,4,1,9,1.0,5,1,30,0.6852647946583738,0.70404168340745,0.0078125,3441,1853,1588
20261007T093209656936Z_8648cf07_s1,gnn_max,gnn_max / recipe 4aad7661ef / IDs32,liberties,4,1,9,2.0,5,2,60,0.8574956553553462,0.8657161040473422,0.26953125,1558,819,739
20261007T093209656936Z_8648cf07_s1,gnn_max,gnn_max / recipe 4aad7661ef / IDs32,liberties,4,1,9,4.0,5,4,120,0.93935790725327,0.9436270699819354,0.71875,663,267,396
20261007T093209656936Z_8648cf07_s1,gnn_max,gnn_max / recipe 4aad7661ef / IDs32,liberties,4,1,9,0.5,6,1,15,0.5005945303210464,0.5139540011852073,0.0,5460,2729,2731
20261007T093209656936Z_8648cf07_s1,gnn_max,gnn_max / recipe 4aad7661ef / IDs32,liberties,4,1,9,1.0,6,1,30,0.68499039604866,0.7044174763803839,0.0,3444,1854,1590
20261007T093209656936Z_8648cf07_s1,gnn_max,gnn_max / recipe 4aad7661ef / IDs32,liberties,4,1,9,2.0,6,2,60,0.8650873502240922,0.8731743321943928,0.2890625,1475,773,702
20261007T093209656936Z_8648cf07_s1,gnn_max,gnn_max / recipe 4aad7661ef / IDs32,liberties,4,1,9,4.0,6,4,120,0.9464922711058263,0.9511924553605945,0.7265625,585,227,358
20261007T093209656936Z_8648cf07_s1,gnn_max,gnn_max / recipe 4aad7661ef / IDs32,liberties,4,1,9,0.5,7,1,15,0.5005030641178084,0.5153259454464735,0.0,5461,2719,2742
20261007T093209656936Z_8648cf07_s1,gnn_max,gnn_max / recipe 4aad7661ef / IDs32,liberties,4,1,9,1.0,7,1,30,0.6838928016098051,0.7043663820091823,0.0,3456,1831,1625
20261007T093209656936Z_8648cf07_s1,gnn_max,gnn_max / recipe 4aad7661ef / IDs32,liberties,4,1,9,2.0,7,2,60,0.8575871215585841,0.8686512647729203,0.296875,1557,787,770
20261007T093209656936Z_8648cf07_s1,gnn_max,gnn_max / recipe 4aad7661ef / IDs32,liberties,4,1,9,4.0,7,4,120,0.9436568188054514,0.9503939568414956,0.73046875,616,228,388
20261007T093209656936Z_8648cf07_s1,gnn_max,gnn_max / recipe 4aad7661ef / IDs32,liberties,4,1,13,0.5,0,1,35,0.5797841184838088,0.5870143703420387,0.01171875,10044,3365,6679
20261007T093209656936Z_8648cf07_s1,gnn_max,gnn_max / recipe 4aad7661ef / IDs32,liberties,4,1,13,1.0,0,1,70,0.7368839427662957,0.7380320398837933,0.05078125,6289,2461,3828
20261007T093209656936Z_8648cf07_s1,gnn_max,gnn_max / recipe 4aad7661ef / IDs32,liberties,4,1,13,2.0,0,2,140,0.8532758764956907,0.8560494940619252,0.296875,3507,1304,2203
20261007T093209656936Z_8648cf07_s1,gnn_max,gnn_max / recipe 4aad7661ef / IDs32,liberties,4,1,13,4.0,0,4,280,0.874445653083424,0.8724474560843876,0.62109375,3001,1212,1789
20261007T093209656936Z_8648cf07_s1,gnn_max,gnn_max / recipe 4aad7661ef / IDs32,liberties,4,1,13,0.5,1,1,35,0.5803698435277382,0.5875451069448379,0.015625,10030,3337,6693
20261007T093209656936Z_8648cf07_s1,gnn_max,gnn_max / recipe 4aad7661ef / IDs32,liberties,4,1,13,1.0,1,1,70,0.7426993557024517,0.7456562728288159,0.046875,6150,2296,3854
20261007T093209656936Z_8648cf07_s1,gnn_max,gnn_max / recipe 4aad7661ef / IDs32,liberties,4,1,13,2.0,1,2,140,0.854782026608652,0.8563185602988552,0.2734375,3471,1237,2234
20261007T093209656936Z_8648cf07_s1,gnn_max,gnn_max / recipe 4aad7661ef / IDs32,liberties,4,1,13,4.0,1,4,280,0.8827713162078488,0.8841450808795108,0.62890625,2802,993,1809
20261007T093209656936Z_8648cf07_s1,gnn_max,gnn_max / recipe 4aad7661ef / IDs32,liberties,4,1,13,0.5,2,1,35,0.5812902685967701,0.5892021317038519,0.01953125,10008,3318,6690
20261007T093209656936Z_8648cf07_s1,gnn_max,gnn_max / recipe 4aad7661ef / IDs32,liberties,4,1,13,1.0,2,1,70,0.7385156053886704,0.7412150482564284,0.05859375,6250,2450,3800
20261007T093209656936Z_8648cf07_s1,gnn_max,gnn_max / recipe 4aad7661ef / IDs32,liberties,4,1,13,2.0,2,2,140,0.8418124006359301,0.8437146361990087,0.28125,3781,1474,2307
20261007T093209656936Z_8648cf07_s1,gnn_max,gnn_max / recipe 4aad7661ef / IDs32,liberties,4,1,13,4.0,2,4,280,0.8693414777006109,0.8715726366059393,0.6171875,3123,1177,1946
20261007T093209656936Z_8648cf07_s1,gnn_max,gnn_max / recipe 4aad7661ef / IDs32,liberties,4,1,13,0.5,3,1,35,0.5790310434273283,0.5872763202897022,0.01171875,10062,3318,6744
20261007T093209656936Z_8648cf07_s1,gnn_max,gnn_max / recipe 4aad7661ef / IDs32,liberties,4,1,13,1.0,3,1,70,0.7364237302317798,0.7371951228020373,0.05078125,6300,2430,3870
20261007T093209656936Z_8648cf07_s1,gnn_max,gnn_max / recipe 4aad7661ef / IDs32,liberties,4,1,13,2.0,3,2,140,0.8558279641870973,0.8571373284646231,0.29296875,3446,1227,2219
20261007T093209656936Z_8648cf07_s1,gnn_max,gnn_max / recipe 4aad7661ef / IDs32,liberties,4,1,13,4.0,3,4,280,0.8777089783281734,0.8754929210207171,0.6015625,2923,1009,1914
20261007T093209656936Z_8648cf07_s1,gnn_max,gnn_max / recipe 4aad7661ef / IDs32,liberties,4,1,13,0.5,4,1,35,0.5819596686469751,0.5894055596305905,0.01171875,9992,3338,6654
20261007T093209656936Z_8648cf07_s1,gnn_max,gnn_max / recipe 4aad7661ef / IDs32,liberties,4,1,13,1.0,4,1,70,0.7371768052882604,0.7384340624405739,0.046875,6282,2430,3852
20261007T093209656936Z_8648cf07_s1,gnn_max,gnn_max / recipe 4aad7661ef / IDs32,liberties,4,1,13,2.0,4,2,140,0.8409756505731738,0.8429724189881925,0.2578125,3801,1468,2333
20261007T093209656936Z_8648cf07_s1,gnn_max,gnn_max / recipe 4aad7661ef / IDs32,liberties,4,1,13,4.0,4,4,280,0.8747803531085265,0.8757995340475627,0.6015625,2993,1123,1870
20261007T093209656936Z_8648cf07_s1,gnn_max,gnn_max / recipe 4aad7661ef / IDs32,liberties,4,1,13,0.5,5,1,35,0.578654505899088,0.5869111858933516,0.015625,10071,3319,6752
20261007T093209656936Z_8648cf07_s1,gnn_max,gnn_max / recipe 4aad7661ef / IDs32,liberties,4,1,13,1.0,5,1,70,0.7398125679859426,0.7432413399367417,0.0546875,6219,2381,3838
20261007T093209656936Z_8648cf07_s1,gnn_max,gnn_max / recipe 4aad7661ef / IDs32,liberties,4,1,13,2.0,5,2,140,0.8564973642373023,0.8580219213159599,0.2890625,3430,1291,2139
20261007T093209656936Z_8648cf07_s1,gnn_max,gnn_max / recipe 4aad7661ef / IDs32,liberties,4,1,13,4.0,5,4,280,0.8792151284411346,0.8806535285829623,0.6171875,2887,1047,1840
20261007T093209656936Z_8648cf07_s1,gnn_max,gnn_max / recipe 4aad7661ef / IDs32,liberties,4,1,13,0.5,6,1,35,0.5808300560622542,0.5884169037501545,0.01953125,10019,3379,6640
20261007T093209656936Z_8648cf07_s1,gnn_max,gnn_max / recipe 4aad7661ef / IDs32,liberties,4,1,13,1.0,6,1,70,0.737929880344741,0.7394549121082351,0.05078125,6264,2462,3802
20261007T093209656936Z_8648cf07_s1,gnn_max,gnn_max / recipe 4aad7661ef / IDs32,liberties,4,1,13,2.0,6,2,140,0.8501380637603548,0.8515559492291468,0.31640625,3582,1409,2173
20261007T093209656936Z_8648cf07_s1,gnn_max,gnn_max / recipe 4aad7661ef / IDs32,liberties,4,1,13,4.0,6,4,280,0.8813906786043009,0.8831192757301212,0.62109375,2835,958,1877
20261007T093209656936Z_8648cf07_s1,gnn_max,gnn_max / recipe 4aad7661ef / IDs32,liberties,4,1,13,0.5,7,1,35,0.5764789557359217,0.5832967222886145,0.01171875,10123,3355,6768
20261007T093209656936Z_8648cf07_s1,gnn_max,gnn_max / recipe 4aad7661ef / IDs32,liberties,4,1,13,1.0,7,1,70,0.7380135553510166,0.7379922111808817,0.0546875,6262,2362,3900
20261007T093209656936Z_8648cf07_s1,gnn_max,gnn_max / recipe 4aad7661ef / IDs32,liberties,4,1,13,2.0,7,2,140,0.8559534766965108,0.8545957170111133,0.28125,3443,1169,2274
20261007T093209656936Z_8648cf07_s1,gnn_max,gnn_max / recipe 4aad7661ef / IDs32,liberties,4,1,13,4.0,7,4,280,0.8803029035227178,0.8790286831162231,0.60546875,2861,902,1959
20261007T093209656936Z_8648cf07_s1,gnn_max,gnn_max / recipe 4aad7661ef / IDs32,liberties,4,1,19,0.5,0,1,80,0.6021307184723707,0.5793211372304506,0.01171875,21586,5881,15705
20261007T093209656936Z_8648cf07_s1,gnn_max,gnn_max / recipe 4aad7661ef / IDs32,liberties,4,1,19,1.0,0,1,160,0.7163711431415195,0.7054234785073726,0.0390625,15388,3838,11550
20261007T093209656936Z_8648cf07_s1,gnn_max,gnn_max / recipe 4aad7661ef / IDs32,liberties,4,1,19,2.0,0,2,320,0.7563313304088178,0.752078965003931,0.27734375,13220,4337,8883
20261007T093209656936Z_8648cf07_s1,gnn_max,gnn_max / recipe 4aad7661ef / IDs32,liberties,4,1,19,4.0,0,4,640,0.7741364692004277,0.7629793461592375,0.5,12254,4520,7734
20261007T093209656936Z_8648cf07_s1,gnn_max,gnn_max / recipe 4aad7661ef / IDs32,liberties,4,1,19,0.5,1,1,80,0.5990157407748737,0.5763664901072678,0.01171875,21755,5751,16004
20261007T093209656936Z_8648cf07_s1,gnn_max,gnn_max / recipe 4aad7661ef / IDs32,liberties,4,1,19,1.0,1,1,160,0.719449257197626,0.7091808384557612,0.02734375,15221,3613,11608
20261007T093209656936Z_8648cf07_s1,gnn_max,gnn_max / recipe 4aad7661ef / IDs32,liberties,4,1,19,2.0,1,2,320,0.7674457182880525,0.761044835626635,0.25,12617,3722,8895
20261007T093209656936Z_8648cf07_s1,gnn_max,gnn_max / recipe 4aad7661ef / IDs32,liberties,4,1,19,4.0,1,4,640,0.7719430825376931,0.7622784801013596,0.53125,12373,4071,8302
20261007T093209656936Z_8648cf07_s1,gnn_max,gnn_max / recipe 4aad7661ef / IDs32,liberties,4,1,19,0.5,2,1,80,0.6008957864857891,0.5788722342367292,0.01171875,21653,5780,15873
20261007T093209656936Z_8648cf07_s1,gnn_max,gnn_max / recipe 4aad7661ef / IDs32,liberties,4,1,19,1.0,2,1,160,0.7136248018579275,0.6997479951159338,0.03125,15537,3634,11903
20261007T093209656936Z_8648cf07_s1,gnn_max,gnn_max / recipe 4aad7661ef / IDs32,liberties,4,1,19,2.0,2,2,320,0.7591329671544955,0.7510864439047826,0.23828125,13068,3848,9220
20261007T093209656936Z_8648cf07_s1,gnn_max,gnn_max / recipe 4aad7661ef / IDs32,liberties,4,1,19,4.0,2,4,640,0.7678512183433479,0.7575414555577908,0.48828125,12595,4038,8557
20261007T093209656936Z_8648cf07_s1,gnn_max,gnn_max / recipe 4aad7661ef / IDs32,liberties,4,1,19,0.5,3,1,80,0.6046005824455339,0.5813600580094189,0.01171875,21452,5788,15664
20261007T093209656936Z_8648cf07_s1,gnn_max,gnn_max / recipe 4aad7661ef / IDs32,liberties,4,1,19,1.0,3,1,160,0.716113097651786,0.7029787811325973,0.03515625,15402,3682,11720
20261007T093209656936Z_8648cf07_s1,gnn_max,gnn_max / recipe 4aad7661ef / IDs32,liberties,4,1,19,2.0,3,2,320,0.7689571275850628,0.7635023820541642,0.27734375,12535,3450,9085
20261007T093209656936Z_8648cf07_s1,gnn_max,gnn_max / recipe 4aad7661ef / IDs32,liberties,4,1,19,4.0,3,4,640,0.7715560143030928,0.760279710856121,0.515625,12394,4063,8331
20261007T093209656936Z_8648cf07_s1,gnn_max,gnn_max / recipe 4aad7661ef / IDs32,liberties,4,1,19,0.5,4,1,80,0.5985918088988831,0.5766343326405969,0.01171875,21778,5859,15919
20261007T093209656936Z_8648cf07_s1,gnn_max,gnn_max / recipe 4aad7661ef / IDs32,liberties,4,1,19,1.0,4,1,160,0.7159840749069193,0.7042290358453454,0.0390625,15409,3656,11753
20261007T093209656936Z_8648cf07_s1,gnn_max,gnn_max / recipe 4aad7661ef / IDs32,liberties,4,1,19,2.0,4,2,320,0.7686990820953293,0.7647069448416516,0.25,12549,3785,8764
20261007T093209656936Z_8648cf07_s1,gnn_max,gnn_max / recipe 4aad7661ef / IDs32,liberties,4,1,19,4.0,4,4,640,0.7765141740701147,0.7675692361917609,0.51171875,12125,4493,7632
20261007T093209656936Z_8648cf07_s1,gnn_max,gnn_max / recipe 4aad7661ef / IDs32,liberties,4,1,19,0.5,5,1,80,0.59837062705054,0.5765064627849802,0.01171875,21790,5902,15888
20261007T093209656936Z_8648cf07_s1,gnn_max,gnn_max / recipe 4aad7661ef / IDs32,liberties,4,1,19,1.0,5,1,160,0.7049618461311609,0.6916276656592394,0.03515625,16007,3936,12071
20261007T093209656936Z_8648cf07_s1,gnn_max,gnn_max / recipe 4aad7661ef / IDs32,liberties,4,1,19,2.0,5,2,320,0.7593357171821432,0.7512147592133913,0.24609375,13057,4045,9012
20261007T093209656936Z_8648cf07_s1,gnn_max,gnn_max / recipe 4aad7661ef / IDs32,liberties,4,1,19,4.0,5,4,640,0.7612710583551443,0.7499881962971382,0.515625,12952,4584,8368
20261007T093209656936Z_8648cf07_s1,gnn_max,gnn_max / recipe 4aad7661ef / IDs32,liberties,4,1,19,0.5,6,1,80,0.6017252184170753,0.5807326109628845,0.0078125,21608,5700,15908
20261007T093209656936Z_8648cf07_s1,gnn_max,gnn_max / recipe 4aad7661ef / IDs32,liberties,4,1,19,1.0,6,1,160,0.7188041434732922,0.7073496736862955,0.01953125,15256,3419,11837
20261007T093209656936Z_8648cf07_s1,gnn_max,gnn_max / recipe 4aad7661ef / IDs32,liberties,4,1,19,2.0,6,2,320,0.770523832344159,0.76377784140049,0.26171875,12450,3499,8951
20261007T093209656936Z_8648cf07_s1,gnn_max,gnn_max / recipe 4aad7661ef / IDs32,liberties,4,1,19,4.0,6,4,640,0.7802558336712501,0.7696894057180098,0.51953125,11922,4065,7857
20261007T093209656936Z_8648cf07_s1,gnn_max,gnn_max / recipe 4aad7661ef / IDs32,liberties,4,1,19,0.5,7,1,80,0.6049139233973532,0.5826875867997914,0.01953125,21435,5760,15675
20261007T093209656936Z_8648cf07_s1,gnn_max,gnn_max / recipe 4aad7661ef / IDs32,liberties,4,1,19,1.0,7,1,160,0.7122055516643934,0.7004215435776092,0.0390625,15614,3925,11689
20261007T093209656936Z_8648cf07_s1,gnn_max,gnn_max / recipe 4aad7661ef / IDs32,liberties,4,1,19,2.0,7,2,320,0.7606075128101154,0.7515602016863902,0.28515625,12988,4062,8926
20261007T093209656936Z_8648cf07_s1,gnn_max,gnn_max / recipe 4aad7661ef / IDs32,liberties,4,1,19,4.0,7,4,640,0.7649758543148892,0.7515926277695741,0.53515625,12751,4550,8201
20261007T093209656936Z_8648cf07_s1,gnn_max,gnn_max / recipe 4aad7661ef / IDs32,liberties,4,1,25,0.5,0,1,143,0.6108033971619982,0.5752257243524032,0.01953125,36890,9197,27693
20261007T093209656936Z_8648cf07_s1,gnn_max,gnn_max / recipe 4aad7661ef / IDs32,liberties,4,1,25,1.0,0,1,286,0.7055335759877618,0.6829480034913089,0.03515625,27911,8786,19125
20261007T093209656936Z_8648cf07_s1,gnn_max,gnn_max / recipe 4aad7661ef / IDs32,liberties,4,1,25,2.0,0,2,572,0.7218441736561693,0.6945202952108577,0.2421875,26365,11914,14451
20261007T093209656936Z_8648cf07_s1,gnn_max,gnn_max / recipe 4aad7661ef / IDs32,liberties,4,1,25,4.0,0,4,1144,0.7169066835469747,0.6843577808067829,0.47265625,26833,13281,13552
20261007T093209656936Z_8648cf07_s1,gnn_max,gnn_max / recipe 4aad7661ef / IDs32,liberties,4,1,25,0.5,1,1,143,0.6109194492799493,0.5752547624695588,0.01171875,36879,9126,27753
20261007T093209656936Z_8648cf07_s1,gnn_max,gnn_max / recipe 4aad7661ef / IDs32,liberties,4,1,25,1.0,1,1,286,0.7001846283694677,0.6778263246716256,0.03515625,28418,8399,20019
20261007T093209656936Z_8648cf07_s1,gnn_max,gnn_max / recipe 4aad7661ef / IDs32,liberties,4,1,25,2.0,1,2,572,0.722424434245925,0.6936281310788793,0.25390625,26310,11141,15169
20261007T093209656936Z_8648cf07_s1,gnn_max,gnn_max / recipe 4aad7661ef / IDs32,liberties,4,1,25,4.0,1,4,1144,0.7190905734029646,0.6861848828781486,0.46875,26626,12558,14068
20261007T093209656936Z_8648cf07_s1,gnn_max,gnn_max / recipe 4aad7661ef / IDs32,liberties,4,1,25,0.5,2,1,143,0.6098327794482249,0.5746616944658487,0.01953125,36982,9511,27471
20261007T093209656936Z_8648cf07_s1,gnn_max,gnn_max / recipe 4aad7661ef / IDs32,liberties,4,1,25,1.0,2,1,286,0.6976842327372474,0.6743219479044862,0.03515625,28655,9490,19165
20261007T093209656936Z_8648cf07_s1,gnn_max,gnn_max / recipe 4aad7661ef / IDs32,liberties,4,1,25,2.0,2,2,572,0.7119375428601572,0.6862735541090769,0.2421875,27304,12647,14657
20261007T093209656936Z_8648cf07_s1,gnn_max,gnn_max / recipe 4aad7661ef / IDs32,liberties,4,1,25,4.0,2,4,1144,0.707189956216701,0.6751017619518135,0.4375,27754,14524,13230
20261007T093209656936Z_8648cf07_s1,gnn_max,gnn_max / recipe 4aad7661ef / IDs32,liberties,4,1,25,0.5,3,1,143,0.6095479242496176,0.5737499153269557,0.0078125,37009,9119,27890
20261007T093209656936Z_8648cf07_s1,gnn_max,gnn_max / recipe 4aad7661ef / IDs32,liberties,4,1,25,1.0,3,1,286,0.7078968191169489,0.6854682436611569,0.0234375,27687,8238,19449
20261007T093209656936Z_8648cf07_s1,gnn_max,gnn_max / recipe 4aad7661ef / IDs32,liberties,4,1,25,2.0,3,2,572,0.7266234108772485,0.701331327121758,0.2421875,25912,11394,14518
20261007T093209656936Z_8648cf07_s1,gnn_max,gnn_max / recipe 4aad7661ef / IDs32,liberties,4,1,25,4.0,3,4,1144,0.7172970406709922,0.6838345647726312,0.4375,26796,13282,13514
20261007T093209656936Z_8648cf07_s1,gnn_max,gnn_max / recipe 4aad7661ef / IDs32,liberties,4,1,25,0.5,4,1,143,0.6121116210370839,0.5771910313911505,0.015625,36766,8735,28031
20261007T093209656936Z_8648cf07_s1,gnn_max,gnn_max / recipe 4aad7661ef / IDs32,liberties,4,1,25,1.0,4,1,286,0.7061138365775176,0.682065130124957,0.02734375,27856,7803,20053
20261007T093209656936Z_8648cf07_s1,gnn_max,gnn_max / recipe 4aad7661ef / IDs32,liberties,4,1,25,2.0,4,2,572,0.7290077543915177,0.7062423331045867,0.25390625,25686,10438,15248
20261007T093209656936Z_8648cf07_s1,gnn_max,gnn_max / recipe 4aad7661ef / IDs32,liberties,4,1,25,4.0,4,4,1144,0.7219285751964973,0.6900828113994717,0.4453125,26357,12391,13966
20261007T093209656936Z_8648cf07_s1,gnn_max,gnn_max / recipe 4aad7661ef / IDs32,liberties,4,1,25,0.5,5,1,143,0.611352007174131,0.5750423868061506,0.01171875,36838,8967,27871
20261007T093209656936Z_8648cf07_s1,gnn_max,gnn_max / recipe 4aad7661ef / IDs32,liberties,4,1,25,1.0,5,1,286,0.7055019254101388,0.6823407675220926,0.03515625,27914,8009,19905
20261007T093209656936Z_8648cf07_s1,gnn_max,gnn_max / recipe 4aad7661ef / IDs32,liberties,4,1,25,2.0,5,2,572,0.7233423009969931,0.6974156252757292,0.22265625,26223,10588,15635
20261007T093209656936Z_8648cf07_s1,gnn_max,gnn_max / recipe 4aad7661ef / IDs32,liberties,4,1,25,4.0,5,4,1144,0.7188901197446853,0.6869539769361124,0.44921875,26645,12066,14579
20261007T093209656936Z_8648cf07_s1,gnn_max,gnn_max / recipe 4aad7661ef / IDs32,liberties,4,1,25,0.5,6,1,143,0.6075117370892019,0.5717024070441203,0.015625,37202,9368,27834
20261007T093209656936Z_8648cf07_s1,gnn_max,gnn_max / recipe 4aad7661ef / IDs32,liberties,4,1,25,1.0,6,1,286,0.7045629582739885,0.6811953338033369,0.03515625,28003,8745,19258
20261007T093209656936Z_8648cf07_s1,gnn_max,gnn_max / recipe 4aad7661ef / IDs32,liberties,4,1,25,2.0,6,2,572,0.7318352059925094,0.7044692346292227,0.24609375,25418,11295,14123
20261007T093209656936Z_8648cf07_s1,gnn_max,gnn_max / recipe 4aad7661ef / IDs32,liberties,4,1,25,4.0,6,4,1144,0.7251252835364246,0.6933407633593482,0.46484375,26054,12872,13182
20261007T093209656936Z_8648cf07_s1,gnn_max,gnn_max / recipe 4aad7661ef / IDs32,liberties,4,1,25,0.5,7,1,143,0.6127551827820857,0.5765208222784882,0.015625,36705,9091,27614
20261007T093209656936Z_8648cf07_s1,gnn_max,gnn_max / recipe 4aad7661ef / IDs32,liberties,4,1,25,1.0,7,1,286,0.7079706704647359,0.6867771056960115,0.02734375,27680,8446,19234
20261007T093209656936Z_8648cf07_s1,gnn_max,gnn_max / recipe 4aad7661ef / IDs32,liberties,4,1,25,2.0,7,2,572,0.7234900036925674,0.6926731539280061,0.2578125,26209,12061,14148
20261007T093209656936Z_8648cf07_s1,gnn_max,gnn_max / recipe 4aad7661ef / IDs32,liberties,4,1,25,4.0,7,4,1144,0.7221712296249406,0.6888500462643395,0.484375,26334,12931,13403
20261007T093209656936Z_8648cf07_s1,gnn_max,gnn_max / recipe 4aad7661ef / IDs32,liberties,4,1,37,0.5,0,2,323,0.6428284909201658,0.593321842223443,0.01171875,72124,22156,49968
20261007T093209656936Z_8648cf07_s1,gnn_max,gnn_max / recipe 4aad7661ef / IDs32,liberties,4,1,37,1.0,0,3,646,0.7157444869782252,0.6776635559741826,0.01171875,57400,25998,31402
20261007T093209656936Z_8648cf07_s1,gnn_max,gnn_max / recipe 4aad7661ef / IDs32,liberties,4,1,37,2.0,0,6,1292,0.719582431622683,0.6764664249985592,0.28515625,56625,33658,22967
20261007T093209656936Z_8648cf07_s1,gnn_max,gnn_max / recipe 4aad7661ef / IDs32,liberties,4,1,37,4.0,0,12,2584,0.7145262490652747,0.6700633223605421,0.4296875,57646,36069,21577
20261007T093209656936Z_8648cf07_s1,gnn_max,gnn_max / recipe 4aad7661ef / IDs32,liberties,4,1,37,0.5,1,2,323,0.6441606291257905,0.5954187973627743,0.00390625,71855,23280,48575
20261007T093209656936Z_8648cf07_s1,gnn_max,gnn_max / recipe 4aad7661ef / IDs32,liberties,4,1,37,1.0,1,3,646,0.7162099925221982,0.6773811810001464,0.015625,57306,27132,30174
20261007T093209656936Z_8648cf07_s1,gnn_max,gnn_max / recipe 4aad7661ef / IDs32,liberties,4,1,37,2.0,1,6,1292,0.7211473226002941,0.6764132825292607,0.25,56309,34657,21652
20261007T093209656936Z_8648cf07_s1,gnn_max,gnn_max / recipe 4aad7661ef / IDs32,liberties,4,1,37,4.0,1,12,2584,0.718091823444642,0.6727100199353737,0.4296875,56926,36076,20850
20261007T093209656936Z_8648cf07_s1,gnn_max,gnn_max / recipe 4aad7661ef / IDs32,liberties,4,1,37,0.5,2,2,323,0.6476865860120536,0.5990049434124456,0.01171875,71143,22142,49001
20261007T093209656936Z_8648cf07_s1,gnn_max,gnn_max / recipe 4aad7661ef / IDs32,liberties,4,1,37,1.0,2,3,646,0.7239155949309417,0.686084939078619,0.0234375,55750,25568,30182
20261007T093209656936Z_8648cf07_s1,gnn_max,gnn_max / recipe 4aad7661ef / IDs32,liberties,4,1,37,2.0,2,6,1292,0.7253269681227746,0.6809610325627177,0.23046875,55465,33610,21855
20261007T093209656936Z_8648cf07_s1,gnn_max,gnn_max / recipe 4aad7661ef / IDs32,liberties,4,1,37,4.0,2,12,2584,0.7145064403187227,0.6701843130475692,0.41015625,57650,36317,21333
20261007T093209656936Z_8648cf07_s1,gnn_max,gnn_max / recipe 4aad7661ef / IDs32,liberties,4,1,37,0.5,3,2,323,0.6423530810029169,0.5918417185947418,0.00390625,72220,21994,50226
20261007T093209656936Z_8648cf07_s1,gnn_max,gnn_max / recipe 4aad7661ef / IDs32,liberties,4,1,37,1.0,3,3,646,0.7178937359791215,0.6807082708575843,0.01953125,56966,24102,32864
20261007T093209656936Z_8648cf07_s1,gnn_max,gnn_max / recipe 4aad7661ef / IDs32,liberties,4,1,37,2.0,3,6,1292,0.7286597897301553,0.6857836144626402,0.2421875,54792,30198,24594
20261007T093209656936Z_8648cf07_s1,gnn_max,gnn_max / recipe 4aad7661ef / IDs32,liberties,4,1,37,4.0,3,12,2584,0.7221030946214301,0.6775785001923953,0.40234375,56116,32767,23349
20261007T093209656936Z_8648cf07_s1,gnn_max,gnn_max / recipe 4aad7661ef / IDs32,liberties,4,1,37,0.5,4,2,323,0.6431800961714645,0.5945738219772946,0.01171875,72053,22633,49420
20261007T093209656936Z_8648cf07_s1,gnn_max,gnn_max / recipe 4aad7661ef / IDs32,liberties,4,1,37,1.0,4,3,646,0.7198052800213934,0.681866773318303,0.0234375,56580,25151,31429
20261007T093209656936Z_8648cf07_s1,gnn_max,gnn_max / recipe 4aad7661ef / IDs32,liberties,4,1,37,2.0,4,6,1292,0.7266343453952092,0.6840146402884655,0.24609375,55201,32367,22834
20261007T093209656936Z_8648cf07_s1,gnn_max,gnn_max / recipe 4aad7661ef / IDs32,liberties,4,1,37,4.0,4,12,2584,0.7133624852053424,0.668721280648236,0.421875,57881,36603,21278
20261007T093209656936Z_8648cf07_s1,gnn_max,gnn_max / recipe 4aad7661ef / IDs32,liberties,4,1,37,0.5,5,2,323,0.6492415726163888,0.6008358228621387,0.0078125,70829,21423,49406
20261007T093209656936Z_8648cf07_s1,gnn_max,gnn_max / recipe 4aad7661ef / IDs32,liberties,4,1,37,1.0,5,3,646,0.7206818170563212,0.6818540478102614,0.0234375,56403,24261,32142
20261007T093209656936Z_8648cf07_s1,gnn_max,gnn_max / recipe 4aad7661ef / IDs32,liberties,4,1,37,2.0,5,6,1292,0.7293431914862007,0.6857744097797349,0.265625,54654,31595,23059
20261007T093209656936Z_8648cf07_s1,gnn_max,gnn_max / recipe 4aad7661ef / IDs32,liberties,4,1,37,4.0,5,12,2584,0.7233559978408466,0.6786451630943935,0.41015625,55863,34018,21845
20261007T093209656936Z_8648cf07_s1,gnn_max,gnn_max / recipe 4aad7661ef / IDs32,liberties,4,1,37,0.5,6,2,323,0.6399958401632241,0.5909500338347293,0.01171875,72696,23909,48787
20261007T093209656936Z_8648cf07_s1,gnn_max,gnn_max / recipe 4aad7661ef / IDs32,liberties,4,1,37,1.0,6,3,646,0.7145212968786367,0.6766086970307341,0.0234375,57647,27532,30115
20261007T093209656936Z_8648cf07_s1,gnn_max,gnn_max / recipe 4aad7661ef / IDs32,liberties,4,1,37,2.0,6,6,1292,0.7198696584476876,0.6763555469256161,0.2421875,56567,35488,21079
20261007T093209656936Z_8648cf07_s1,gnn_max,gnn_max / recipe 4aad7661ef / IDs32,liberties,4,1,37,4.0,6,12,2584,0.714110265387682,0.6695327691844661,0.41015625,57730,37546,20184
20261007T093209656936Z_8648cf07_s1,gnn_max,gnn_max / recipe 4aad7661ef / IDs32,liberties,4,1,37,0.5,7,2,323,0.6412536955692786,0.5922767949723673,0.00390625,72442,22321,50121
20261007T093209656936Z_8648cf07_s1,gnn_max,gnn_max / recipe 4aad7661ef / IDs32,liberties,4,1,37,1.0,7,3,646,0.7102970816764143,0.6730481958193957,0.0234375,58500,27307,31193
20261007T093209656936Z_8648cf07_s1,gnn_max,gnn_max / recipe 4aad7661ef / IDs32,liberties,4,1,37,2.0,7,6,1292,0.7162496100153023,0.673080961044894,0.265625,57298,35290,22008
20261007T093209656936Z_8648cf07_s1,gnn_max,gnn_max / recipe 4aad7661ef / IDs32,liberties,4,1,37,4.0,7,12,2584,0.7122234822786001,0.6683379508807841,0.42578125,58111,36613,21498
20261007T093323649230Z_70e98689_s2,gnn_max,gnn_max / recipe 4aad7661ef / IDs32,liberties,4,2,9,0.5,0,1,15,0.49711881459800605,0.5015840146661912,0.0,5498,2920,2578
20261007T093323649230Z_70e98689_s2,gnn_max,gnn_max / recipe 4aad7661ef / IDs32,liberties,4,2,9,1.0,0,1,30,0.671727796579164,0.6870210001226895,0.01171875,3589,1976,1613
20261007T093323649230Z_70e98689_s2,gnn_max,gnn_max / recipe 4aad7661ef / IDs32,liberties,4,2,9,2.0,0,2,60,0.8665508094758987,0.8734199296094862,0.2734375,1459,792,667
20261007T093323649230Z_70e98689_s2,gnn_max,gnn_max / recipe 4aad7661ef / IDs32,liberties,4,2,9,4.0,0,4,120,0.9462178724961127,0.9497492123694745,0.71484375,588,239,349
20261007T093323649230Z_70e98689_s2,gnn_max,gnn_max / recipe 4aad7661ef / IDs32,liberties,4,2,9,0.5,1,1,15,0.49693588219153023,0.5010564013633313,0.0,5500,2917,2583
20261007T093323649230Z_70e98689_s2,gnn_max,gnn_max / recipe 4aad7661ef / IDs32,liberties,4,2,9,1.0,1,1,30,0.6732827220342084,0.6889560017947656,0.01171875,3572,1967,1605
20261007T093323649230Z_70e98689_s2,gnn_max,gnn_max / recipe 4aad7661ef / IDs32,liberties,4,2,9,2.0,1,2,60,0.8680142687277052,0.8742000231479727,0.29296875,1443,813,630
20261007T093323649230Z_70e98689_s2,gnn_max,gnn_max / recipe 4aad7661ef / IDs32,liberties,4,2,9,4.0,1,4,120,0.945943473886399,0.9503691223728068,0.70703125,591,259,332
20261007T093323649230Z_70e98689_s2,gnn_max,gnn_max / recipe 4aad7661ef / IDs32,liberties,4,2,9,0.5,2,1,15,0.4951065581267722,0.4981887671641417,0.0,5520,2945,2575
20261007T093323649230Z_70e98689_s2,gnn_max,gnn_max / recipe 4aad7661ef / IDs32,liberties,4,2,9,1.0,2,1,30,0.6760267081313455,0.6913216880060721,0.01953125,3542,1962,1580
20261007T093323649230Z_70e98689_s2,gnn_max,gnn_max / recipe 4aad7661ef / IDs32,liberties,4,2,9,2.0,2,2,60,0.8695691941827495,0.8758322419248458,0.2890625,1426,811,615
20261007T093323649230Z_70e98689_s2,gnn_max,gnn_max / recipe 4aad7661ef / IDs32,liberties,4,2,9,4.0,2,4,120,0.9530778377389555,0.9555194496453767,0.703125,513,239,274
20261007T093323649230Z_70e98689_s2,gnn_max,gnn_max / recipe 4aad7661ef / IDs32,liberties,4,2,9,0.5,3,1,15,0.49986280069514316,0.5041653111806372,0.0,5468,2903,2565
20261007T093323649230Z_70e98689_s2,gnn_max,gnn_max / recipe 4aad7661ef / IDs32,liberties,4,2,9,1.0,3,1,30,0.6723680600018294,0.6885150755903604,0.01171875,3582,1989,1593
20261007T093323649230Z_70e98689_s2,gnn_max,gnn_max / recipe 4aad7661ef / IDs32,liberties,4,2,9,2.0,3,2,60,0.8694777279795116,0.8753987933772996,0.2890625,1427,814,613
20261007T093323649230Z_70e98689_s2,gnn_max,gnn_max / recipe 4aad7661ef / IDs32,liberties,4,2,9,4.0,3,4,120,0.9502423854385804,0.9535095337469461,0.6875,544,225,319
20261007T093323649230Z_70e98689_s2,gnn_max,gnn_max / recipe 4aad7661ef / IDs32,liberties,4,2,9,0.5,4,1,15,0.4941004298911552,0.4979295359916288,0.0,5531,2924,2607
20261007T093323649230Z_70e98689_s2,gnn_max,gnn_max / recipe 4aad7661ef / IDs32,liberties,4,2,9,1.0,4,1,30,0.673557120643922,0.6900274169590855,0.015625,3569,1962,1607
20261007T093323649230Z_70e98689_s2,gnn_max,gnn_max / recipe 4aad7661ef / IDs32,liberties,4,2,9,2.0,4,2,60,0.8641726881917131,0.8716006113312853,0.3046875,1485,819,666
20261007T093323649230Z_70e98689_s2,gnn_max,gnn_max / recipe 4aad7661ef / IDs32,liberties,4,2,9,4.0,4,4,120,0.9510655812677216,0.9568247814046265,0.703125,535,196,339
20261007T093323649230Z_70e98689_s2,gnn_max,gnn_max / recipe 4aad7661ef / IDs32,liberties,4,2,9,0.5,5,1,15,0.49647855117534073,0.5000473390772232,0.0,5505,2914,2591
20261007T093323649230Z_70e98689_s2,gnn_max,gnn_max / recipe 4aad7661ef / IDs32,liberties,4,2,9,1.0,5,1,30,0.6714533979694502,0.6875053513548411,0.015625,3592,1979,1613
20261007T093323649230Z_70e98689_s2,gnn_max,gnn_max / recipe 4aad7661ef / IDs32,liberties,4,2,9,2.0,5,2,60,0.8640812219884753,0.870407404205089,0.29296875,1486,841,645
20261007T093323649230Z_70e98689_s2,gnn_max,gnn_max / recipe 4aad7661ef / IDs32,liberties,4,2,9,4.0,5,4,120,0.946949602122016,0.9499736344386988,0.6953125,580,266,314
20261007T093323649230Z_70e98689_s2,gnn_max,gnn_max / recipe 4aad7661ef / IDs32,liberties,4,2,9,0.5,6,1,15,0.49227110582639716,0.49568386846993884,0.0,5551,2940,2611
20261007T093323649230Z_70e98689_s2,gnn_max,gnn_max / recipe 4aad7661ef / IDs32,liberties,4,2,9,1.0,6,1,30,0.6706302021403091,0.686884242415601,0.015625,3601,1974,1627
20261007T093323649230Z_70e98689_s2,gnn_max,gnn_max / recipe 4aad7661ef / IDs32,liberties,4,2,9,2.0,6,2,60,0.8684715997438947,0.8747909181407183,0.28515625,1438,812,626
20261007T093323649230Z_70e98689_s2,gnn_max,gnn_max / recipe 4aad7661ef / IDs32,liberties,4,2,9,4.0,6,4,120,0.9536266349583828,0.9551918261733339,0.68359375,507,244,263
20261007T093323649230Z_70e98689_s2,gnn_max,gnn_max / recipe 4aad7661ef / IDs32,liberties,4,2,9,0.5,7,1,15,0.49538095673648586,0.4997196640859029,0.0,5517,2915,2602
20261007T093323649230Z_70e98689_s2,gnn_max,gnn_max / recipe 4aad7661ef / IDs32,liberties,4,2,9,1.0,7,1,30,0.6749291136924906,0.6906901961201887,0.015625,3554,1979,1575
20261007T093323649230Z_70e98689_s2,gnn_max,gnn_max / recipe 4aad7661ef / IDs32,liberties,4,2,9,2.0,7,2,60,0.8673740053050398,0.8726918231864824,0.296875,1450,831,619
20261007T093323649230Z_70e98689_s2,gnn_max,gnn_max / recipe 4aad7661ef / IDs32,liberties,4,2,9,4.0,7,4,120,0.9475898655446813,0.9492305499122575,0.7109375,573,280,293
20261007T093323649230Z_70e98689_s2,gnn_max,gnn_max / recipe 4aad7661ef / IDs32,liberties,4,2,13,0.5,0,1,35,0.5620868546565141,0.5666411631048949,0.0,10467,3577,6890
20261007T093323649230Z_70e98689_s2,gnn_max,gnn_max / recipe 4aad7661ef / IDs32,liberties,4,2,13,1.0,0,1,70,0.7067609405070705,0.7062412562124518,0.02734375,7009,2543,4466
20261007T093323649230Z_70e98689_s2,gnn_max,gnn_max / recipe 4aad7661ef / IDs32,liberties,4,2,13,2.0,0,2,140,0.834658187599364,0.8284504516835728,0.24609375,3952,1449,2503
20261007T093323649230Z_70e98689_s2,gnn_max,gnn_max / recipe 4aad7661ef / IDs32,liberties,4,2,13,4.0,0,4,280,0.8648648648648649,0.8557023068412699,0.59375,3230,1018,2212
20261007T093323649230Z_70e98689_s2,gnn_max,gnn_max / recipe 4aad7661ef / IDs32,liberties,4,2,13,0.5,1,1,35,0.560329679524726,0.5642869284610885,0.0,10509,3603,6906
20261007T093323649230Z_70e98689_s2,gnn_max,gnn_max / recipe 4aad7661ef / IDs32,liberties,4,2,13,1.0,1,1,70,0.7080160656012049,0.7073868834465887,0.03515625,6979,2585,4394
20261007T093323649230Z_70e98689_s2,gnn_max,gnn_max / recipe 4aad7661ef / IDs32,liberties,4,2,13,2.0,1,2,140,0.8350347251276043,0.8286182058865879,0.25,3943,1333,2610
20261007T093323649230Z_70e98689_s2,gnn_max,gnn_max / recipe 4aad7661ef / IDs32,liberties,4,2,13,4.0,1,4,280,0.8735670655175299,0.8619377324192816,0.6015625,3022,908,2114
20261007T093323649230Z_70e98689_s2,gnn_max,gnn_max / recipe 4aad7661ef / IDs32,liberties,4,2,13,0.5,2,1,35,0.5584888293866622,0.5621055003396058,0.0,10553,3610,6943
20261007T093323649230Z_70e98689_s2,gnn_max,gnn_max / recipe 4aad7661ef / IDs32,liberties,4,2,13,1.0,2,1,70,0.6996067274705046,0.6984677489256965,0.0234375,7180,2595,4585
20261007T093323649230Z_70e98689_s2,gnn_max,gnn_max / recipe 4aad7661ef / IDs32,liberties,4,2,13,2.0,2,2,140,0.8374613003095975,0.8327084036819201,0.26171875,3885,1351,2534
20261007T093323649230Z_70e98689_s2,gnn_max,gnn_max / recipe 4aad7661ef / IDs32,liberties,4,2,13,4.0,2,4,280,0.8716425403731906,0.8643292739692464,0.59375,3068,897,2171
20261007T093323649230Z_70e98689_s2,gnn_max,gnn_max / recipe 4aad7661ef / IDs32,liberties,4,2,13,0.5,3,1,35,0.5589072044180403,0.5636108698268818,0.00390625,10543,3596,6947
20261007T093323649230Z_70e98689_s2,gnn_max,gnn_max / recipe 4aad7661ef / IDs32,liberties,4,2,13,1.0,3,1,70,0.7093548657016149,0.7098933123279956,0.02734375,6947,2530,4417
20261007T093323649230Z_70e98689_s2,gnn_max,gnn_max / recipe 4aad7661ef / IDs32,liberties,4,2,13,2.0,3,2,140,0.8408501380637603,0.8356287651273957,0.265625,3804,1330,2474
20261007T093323649230Z_70e98689_s2,gnn_max,gnn_max / recipe 4aad7661ef / IDs32,liberties,4,2,13,4.0,3,4,280,0.8606392770479457,0.8524099686024591,0.609375,3331,1129,2202
20261007T093323649230Z_70e98689_s2,gnn_max,gnn_max / recipe 4aad7661ef / IDs32,liberties,4,2,13,0.5,4,1,35,0.5628817672161326,0.5669199432453866,0.0,10448,3566,6882
20261007T093323649230Z_70e98689_s2,gnn_max,gnn_max / recipe 4aad7661ef / IDs32,liberties,4,2,13,1.0,4,1,70,0.7051292778846958,0.7050355310981368,0.01953125,7048,2611,4437
20261007T093323649230Z_70e98689_s2,gnn_max,gnn_max / recipe 4aad7661ef / IDs32,liberties,4,2,13,2.0,4,2,140,0.8408501380637603,0.8368699853693636,0.25390625,3804,1293,2511
20261007T093323649230Z_70e98689_s2,gnn_max,gnn_max / recipe 4aad7661ef / IDs32,liberties,4,2,13,4.0,4,4,280,0.8651158898836917,0.8566150083542349,0.5859375,3224,1133,2091
20261007T093323649230Z_70e98689_s2,gnn_max,gnn_max / recipe 4aad7661ef / IDs32,liberties,4,2,13,0.5,5,1,35,0.5571500292862522,0.5601178040033393,0.00390625,10585,3646,6939
20261007T093323649230Z_70e98689_s2,gnn_max,gnn_max / recipe 4aad7661ef / IDs32,liberties,4,2,13,1.0,5,1,70,0.7057150029286252,0.7061413822141528,0.0234375,7034,2571,4463
20261007T093323649230Z_70e98689_s2,gnn_max,gnn_max / recipe 4aad7661ef / IDs32,liberties,4,2,13,2.0,5,2,140,0.8354112626558446,0.8318166745921184,0.25,3934,1390,2544
20261007T093323649230Z_70e98689_s2,gnn_max,gnn_max / recipe 4aad7661ef / IDs32,liberties,4,2,13,4.0,5,4,280,0.8591331269349846,0.8495260556248179,0.58984375,3367,1122,2245
20261007T093323649230Z_70e98689_s2,gnn_max,gnn_max / recipe 4aad7661ef / IDs32,liberties,4,2,13,0.5,6,1,35,0.5600786545058991,0.564020045618206,0.00390625,10515,3579,6936
20261007T093323649230Z_70e98689_s2,gnn_max,gnn_max / recipe 4aad7661ef / IDs32,liberties,4,2,13,1.0,6,1,70,0.7074303405572755,0.7066289846380207,0.0234375,6993,2513,4480
20261007T093323649230Z_70e98689_s2,gnn_max,gnn_max / recipe 4aad7661ef / IDs32,liberties,4,2,13,2.0,6,2,140,0.8405572755417957,0.8340724548679641,0.26171875,3811,1233,2578
20261007T093323649230Z_70e98689_s2,gnn_max,gnn_max / recipe 4aad7661ef / IDs32,liberties,4,2,13,4.0,6,4,280,0.8708894653167099,0.8592237012350883,0.58984375,3086,986,2100
20261007T093323649230Z_70e98689_s2,gnn_max,gnn_max / recipe 4aad7661ef / IDs32,liberties,4,2,13,0.5,7,1,35,0.5581541293615597,0.5622435665456531,0.0,10561,3614,6947
20261007T093323649230Z_70e98689_s2,gnn_max,gnn_max / recipe 4aad7661ef / IDs32,liberties,4,2,13,1.0,7,1,70,0.7052129528909714,0.7053474628054381,0.03125,7046,2603,4443
20261007T093323649230Z_70e98689_s2,gnn_max,gnn_max / recipe 4aad7661ef / IDs32,liberties,4,2,13,2.0,7,2,140,0.8321479374110953,0.8283105451698451,0.25390625,4012,1404,2608
20261007T093323649230Z_70e98689_s2,gnn_max,gnn_max / recipe 4aad7661ef / IDs32,liberties,4,2,13,4.0,7,4,280,0.8581290268596771,0.8500067802771647,0.5859375,3391,1156,2235
20261007T093323649230Z_70e98689_s2,gnn_max,gnn_max / recipe 4aad7661ef / IDs32,liberties,4,2,19,0.5,0,1,80,0.5550005529546208,0.5202517873357587,0.015625,24143,10227,13916
20261007T093323649230Z_70e98689_s2,gnn_max,gnn_max / recipe 4aad7661ef / IDs32,liberties,4,2,19,1.0,0,1,160,0.6238802668927637,0.5944244278096857,0.05078125,20406,10571,9835
20261007T093323649230Z_70e98689_s2,gnn_max,gnn_max / recipe 4aad7661ef / IDs32,liberties,4,2,19,2.0,0,2,320,0.6725034098868287,0.6426419113606237,0.265625,17768,10308,7460
20261007T093323649230Z_70e98689_s2,gnn_max,gnn_max / recipe 4aad7661ef / IDs32,liberties,4,2,19,4.0,0,4,640,0.6733697054595053,0.6420875764077346,0.515625,17721,10677,7044
20261007T093323649230Z_70e98689_s2,gnn_max,gnn_max / recipe 4aad7661ef / IDs32,liberties,4,2,19,0.5,1,1,80,0.5613042356323957,0.5267744990291223,0.015625,23801,10103,13698
20261007T093323649230Z_70e98689_s2,gnn_max,gnn_max / recipe 4aad7661ef / IDs32,liberties,4,2,19,1.0,1,1,160,0.6273638810041656,0.599058438452249,0.0546875,20217,10595,9622
20261007T093323649230Z_70e98689_s2,gnn_max,gnn_max / recipe 4aad7661ef / IDs32,liberties,4,2,19,2.0,1,2,320,0.6685590002580455,0.638283463187381,0.25,17982,10750,7232
20261007T093323649230Z_70e98689_s2,gnn_max,gnn_max / recipe 4aad7661ef / IDs32,liberties,4,2,19,4.0,1,4,640,0.6686880230029122,0.6369301452838477,0.51171875,17975,10829,7146
20261007T093323649230Z_70e98689_s2,gnn_max,gnn_max / recipe 4aad7661ef / IDs32,liberties,4,2,19,0.5,2,1,80,0.5604379400597191,0.5253544310943634,0.015625,23848,10133,13715
20261007T093323649230Z_70e98689_s2,gnn_max,gnn_max / recipe 4aad7661ef / IDs32,liberties,4,2,19,1.0,2,1,160,0.6258524717071552,0.599184558228386,0.05078125,20299,10770,9529
20261007T093323649230Z_70e98689_s2,gnn_max,gnn_max / recipe 4aad7661ef / IDs32,liberties,4,2,19,2.0,2,2,320,0.6624396357872231,0.6343103145477258,0.2578125,18314,10973,7341
20261007T093323649230Z_70e98689_s2,gnn_max,gnn_max / recipe 4aad7661ef / IDs32,liberties,4,2,19,4.0,2,4,640,0.6660891362848822,0.6363504377507426,0.51171875,18116,11103,7013
20261007T093323649230Z_70e98689_s2,gnn_max,gnn_max / recipe 4aad7661ef / IDs32,liberties,4,2,19,0.5,3,1,80,0.555240166623659,0.5194076260070238,0.015625,24130,10347,13783
20261007T093323649230Z_70e98689_s2,gnn_max,gnn_max / recipe 4aad7661ef / IDs32,liberties,4,2,19,1.0,3,1,160,0.6240645850997162,0.5954144241170154,0.0546875,20396,10610,9786
20261007T093323649230Z_70e98689_s2,gnn_max,gnn_max / recipe 4aad7661ef / IDs32,liberties,4,2,19,2.0,3,2,320,0.6567626350130866,0.6265007394954444,0.23828125,18622,11023,7599
20261007T093323649230Z_70e98689_s2,gnn_max,gnn_max / recipe 4aad7661ef / IDs32,liberties,4,2,19,4.0,3,4,640,0.660135658200317,0.6282518308008893,0.51171875,18439,11125,7314
20261007T093323649230Z_70e98689_s2,gnn_max,gnn_max / recipe 4aad7661ef / IDs32,liberties,4,2,19,0.5,4,1,80,0.5557009621410403,0.5203686438569679,0.015625,24105,10272,13833
20261007T093323649230Z_70e98689_s2,gnn_max,gnn_max / recipe 4aad7661ef / IDs32,liberties,4,2,19,1.0,4,1,160,0.620120175470933,0.5916080732200654,0.05078125,20610,10706,9904
20261007T093323649230Z_70e98689_s2,gnn_max,gnn_max / recipe 4aad7661ef / IDs32,liberties,4,2,19,2.0,4,2,320,0.6653702952777676,0.6350544914954708,0.2890625,18155,10772,7383
20261007T093323649230Z_70e98689_s2,gnn_max,gnn_max / recipe 4aad7661ef / IDs32,liberties,4,2,19,4.0,4,4,640,0.6720979098315332,0.6418042633088498,0.5078125,17790,10469,7321
20261007T093323649230Z_70e98689_s2,gnn_max,gnn_max / recipe 4aad7661ef / IDs32,liberties,4,2,19,0.5,5,1,80,0.5575257123898699,0.5221664118269597,0.015625,24006,10217,13789
20261007T093323649230Z_70e98689_s2,gnn_max,gnn_max / recipe 4aad7661ef / IDs32,liberties,4,2,19,1.0,5,1,160,0.6183875843255797,0.5900829263682275,0.046875,20704,10831,9873
20261007T093323649230Z_70e98689_s2,gnn_max,gnn_max / recipe 4aad7661ef / IDs32,liberties,4,2,19,2.0,5,2,320,0.6672134773472924,0.6371294520181904,0.265625,18055,10975,7080
20261007T093323649230Z_70e98689_s2,gnn_max,gnn_max / recipe 4aad7661ef / IDs32,liberties,4,2,19,4.0,5,4,640,0.6680429092785786,0.6364092048897869,0.51171875,18010,10998,7012
20261007T093323649230Z_70e98689_s2,gnn_max,gnn_max / recipe 4aad7661ef / IDs32,liberties,4,2,19,0.5,6,1,80,0.5588896671213183,0.5244180286011442,0.015625,23932,10160,13772
20261007T093323649230Z_70e98689_s2,gnn_max,gnn_max / recipe 4aad7661ef / IDs32,liberties,4,2,19,1.0,6,1,160,0.6186456298153131,0.5890317903072804,0.046875,20690,10831,9859
20261007T093323649230Z_70e98689_s2,gnn_max,gnn_max / recipe 4aad7661ef / IDs32,liberties,4,2,19,2.0,6,2,320,0.6669185682161684,0.6349828534332064,0.25390625,18071,11044,7027
20261007T093323649230Z_70e98689_s2,gnn_max,gnn_max / recipe 4aad7661ef / IDs32,liberties,4,2,19,4.0,6,4,640,0.6667526818299112,0.6339324263058128,0.5,18080,11124,6956
20261007T093323649230Z_70e98689_s2,gnn_max,gnn_max / recipe 4aad7661ef / IDs32,liberties,4,2,19,0.5,7,1,80,0.5604379400597191,0.5250762100146169,0.015625,23848,10047,13801
20261007T093323649230Z_70e98689_s2,gnn_max,gnn_max / recipe 4aad7661ef / IDs32,liberties,4,2,19,1.0,7,1,160,0.6263685626866222,0.5971979342298988,0.05078125,20271,10354,9917
20261007T093323649230Z_70e98689_s2,gnn_max,gnn_max / recipe 4aad7661ef / IDs32,liberties,4,2,19,2.0,7,2,320,0.673572455487153,0.6429314422309538,0.296875,17710,10356,7354
20261007T093323649230Z_70e98689_s2,gnn_max,gnn_max / recipe 4aad7661ef / IDs32,liberties,4,2,19,4.0,7,4,640,0.673793637335496,0.6411958789740877,0.53125,17698,10644,7054
20261007T093323649230Z_70e98689_s2,gnn_max,gnn_max / recipe 4aad7661ef / IDs32,liberties,4,2,25,0.5,0,1,143,0.5257371947038033,0.4856330785258555,0.02734375,44953,23584,21369
20261007T093323649230Z_70e98689_s2,gnn_max,gnn_max / recipe 4aad7661ef / IDs32,liberties,4,2,25,1.0,0,1,286,0.5917814000105502,0.5695956343388117,0.03125,38693,24867,13826
20261007T093323649230Z_70e98689_s2,gnn_max,gnn_max / recipe 4aad7661ef / IDs32,liberties,4,2,25,2.0,0,2,572,0.6150551247560267,0.5900976560100079,0.2578125,36487,26452,10035
20261007T093323649230Z_70e98689_s2,gnn_max,gnn_max / recipe 4aad7661ef / IDs32,liberties,4,2,25,4.0,0,4,1144,0.6178825763570185,0.5944414043249064,0.453125,36219,26400,9819
20261007T093323649230Z_70e98689_s2,gnn_max,gnn_max / recipe 4aad7661ef / IDs32,liberties,4,2,25,0.5,1,1,143,0.527752281479137,0.48665439135791133,0.02734375,44762,23345,21417
20261007T093323649230Z_70e98689_s2,gnn_max,gnn_max / recipe 4aad7661ef / IDs32,liberties,4,2,25,1.0,1,1,286,0.5988711293981115,0.5758601537506176,0.03515625,38021,24280,13741
20261007T093323649230Z_70e98689_s2,gnn_max,gnn_max / recipe 4aad7661ef / IDs32,liberties,4,2,25,2.0,1,2,572,0.6257319196075328,0.6019813965575734,0.26953125,35475,25608,9867
20261007T093323649230Z_70e98689_s2,gnn_max,gnn_max / recipe 4aad7661ef / IDs32,liberties,4,2,25,4.0,1,4,1144,0.6284327688980323,0.6053197585448313,0.46484375,35219,25860,9359
20261007T093323649230Z_70e98689_s2,gnn_max,gnn_max / recipe 4aad7661ef / IDs32,liberties,4,2,25,0.5,2,1,143,0.5259376483620826,0.48543967048610454,0.02734375,44934,23236,21698
20261007T093323649230Z_70e98689_s2,gnn_max,gnn_max / recipe 4aad7661ef / IDs32,liberties,4,2,25,1.0,2,1,286,0.5959487260642506,0.5729677515435041,0.046875,38298,24268,14030
20261007T093323649230Z_70e98689_s2,gnn_max,gnn_max / recipe 4aad7661ef / IDs32,liberties,4,2,25,2.0,2,2,572,0.616764255947671,0.5925726373257623,0.265625,36325,25716,10609
20261007T093323649230Z_70e98689_s2,gnn_max,gnn_max / recipe 4aad7661ef / IDs32,liberties,4,2,25,4.0,2,4,1144,0.6145487155140581,0.5886545106739702,0.46484375,36535,26135,10400
20261007T093323649230Z_70e98689_s2,gnn_max,gnn_max / recipe 4aad7661ef / IDs32,liberties,4,2,25,0.5,3,1,143,0.5312654955952946,0.4916300070424245,0.02734375,44429,23330,21099
20261007T093323649230Z_70e98689_s2,gnn_max,gnn_max / recipe 4aad7661ef / IDs32,liberties,4,2,25,1.0,3,1,286,0.6005802605897558,0.5787745070421378,0.046875,37859,24359,13500
20261007T093323649230Z_70e98689_s2,gnn_max,gnn_max / recipe 4aad7661ef / IDs32,liberties,4,2,25,2.0,3,2,572,0.6193596033127604,0.5952177404040715,0.265625,36079,26081,9998
20261007T093323649230Z_70e98689_s2,gnn_max,gnn_max / recipe 4aad7661ef / IDs32,liberties,4,2,25,4.0,3,4,1144,0.6224719101123596,0.599823536453768,0.47265625,35784,26233,9551
20261007T093323649230Z_70e98689_s2,gnn_max,gnn_max / recipe 4aad7661ef / IDs32,liberties,4,2,25,0.5,4,1,143,0.5296302157514374,0.48958054914612925,0.02734375,44584,23216,21368
20261007T093323649230Z_70e98689_s2,gnn_max,gnn_max / recipe 4aad7661ef / IDs32,liberties,4,2,25,1.0,4,1,286,0.5933533786991613,0.569562036516409,0.046875,38544,24340,14204
20261007T093323649230Z_70e98689_s2,gnn_max,gnn_max / recipe 4aad7661ef / IDs32,liberties,4,2,25,2.0,4,2,572,0.617523869810624,0.5925057403655296,0.24609375,36253,25696,10557
20261007T093323649230Z_70e98689_s2,gnn_max,gnn_max / recipe 4aad7661ef / IDs32,liberties,4,2,25,4.0,4,4,1144,0.6199398639025162,0.5942221184482397,0.46875,36024,25877,10147
20261007T093323649230Z_70e98689_s2,gnn_max,gnn_max / recipe 4aad7661ef / IDs32,liberties,4,2,25,0.5,5,1,143,0.5321939125389038,0.49221651202668504,0.0234375,44341,23084,21257
20261007T093323649230Z_70e98689_s2,gnn_max,gnn_max / recipe 4aad7661ef / IDs32,liberties,4,2,25,1.0,5,1,286,0.6016669304214802,0.5812800657745937,0.03515625,37756,24093,13663
20261007T093323649230Z_70e98689_s2,gnn_max,gnn_max / recipe 4aad7661ef / IDs32,liberties,4,2,25,2.0,5,2,572,0.6231682228200665,0.5980196293938839,0.26953125,35718,25867,9851
20261007T093323649230Z_70e98689_s2,gnn_max,gnn_max / recipe 4aad7661ef / IDs32,liberties,4,2,25,4.0,5,4,1144,0.6286648731339347,0.6051240653703515,0.48046875,35197,25729,9468
20261007T093323649230Z_70e98689_s2,gnn_max,gnn_max / recipe 4aad7661ef / IDs32,liberties,4,2,25,0.5,6,1,143,0.5275729282059397,0.4866375433636133,0.0234375,44779,23337,21442
20261007T093323649230Z_70e98689_s2,gnn_max,gnn_max / recipe 4aad7661ef / IDs32,liberties,4,2,25,1.0,6,1,286,0.596212480877776,0.5731648636190021,0.0390625,38273,24295,13978
20261007T093323649230Z_70e98689_s2,gnn_max,gnn_max / recipe 4aad7661ef / IDs32,liberties,4,2,25,2.0,6,2,572,0.6210792846969457,0.5977985534193486,0.265625,35916,25803,10113
20261007T093323649230Z_70e98689_s2,gnn_max,gnn_max / recipe 4aad7661ef / IDs32,liberties,4,2,25,4.0,6,4,1144,0.6252149601730231,0.6027293904489699,0.48046875,35524,25905,9619
20261007T093323649230Z_70e98689_s2,gnn_max,gnn_max / recipe 4aad7661ef / IDs32,liberties,4,2,25,0.5,7,1,143,0.5257055441261803,0.4853797910443128,0.0234375,44956,23502,21454
20261007T093323649230Z_70e98689_s2,gnn_max,gnn_max / recipe 4aad7661ef / IDs32,liberties,4,2,25,1.0,7,1,286,0.6034710133459935,0.5833125143495305,0.03125,37585,24181,13404
20261007T093323649230Z_70e98689_s2,gnn_max,gnn_max / recipe 4aad7661ef / IDs32,liberties,4,2,25,2.0,7,2,572,0.6253626628685973,0.6030261178298499,0.2890625,35510,25774,9736
20261007T093323649230Z_70e98689_s2,gnn_max,gnn_max / recipe 4aad7661ef / IDs32,liberties,4,2,25,4.0,7,4,1144,0.6257319196075328,0.6036375176539274,0.46484375,35475,25921,9554
20261007T093323649230Z_70e98689_s2,gnn_max,gnn_max / recipe 4aad7661ef / IDs32,liberties,4,2,37,0.5,0,2,323,0.5525897460023473,0.4994974602037524,0.0078125,90346,59337,31009
20261007T093323649230Z_70e98689_s2,gnn_max,gnn_max / recipe 4aad7661ef / IDs32,liberties,4,2,37,1.0,0,3,646,0.6078809098157292,0.5610806993122526,0.02734375,79181,63339,15842
20261007T093323649230Z_70e98689_s2,gnn_max,gnn_max / recipe 4aad7661ef / IDs32,liberties,4,2,37,2.0,0,6,1292,0.6153834725723143,0.5641764519352634,0.3046875,77666,66092,11574
20261007T093323649230Z_70e98689_s2,gnn_max,gnn_max / recipe 4aad7661ef / IDs32,liberties,4,2,37,4.0,0,12,2584,0.6139374340740154,0.5612309217880002,0.4375,77958,66780,11178
20261007T093323649230Z_70e98689_s2,gnn_max,gnn_max / recipe 4aad7661ef / IDs32,liberties,4,2,37,0.5,1,2,323,0.5501582223630844,0.4963932224042472,0.0078125,90837,59400,31437
20261007T093323649230Z_70e98689_s2,gnn_max,gnn_max / recipe 4aad7661ef / IDs32,liberties,4,2,37,1.0,1,3,646,0.602408743580728,0.5544555457705832,0.01953125,80286,64411,15875
20261007T093323649230Z_70e98689_s2,gnn_max,gnn_max / recipe 4aad7661ef / IDs32,liberties,4,2,37,2.0,1,6,1292,0.6131203232787438,0.5603827809326235,0.30078125,78123,65997,12126
20261007T093323649230Z_70e98689_s2,gnn_max,gnn_max / recipe 4aad7661ef / IDs32,liberties,4,2,37,4.0,1,12,2584,0.6135610678895266,0.5606912598726026,0.43359375,78034,66204,11830
20261007T093323649230Z_70e98689_s2,gnn_max,gnn_max / recipe 4aad7661ef / IDs32,liberties,4,2,37,0.5,2,2,323,0.5522827104307907,0.49878510013050475,0.0078125,90408,59657,30751
20261007T093323649230Z_70e98689_s2,gnn_max,gnn_max / recipe 4aad7661ef / IDs32,liberties,4,2,37,1.0,2,3,646,0.6042113395169637,0.5566444726325575,0.0234375,79922,64107,15815
20261007T093323649230Z_70e98689_s2,gnn_max,gnn_max / recipe 4aad7661ef / IDs32,liberties,4,2,37,2.0,2,6,1292,0.6132787932511601,0.5604178483083415,0.3046875,78091,65998,12093
20261007T093323649230Z_70e98689_s2,gnn_max,gnn_max / recipe 4aad7661ef / IDs32,liberties,4,2,37,4.0,2,12,2584,0.6141751390326399,0.561365119214873,0.40625,77910,66335,11575
20261007T093323649230Z_70e98689_s2,gnn_max,gnn_max / recipe 4aad7661ef / IDs32,liberties,4,2,37,0.5,3,2,323,0.5562345553679227,0.5022888649425628,0.0078125,89610,58715,30895
20261007T093323649230Z_70e98689_s2,gnn_max,gnn_max / recipe 4aad7661ef / IDs32,liberties,4,2,37,1.0,3,3,646,0.611743615393377,0.5640117113446926,0.03125,78401,62848,15553
20261007T093323649230Z_70e98689_s2,gnn_max,gnn_max / recipe 4aad7661ef / IDs32,liberties,4,2,37,2.0,3,6,1292,0.6179388008775275,0.5649395593561868,0.29296875,77150,66043,11107
20261007T093323649230Z_70e98689_s2,gnn_max,gnn_max / recipe 4aad7661ef / IDs32,liberties,4,2,37,4.0,3,12,2584,0.6178496615180433,0.5642699973018995,0.40234375,77168,66352,10816
20261007T093323649230Z_70e98689_s2,gnn_max,gnn_max / recipe 4aad7661ef / IDs32,liberties,4,2,37,0.5,4,2,323,0.5544369116183251,0.5013748230746613,0.0078125,89973,59417,30556
20261007T093323649230Z_70e98689_s2,gnn_max,gnn_max / recipe 4aad7661ef / IDs32,liberties,4,2,37,1.0,4,3,646,0.6056375692687106,0.5574623223666653,0.03515625,79634,64353,15281
20261007T093323649230Z_70e98689_s2,gnn_max,gnn_max / recipe 4aad7661ef / IDs32,liberties,4,2,37,2.0,4,6,1292,0.6098469279110191,0.5571823655529087,0.3125,78784,66855,11929
20261007T093323649230Z_70e98689_s2,gnn_max,gnn_max / recipe 4aad7661ef / IDs32,liberties,4,2,37,4.0,4,12,2584,0.6088614427700552,0.5560881583741137,0.44140625,78983,67290,11693
20261007T093323649230Z_70e98689_s2,gnn_max,gnn_max / recipe 4aad7661ef / IDs32,liberties,4,2,37,0.5,5,2,323,0.5523966107234649,0.4987815598612336,0.0078125,90385,59349,31036
20261007T093323649230Z_70e98689_s2,gnn_max,gnn_max / recipe 4aad7661ef / IDs32,liberties,4,2,37,1.0,5,3,646,0.6042014351436877,0.5562141396891513,0.03125,79924,63751,16173
20261007T093323649230Z_70e98689_s2,gnn_max,gnn_max / recipe 4aad7661ef / IDs32,liberties,4,2,37,2.0,5,6,1292,0.6151160544938618,0.5627304880123132,0.30078125,77720,65834,11886
20261007T093323649230Z_70e98689_s2,gnn_max,gnn_max / recipe 4aad7661ef / IDs32,liberties,4,2,37,4.0,5,12,2584,0.6156558428374048,0.5620500044726789,0.42578125,77611,66309,11302
20261007T093323649230Z_70e98689_s2,gnn_max,gnn_max / recipe 4aad7661ef / IDs32,liberties,4,2,37,0.5,6,2,323,0.5585769396477015,0.5049186764990483,0.0078125,89137,57551,31586
20261007T093323649230Z_70e98689_s2,gnn_max,gnn_max / recipe 4aad7661ef / IDs32,liberties,4,2,37,1.0,6,3,646,0.6165373320589707,0.569516837040912,0.03515625,77433,61108,16325
20261007T093323649230Z_70e98689_s2,gnn_max,gnn_max / recipe 4aad7661ef / IDs32,liberties,4,2,37,2.0,6,6,1292,0.6241983647879721,0.5715610291604895,0.26171875,75886,63282,12604
20261007T093323649230Z_70e98689_s2,gnn_max,gnn_max / recipe 4aad7661ef / IDs32,liberties,4,2,37,4.0,6,12,2584,0.6248074837444474,0.5714501038286516,0.41796875,75763,63452,12311
20261007T093323649230Z_70e98689_s2,gnn_max,gnn_max / recipe 4aad7661ef / IDs32,liberties,4,2,37,0.5,7,2,323,0.553936740767886,0.5007722994058019,0.01171875,90074,59079,30995
20261007T093323649230Z_70e98689_s2,gnn_max,gnn_max / recipe 4aad7661ef / IDs32,liberties,4,2,37,1.0,7,3,646,0.606306114464842,0.5585063114806124,0.0234375,79499,63066,16433
20261007T093323649230Z_70e98689_s2,gnn_max,gnn_max / recipe 4aad7661ef / IDs32,liberties,4,2,37,2.0,7,6,1292,0.6201227151848899,0.5672949443327406,0.3046875,76709,64196,12513
20261007T093323649230Z_70e98689_s2,gnn_max,gnn_max / recipe 4aad7661ef / IDs32,liberties,4,2,37,4.0,7,12,2584,0.6174039647206224,0.5642110780775486,0.42578125,77258,65071,12187
20261007T093432928122Z_bbfe3a85_s1,nca,nca / recipe 4aad7661ef / IDs0,liberties,4,1,9,0.5,0,1,15,0.6437391383883655,0.6088008743706128,0.0,3895,2749,1146
20261007T093432928122Z_bbfe3a85_s1,nca,nca / recipe 4aad7661ef / IDs0,liberties,4,1,9,1.0,0,1,30,0.8059087167291685,0.7825443651501882,0.125,2122,1741,381
20261007T093432928122Z_bbfe3a85_s1,nca,nca / recipe 4aad7661ef / IDs0,liberties,4,1,9,2.0,0,2,60,0.9196926735571207,0.9067509074476641,0.33984375,878,800,78
20261007T093432928122Z_bbfe3a85_s1,nca,nca / recipe 4aad7661ef / IDs0,liberties,4,1,9,4.0,0,4,120,0.9784139760358548,0.9737728057886401,0.6953125,236,222,14
20261007T093432928122Z_bbfe3a85_s1,nca,nca / recipe 4aad7661ef / IDs0,liberties,4,1,9,0.5,1,1,15,0.651879630476539,0.6157584256004738,0.00390625,3806,2737,1069
20261007T093432928122Z_bbfe3a85_s1,nca,nca / recipe 4aad7661ef / IDs0,liberties,4,1,9,1.0,1,1,30,0.8048111222903137,0.7809770548916782,0.1328125,2134,1765,369
20261007T093432928122Z_bbfe3a85_s1,nca,nca / recipe 4aad7661ef / IDs0,liberties,4,1,9,2.0,1,2,60,0.9210646666056892,0.908578515904559,0.38671875,863,796,67
20261007T093432928122Z_bbfe3a85_s1,nca,nca / recipe 4aad7661ef / IDs0,liberties,4,1,9,4.0,1,4,120,0.9765846519710967,0.9712721949718438,0.6875,256,240,16
20261007T093432928122Z_bbfe3a85_s1,nca,nca / recipe 4aad7661ef / IDs0,liberties,4,1,9,0.5,2,1,15,0.6448367328272203,0.610163919110812,0.0,3883,2775,1108
20261007T093432928122Z_bbfe3a85_s1,nca,nca / recipe 4aad7661ef / IDs0,liberties,4,1,9,1.0,2,1,30,0.8076465745906888,0.7852221182123283,0.1328125,2103,1734,369
20261007T093432928122Z_bbfe3a85_s1,nca,nca / recipe 4aad7661ef / IDs0,liberties,4,1,9,2.0,2,2,60,0.9186865453215037,0.9053223313743534,0.34765625,889,807,82
20261007T093432928122Z_bbfe3a85_s1,nca,nca / recipe 4aad7661ef / IDs0,liberties,4,1,9,4.0,2,4,120,0.9768590505808104,0.9714317085227049,0.69140625,253,242,11
20261007T093432928122Z_bbfe3a85_s1,nca,nca / recipe 4aad7661ef / IDs0,liberties,4,1,13,0.5,0,1,35,0.6926617019496276,0.6543376535909903,0.01953125,7346,5076,2270
20261007T093432928122Z_bbfe3a85_s1,nca,nca / recipe 4aad7661ef / IDs0,liberties,4,1,13,1.0,0,1,70,0.7684294201322065,0.7265660169104786,0.07421875,5535,4416,1119
20261007T093432928122Z_bbfe3a85_s1,nca,nca / recipe 4aad7661ef / IDs0,liberties,4,1,13,2.0,0,2,140,0.8330683624801272,0.8015936615083408,0.25390625,3990,3271,719
20261007T093432928122Z_bbfe3a85_s1,nca,nca / recipe 4aad7661ef / IDs0,liberties,4,1,13,4.0,0,4,280,0.8590912894318468,0.8377792222848202,0.578125,3368,2666,702
20261007T093432928122Z_bbfe3a85_s1,nca,nca / recipe 4aad7661ef / IDs0,liberties,4,1,13,0.5,1,1,35,0.6897749142331185,0.6445408518039721,0.015625,7415,5311,2104
20261007T093432928122Z_bbfe3a85_s1,nca,nca / recipe 4aad7661ef / IDs0,liberties,4,1,13,1.0,1,1,70,0.7709815078236131,0.7281952849560204,0.0859375,5474,4395,1079
20261007T093432928122Z_bbfe3a85_s1,nca,nca / recipe 4aad7661ef / IDs0,liberties,4,1,13,2.0,1,2,140,0.835787800184085,0.803661859689951,0.23828125,3925,3218,707
20261007T093432928122Z_bbfe3a85_s1,nca,nca / recipe 4aad7661ef / IDs0,liberties,4,1,13,4.0,1,4,280,0.8646556773491758,0.8416331229727844,0.62109375,3235,2564,671
20261007T093432928122Z_bbfe3a85_s1,nca,nca / recipe 4aad7661ef / IDs0,liberties,4,1,13,0.5,2,1,35,0.6911555518366664,0.650266196003772,0.0234375,7382,5184,2198
20261007T093432928122Z_bbfe3a85_s1,nca,nca / recipe 4aad7661ef / IDs0,liberties,4,1,13,1.0,2,1,70,0.7643293448247008,0.7206989561235287,0.078125,5633,4485,1148
20261007T093432928122Z_bbfe3a85_s1,nca,nca / recipe 4aad7661ef / IDs0,liberties,4,1,13,2.0,2,2,140,0.8347837001087776,0.802963503064612,0.2421875,3949,3202,747
20261007T093432928122Z_bbfe3a85_s1,nca,nca / recipe 4aad7661ef / IDs0,liberties,4,1,13,4.0,2,4,280,0.8605556020416701,0.8371435842417883,0.6015625,3333,2632,701
20261007T093432928122Z_bbfe3a85_s1,nca,nca / recipe 4aad7661ef / IDs0,liberties,4,1,19,0.5,0,1,80,0.6577763851513252,0.5955648288415165,0.01171875,18567,13508,5059
20261007T093432928122Z_bbfe3a85_s1,nca,nca / recipe 4aad7661ef / IDs0,liberties,4,1,19,1.0,0,1,160,0.7146201201754709,0.6606842924487215,0.046875,15483,11748,3735
20261007T093432928122Z_bbfe3a85_s1,nca,nca / recipe 4aad7661ef / IDs0,liberties,4,1,19,2.0,0,2,320,0.7598149445202197,0.7217554280756932,0.234375,13031,9742,3289
20261007T093432928122Z_bbfe3a85_s1,nca,nca / recipe 4aad7661ef / IDs0,liberties,4,1,19,4.0,0,4,640,0.7694547867438346,0.73720426348026,0.49609375,12508,9164,3344
20261007T093432928122Z_bbfe3a85_s1,nca,nca / recipe 4aad7661ef / IDs0,liberties,4,1,19,0.5,1,1,80,0.6609835219522985,0.5979010611641958,0.00390625,18393,13475,4918
20261007T093432928122Z_bbfe3a85_s1,nca,nca / recipe 4aad7661ef / IDs0,liberties,4,1,19,1.0,1,1,160,0.7147307110996424,0.6608420472084473,0.046875,15477,11769,3708
20261007T093432928122Z_bbfe3a85_s1,nca,nca / recipe 4aad7661ef / IDs0,liberties,4,1,19,2.0,1,2,320,0.7601282854720389,0.7221012905969542,0.2265625,13014,9680,3334
20261007T093432928122Z_bbfe3a85_s1,nca,nca / recipe 4aad7661ef / IDs0,liberties,4,1,19,4.0,1,4,640,0.7684041729642054,0.736179178975342,0.50390625,12565,9161,3404
20261007T093432928122Z_bbfe3a85_s1,nca,nca / recipe 4aad7661ef / IDs0,liberties,4,1,19,0.5,2,1,80,0.6648542042983006,0.6012649854890967,0.0078125,18183,13249,4934
20261007T093432928122Z_bbfe3a85_s1,nca,nca / recipe 4aad7661ef / IDs0,liberties,4,1,19,1.0,2,1,160,0.7164264386036052,0.6622113286889694,0.0390625,15385,11741,3644
20261007T093432928122Z_bbfe3a85_s1,nca,nca / recipe 4aad7661ef / IDs0,liberties,4,1,19,2.0,2,2,320,0.7595568990304862,0.7216601473762378,0.234375,13045,9756,3289
20261007T093432928122Z_bbfe3a85_s1,nca,nca / recipe 4aad7661ef / IDs0,liberties,4,1,19,4.0,2,4,640,0.7715375824823976,0.7397760125911688,0.51171875,12395,9070,3325
20261007T093432928122Z_bbfe3a85_s1,nca,nca / recipe 4aad7661ef / IDs0,liberties,4,1,25,0.5,0,1,143,0.6179458775122646,0.5554128539001119,0.00390625,36213,26960,9253
20261007T093432928122Z_bbfe3a85_s1,nca,nca / recipe 4aad7661ef / IDs0,liberties,4,1,25,1.0,0,1,286,0.6681225932373266,0.6190794050120457,0.0234375,31457,22852,8605
20261007T093432928122Z_bbfe3a85_s1,nca,nca / recipe 4aad7661ef / IDs0,liberties,4,1,25,2.0,0,2,572,0.7059450334968613,0.6661855662628735,0.1796875,27872,20250,7622
20261007T093432928122Z_bbfe3a85_s1,nca,nca / recipe 4aad7661ef / IDs0,liberties,4,1,25,4.0,0,4,1144,0.7178140001055019,0.6806155839783072,0.41796875,26747,19442,7305
20261007T093432928122Z_bbfe3a85_s1,nca,nca / recipe 4aad7661ef / IDs0,liberties,4,1,25,0.5,1,1,143,0.6213008387403071,0.5581094739056822,0.0078125,35895,26754,9141
20261007T093432928122Z_bbfe3a85_s1,nca,nca / recipe 4aad7661ef / IDs0,liberties,4,1,25,1.0,1,1,286,0.6709816954159413,0.6219110672801795,0.02734375,31186,22626,8560
20261007T093432928122Z_bbfe3a85_s1,nca,nca / recipe 4aad7661ef / IDs0,liberties,4,1,25,2.0,1,2,572,0.7085192804768687,0.6690142500368361,0.20703125,27628,20125,7503
20261007T093432928122Z_bbfe3a85_s1,nca,nca / recipe 4aad7661ef / IDs0,liberties,4,1,25,4.0,1,4,1144,0.7150709500448383,0.6782919799658966,0.421875,27007,19337,7670
20261007T093432928122Z_bbfe3a85_s1,nca,nca / recipe 4aad7661ef / IDs0,liberties,4,1,25,0.5,2,1,143,0.6208788310386665,0.5571114668792365,0.00390625,35935,26894,9041
20261007T093432928122Z_bbfe3a85_s1,nca,nca / recipe 4aad7661ef / IDs0,liberties,4,1,25,1.0,2,1,286,0.6733765891227514,0.6240135942789719,0.015625,30959,22452,8507
20261007T093432928122Z_bbfe3a85_s1,nca,nca / recipe 4aad7661ef / IDs0,liberties,4,1,25,2.0,2,2,572,0.7105765680223665,0.6713695344431159,0.16796875,27433,19941,7492
20261007T093432928122Z_bbfe3a85_s1,nca,nca / recipe 4aad7661ef / IDs0,liberties,4,1,25,4.0,2,4,1144,0.7167695310439416,0.6800426373940783,0.4296875,26846,19417,7429
20261007T093432928122Z_bbfe3a85_s1,nca,nca / recipe 4aad7661ef / IDs0,liberties,4,1,37,0.5,0,2,323,0.6304430721385027,0.5548879120666269,0.015625,74625,52333,22292
20261007T093432928122Z_bbfe3a85_s1,nca,nca / recipe 4aad7661ef / IDs0,liberties,4,1,37,1.0,0,3,646,0.6747255250555882,0.6185489155359994,0.03515625,65683,44869,20814
20261007T093432928122Z_bbfe3a85_s1,nca,nca / recipe 4aad7661ef / IDs0,liberties,4,1,37,2.0,0,6,1292,0.6977730016688869,0.6535242707711162,0.21484375,61029,40827,20202
20261007T093432928122Z_bbfe3a85_s1,nca,nca / recipe 4aad7661ef / IDs0,liberties,4,1,37,4.0,0,12,2584,0.6989714308352853,0.6555497750523276,0.41796875,60787,40277,20510
20261007T093432928122Z_bbfe3a85_s1,nca,nca / recipe 4aad7661ef / IDs0,liberties,4,1,37,0.5,1,2,323,0.6270656808513799,0.551834706027271,0.015625,75307,52525,22782
20261007T093432928122Z_bbfe3a85_s1,nca,nca / recipe 4aad7661ef / IDs0,liberties,4,1,37,1.0,1,3,646,0.6729278813059907,0.6171377536800318,0.03515625,66046,44903,21143
20261007T093432928122Z_bbfe3a85_s1,nca,nca / recipe 4aad7661ef / IDs0,liberties,4,1,37,2.0,1,6,1292,0.6956088961080765,0.6510009218342164,0.1875,61466,41117,20349
20261007T093432928122Z_bbfe3a85_s1,nca,nca / recipe 4aad7661ef / IDs0,liberties,4,1,37,4.0,1,12,2584,0.7011503929560097,0.6575926653967996,0.41796875,60347,40406,19941
20261007T093432928122Z_bbfe3a85_s1,nca,nca / recipe 4aad7661ef / IDs0,liberties,4,1,37,0.5,2,2,323,0.62808583129881,0.5525307513417351,0.01171875,75101,52093,23008
20261007T093432928122Z_bbfe3a85_s1,nca,nca / recipe 4aad7661ef / IDs0,liberties,4,1,37,1.0,2,3,646,0.677038196215539,0.6206843585986903,0.03515625,65216,44861,20355
20261007T093432928122Z_bbfe3a85_s1,nca,nca / recipe 4aad7661ef / IDs0,liberties,4,1,37,2.0,2,6,1292,0.6989862873951993,0.6549228342795812,0.18359375,60784,40471,20313
20261007T093432928122Z_bbfe3a85_s1,nca,nca / recipe 4aad7661ef / IDs0,liberties,4,1,37,4.0,2,12,2584,0.6947373112597868,0.6524948312762471,0.4140625,61642,40875,20767
20261007T093507927137Z_5c7db797_s2,nca,nca / recipe 4aad7661ef / IDs0,liberties,4,2,9,0.5,0,1,15,0.6420012805268454,0.6250790869128015,0.0,3914,2590,1324
20261007T093507927137Z_5c7db797_s2,nca,nca / recipe 4aad7661ef / IDs0,liberties,4,2,9,1.0,0,1,30,0.8045367236806,0.7940140104600483,0.15625,2137,1697,440
20261007T093507927137Z_5c7db797_s2,nca,nca / recipe 4aad7661ef / IDs0,liberties,4,2,9,2.0,0,2,60,0.9213390652154029,0.9174470205016163,0.3828125,860,701,159
20261007T093507927137Z_5c7db797_s2,nca,nca / recipe 4aad7661ef / IDs0,liberties,4,2,9,4.0,0,4,120,0.9834446172139395,0.9815195904126695,0.734375,181,161,20
20261007T093507927137Z_5c7db797_s2,nca,nca / recipe 4aad7661ef / IDs0,liberties,4,2,9,0.5,1,1,15,0.6409036860879905,0.6252197293488764,0.00390625,3926,2595,1331
20261007T093507927137Z_5c7db797_s2,nca,nca / recipe 4aad7661ef / IDs0,liberties,4,2,9,1.0,1,1,30,0.8045367236806,0.7926844600733471,0.140625,2137,1712,425
20261007T093507927137Z_5c7db797_s2,nca,nca / recipe 4aad7661ef / IDs0,liberties,4,2,9,2.0,1,2,60,0.9226195920607335,0.9164498154650853,0.38671875,846,717,129
20261007T093507927137Z_5c7db797_s2,nca,nca / recipe 4aad7661ef / IDs0,liberties,4,2,9,4.0,1,4,120,0.982895819994512,0.9813572560914239,0.7265625,187,166,21
20261007T093507927137Z_5c7db797_s2,nca,nca / recipe 4aad7661ef / IDs0,liberties,4,2,9,0.5,2,1,15,0.6379767675843776,0.6241391270801613,0.0,3958,2647,1311
20261007T093507927137Z_5c7db797_s2,nca,nca / recipe 4aad7661ef / IDs0,liberties,4,2,9,1.0,2,1,30,0.8051769871032654,0.7946609402806901,0.1328125,2130,1678,452
20261007T093507927137Z_5c7db797_s2,nca,nca / recipe 4aad7661ef / IDs0,liberties,4,2,9,2.0,2,2,60,0.920241470776548,0.9146496466831876,0.3828125,872,721,151
20261007T093507927137Z_5c7db797_s2,nca,nca / recipe 4aad7661ef / IDs0,liberties,4,2,9,4.0,2,4,120,0.9817067593524192,0.9811840459393132,0.73828125,200,166,34
20261007T093507927137Z_5c7db797_s2,nca,nca / recipe 4aad7661ef / IDs0,liberties,4,2,13,0.5,0,1,35,0.7177223663291775,0.6879987512101333,0.015625,6747,4405,2342
20261007T093507927137Z_5c7db797_s2,nca,nca / recipe 4aad7661ef / IDs0,liberties,4,2,13,1.0,0,1,70,0.8059994979499624,0.770220841524115,0.10546875,4637,3583,1054
20261007T093507927137Z_5c7db797_s2,nca,nca / recipe 4aad7661ef / IDs0,liberties,4,2,13,2.0,0,2,140,0.8721445904108442,0.8410871257178312,0.3359375,3056,2493,563
20261007T093507927137Z_5c7db797_s2,nca,nca / recipe 4aad7661ef / IDs0,liberties,4,2,13,4.0,0,4,280,0.8855744289180821,0.8576148570114536,0.65234375,2735,2207,528
20261007T093507927137Z_5c7db797_s2,nca,nca / recipe 4aad7661ef / IDs0,liberties,4,2,13,0.5,1,1,35,0.7200234290017572,0.6874509007780194,0.0234375,6692,4476,2216
20261007T093507927137Z_5c7db797_s2,nca,nca / recipe 4aad7661ef / IDs0,liberties,4,2,13,1.0,1,1,70,0.8068780855158564,0.7699933117435839,0.125,4616,3525,1091
20261007T093507927137Z_5c7db797_s2,nca,nca / recipe 4aad7661ef / IDs0,liberties,4,2,13,2.0,1,2,140,0.8676679775750983,0.8375427287808797,0.31640625,3163,2510,653
20261007T093507927137Z_5c7db797_s2,nca,nca / recipe 4aad7661ef / IDs0,liberties,4,2,13,4.0,1,4,280,0.887624466571835,0.861166018391702,0.68359375,2686,2119,567
20261007T093507927137Z_5c7db797_s2,nca,nca / recipe 4aad7661ef / IDs0,liberties,4,2,13,0.5,2,1,35,0.7124926784369509,0.6832149816120543,0.01953125,6872,4516,2356
20261007T093507927137Z_5c7db797_s2,nca,nca / recipe 4aad7661ef / IDs0,liberties,4,2,13,1.0,2,1,70,0.7967534097565058,0.7623912847727665,0.1171875,4858,3745,1113
20261007T093507927137Z_5c7db797_s2,nca,nca / recipe 4aad7661ef / IDs0,liberties,4,2,13,2.0,2,2,140,0.8664965274872396,0.8369485967769023,0.3046875,3191,2586,605
20261007T093507927137Z_5c7db797_s2,nca,nca / recipe 4aad7661ef / IDs0,liberties,4,2,13,4.0,2,4,280,0.8831896912392269,0.8571543960723229,0.69921875,2792,2253,539
20261007T093507927137Z_5c7db797_s2,nca,nca / recipe 4aad7661ef / IDs0,liberties,4,2,19,0.5,0,1,80,0.6677111365060641,0.6170070945038031,0.00390625,18028,12997,5031
20261007T093507927137Z_5c7db797_s2,nca,nca / recipe 4aad7661ef / IDs0,liberties,4,2,19,1.0,0,1,160,0.7328491908430714,0.6889898845884461,0.0390625,14494,10540,3954
20261007T093507927137Z_5c7db797_s2,nca,nca / recipe 4aad7661ef / IDs0,liberties,4,2,19,2.0,0,2,320,0.7617318538725255,0.7275855996946367,0.25,12927,9470,3457
20261007T093507927137Z_5c7db797_s2,nca,nca / recipe 4aad7661ef / IDs0,liberties,4,2,19,4.0,0,4,640,0.772975264496627,0.7413678395281288,0.55078125,12317,9086,3231
20261007T093507927137Z_5c7db797_s2,nca,nca / recipe 4aad7661ef / IDs0,liberties,4,2,19,0.5,1,1,80,0.6637482950565857,0.6120030678564204,0.0,18243,13191,5052
20261007T093507927137Z_5c7db797_s2,nca,nca / recipe 4aad7661ef / IDs0,liberties,4,2,19,1.0,1,1,160,0.7350610093265013,0.691832159146419,0.03125,14374,10489,3885
20261007T093507927137Z_5c7db797_s2,nca,nca / recipe 4aad7661ef / IDs0,liberties,4,2,19,2.0,1,2,320,0.7582666715818188,0.7241565479910117,0.2578125,13115,9668,3447
20261007T093507927137Z_5c7db797_s2,nca,nca / recipe 4aad7661ef / IDs0,liberties,4,2,19,4.0,1,4,640,0.767187672798319,0.7355050760681,0.546875,12631,9303,3328
20261007T093507927137Z_5c7db797_s2,nca,nca / recipe 4aad7661ef / IDs0,liberties,4,2,19,0.5,2,1,80,0.6633612268219855,0.6105936513237818,0.00390625,18264,13189,5075
20261007T093507927137Z_5c7db797_s2,nca,nca / recipe 4aad7661ef / IDs0,liberties,4,2,19,1.0,2,1,160,0.7338998046227007,0.6900751747446021,0.0234375,14437,10552,3885
20261007T093507927137Z_5c7db797_s2,nca,nca / recipe 4aad7661ef / IDs0,liberties,4,2,19,2.0,2,2,320,0.7566078077192465,0.7217903102791932,0.25,13205,9749,3456
20261007T093507927137Z_5c7db797_s2,nca,nca / recipe 4aad7661ef / IDs0,liberties,4,2,19,4.0,2,4,640,0.7658237180668707,0.7332686129901136,0.53515625,12705,9374,3331
20261007T093507927137Z_5c7db797_s2,nca,nca / recipe 4aad7661ef / IDs0,liberties,4,2,25,0.5,0,1,143,0.5935538323574405,0.5401453771245783,0.00390625,38525,27857,10668
20261007T093507927137Z_5c7db797_s2,nca,nca / recipe 4aad7661ef / IDs0,liberties,4,2,25,1.0,0,1,286,0.6397109247243762,0.5974256268424751,0.015625,34150,24818,9332
20261007T093507927137Z_5c7db797_s2,nca,nca / recipe 4aad7661ef / IDs0,liberties,4,2,25,2.0,0,2,572,0.6689138576779026,0.6309241841451411,0.21875,31382,23297,8085
20261007T093507927137Z_5c7db797_s2,nca,nca / recipe 4aad7661ef / IDs0,liberties,4,2,25,4.0,0,4,1144,0.6856253626628686,0.6480915003748071,0.4453125,29798,22393,7405
20261007T093507927137Z_5c7db797_s2,nca,nca / recipe 4aad7661ef / IDs0,liberties,4,2,25,0.5,1,1,143,0.5963390831882682,0.5427688137669733,0.00390625,38261,27755,10506
20261007T093507927137Z_5c7db797_s2,nca,nca / recipe 4aad7661ef / IDs0,liberties,4,2,25,1.0,1,1,286,0.6437832990452076,0.601093141300551,0.01953125,33764,24780,8984
20261007T093507927137Z_5c7db797_s2,nca,nca / recipe 4aad7661ef / IDs0,liberties,4,2,25,2.0,1,2,572,0.6704858363665137,0.6328332769572707,0.2421875,31233,23331,7902
20261007T093507927137Z_5c7db797_s2,nca,nca / recipe 4aad7661ef / IDs0,liberties,4,2,25,4.0,1,4,1144,0.6858047159360658,0.6480691218373884,0.44921875,29781,22458,7323
20261007T093507927137Z_5c7db797_s2,nca,nca / recipe 4aad7661ef / IDs0,liberties,4,2,25,0.5,2,1,143,0.5941868439099014,0.5401700842856704,0.00390625,38465,27675,10790
20261007T093507927137Z_5c7db797_s2,nca,nca / recipe 4aad7661ef / IDs0,liberties,4,2,25,1.0,2,1,286,0.6412934536055283,0.5981912846328507,0.0234375,34000,24606,9394
20261007T093507927137Z_5c7db797_s2,nca,nca / recipe 4aad7661ef / IDs0,liberties,4,2,25,2.0,2,2,572,0.6674051801445376,0.6295039005399337,0.2109375,31525,23300,8225
20261007T093507927137Z_5c7db797_s2,nca,nca / recipe 4aad7661ef / IDs0,liberties,4,2,25,4.0,2,4,1144,0.6846019939863902,0.6469152005453467,0.4375,29895,22334,7561
20261007T093507927137Z_5c7db797_s2,nca,nca / recipe 4aad7661ef / IDs0,liberties,4,2,37,0.5,0,2,323,0.6039538258117872,0.5405438413461966,0.01953125,79974,56390,23584
20261007T093507927137Z_5c7db797_s2,nca,nca / recipe 4aad7661ef / IDs0,liberties,4,2,37,1.0,0,3,646,0.6433484705171568,0.5928927251658853,0.046875,72019,52629,19390
20261007T093507927137Z_5c7db797_s2,nca,nca / recipe 4aad7661ef / IDs0,liberties,4,2,37,2.0,0,6,1292,0.6669208789140845,0.6205844030224195,0.25390625,67259,49930,17329
20261007T093507927137Z_5c7db797_s2,nca,nca / recipe 4aad7661ef / IDs0,liberties,4,2,37,4.0,0,12,2584,0.6710856678766509,0.6244172305774489,0.40625,66418,50508,15910
20261007T093507927137Z_5c7db797_s2,nca,nca / recipe 4aad7661ef / IDs0,liberties,4,2,37,0.5,1,2,323,0.6022255126751217,0.5387374782709436,0.015625,80323,56177,24146
20261007T093507927137Z_5c7db797_s2,nca,nca / recipe 4aad7661ef / IDs0,liberties,4,2,37,1.0,1,3,646,0.6462950215667728,0.5950548940505923,0.0390625,71424,51891,19533
20261007T093507927137Z_5c7db797_s2,nca,nca / recipe 4aad7661ef / IDs0,liberties,4,2,37,2.0,1,6,1292,0.6673962888313335,0.6211434820958012,0.25390625,67163,49438,17725
20261007T093507927137Z_5c7db797_s2,nca,nca / recipe 4aad7661ef / IDs0,liberties,4,2,37,4.0,1,12,2584,0.6727446504003843,0.6266516836833411,0.40234375,66083,49775,16308
20261007T093507927137Z_5c7db797_s2,nca,nca / recipe 4aad7661ef / IDs0,liberties,4,2,37,0.5,2,2,323,0.6039785867449773,0.5406714036104728,0.015625,79969,56288,23681
20261007T093507927137Z_5c7db797_s2,nca,nca / recipe 4aad7661ef / IDs0,liberties,4,2,37,1.0,2,3,646,0.6422391807102427,0.5918102414361124,0.04296875,72243,52551,19692
20261007T093507927137Z_5c7db797_s2,nca,nca / recipe 4aad7661ef / IDs0,liberties,4,2,37,2.0,2,6,1292,0.6652668485769891,0.6199230970249363,0.234375,67593,50003,17590
20261007T093507927137Z_5c7db797_s2,nca,nca / recipe 4aad7661ef / IDs0,liberties,4,2,37,4.0,2,12,2584,0.6708826282244925,0.6257429174492503,0.40625,66459,49926,16533
